Hydraulic data input file for inSTREAM 4.5,Abigo site,,,,,,,,,,,,,,,,,,,,,,,,,,,,,,,,,,,,,,,,,,,,,,,,,,,
Created from Clear Creek River2D data,,,,8/24/2013 11:34,,,,,,,,,,,,,,,,,,,,,,,,,,,,,,,,,,,,,,,,,,,,,,,,
flows,1.42,,2.12,,2.83,,3.54,,4.25,,4.96,,5.66,,6.37,,7.08,,7.79,,8.5,,9.91,,11.33,,12.74,,14.16,,15.57,,16.99,,18.41,,19.82,,21.24,,22.65,,24.07,,25.5,,56.63,,141.6,,1416,
poly-id,depth@50,veloc@50,depth@075,veloc@075,depth@100,veloc@100,depth@125,veloc@125,depth@150,veloc@150,depth@175,veloc@175,depth@200,veloc@200,depth@225,veloc@225,depth@250,veloc@250,depth@275,veloc@275,depth@300,veloc@300,depth@350,veloc@350,depth@400,veloc@400,depth@450,veloc@450,depth@500,veloc@500,depth@550,veloc@550,depth@600,veloc@600,depth@650,veloc@650,depth@700,veloc@700,depth@750,veloc@750,depth@800,veloc@800,depth@850,veloc@850,depth@900,veloc@900,depth@2000,veloc@2000,depth@5000,veloc@5000,depth@50000,veloc@50000
1,0.038,0.010,0.073,0.018,0.109,0.021,0.145,0.034,0.180,0.041,0.217,0.063,0.254,0.081,0.290,0.101,0.324,0.121,0.355,0.138,0.393,0.150,0.451,0.195,0.505,0.284,0.556,0.361,0.601,0.411,0.649,0.469,0.691,0.521,0.731,0.561,0.768,0.604,0.806,0.639,0.840,0.684,0.873,0.725,0.902,0.763,1.472,1.168,2.492,1.820,8.905,5.287
2,0.390,0.099,0.475,0.145,0.543,0.181,0.599,0.229,0.649,0.267,0.694,0.309,0.735,0.342,0.772,0.373,0.807,0.404,0.838,0.434,0.876,0.461,0.934,0.531,0.989,0.623,1.041,0.722,1.086,0.784,1.134,0.823,1.176,0.851,1.216,0.880,1.252,0.913,1.291,0.943,1.325,0.985,1.358,1.021,1.388,1.056,1.956,1.448,2.977,1.993,9.421,5.320
3,0.944,0.195,1.029,0.258,1.096,0.312,1.153,0.363,1.203,0.408,1.248,0.459,1.289,0.499,1.325,0.538,1.360,0.576,1.391,0.614,1.429,0.647,1.487,0.724,1.542,0.808,1.593,0.890,1.639,0.943,1.685,0.975,1.727,1.002,1.768,1.028,1.804,1.060,1.843,1.091,1.876,1.134,1.910,1.170,1.940,1.207,2.505,1.630,3.525,2.138,9.954,5.415
4,0.186,0.018,0.229,0.025,0.266,0.033,0.298,0.044,0.327,0.062,0.354,0.083,0.381,0.100,0.407,0.107,0.431,0.120,0.454,0.134,0.483,0.148,0.527,0.178,0.571,0.210,0.615,0.244,0.653,0.292,0.697,0.351,0.736,0.435,0.773,0.572,0.809,0.709,0.848,0.813,0.881,0.860,0.913,0.896,0.942,0.932,1.487,1.543,2.473,2.277,8.549,6.022
5,1.023,0.180,1.108,0.244,1.175,0.302,1.232,0.355,1.281,0.404,1.326,0.460,1.367,0.504,1.403,0.548,1.438,0.589,1.469,0.629,1.507,0.664,1.565,0.731,1.619,0.788,1.670,0.839,1.715,0.888,1.761,0.934,1.803,0.969,1.843,0.996,1.879,1.030,1.918,1.064,1.951,1.108,1.984,1.147,2.014,1.186,2.577,1.665,3.594,2.195,9.983,5.530
6,0.797,0.144,0.881,0.198,0.949,0.248,1.005,0.295,1.054,0.337,1.099,0.385,1.139,0.424,1.176,0.462,1.210,0.500,1.241,0.537,1.278,0.569,1.336,0.629,1.390,0.679,1.441,0.724,1.485,0.782,1.531,0.847,1.572,0.898,1.612,0.942,1.648,0.981,1.686,1.016,1.719,1.061,1.752,1.099,1.781,1.139,2.341,1.622,3.355,2.179,9.704,5.535
7,1.115,0.165,1.200,0.227,1.268,0.283,1.325,0.334,1.375,0.383,1.420,0.439,1.461,0.483,1.498,0.526,1.532,0.568,1.564,0.607,1.601,0.641,1.660,0.707,1.715,0.760,1.766,0.805,1.813,0.855,1.858,0.896,1.900,0.930,1.941,0.956,1.977,0.990,2.016,1.024,2.049,1.070,2.082,1.110,2.112,1.150,2.675,1.639,3.686,2.194,10.016,5.612
8,0.516,0.102,0.601,0.148,0.669,0.193,0.725,0.232,0.775,0.271,0.820,0.314,0.861,0.348,0.897,0.382,0.932,0.414,0.963,0.446,1.001,0.475,1.058,0.532,1.112,0.581,1.163,0.626,1.207,0.687,1.253,0.769,1.294,0.848,1.334,0.934,1.370,0.999,1.409,1.038,1.442,1.082,1.475,1.119,1.504,1.157,2.063,1.620,3.071,2.211,9.310,5.742
9,0.200,0.025,0.278,0.037,0.345,0.063,0.401,0.083,0.451,0.114,0.496,0.138,0.537,0.163,0.574,0.194,0.608,0.214,0.639,0.233,0.677,0.255,0.735,0.301,0.789,0.349,0.839,0.394,0.884,0.446,0.928,0.505,0.969,0.572,1.009,0.668,1.045,0.749,1.083,0.798,1.117,0.837,1.150,0.870,1.179,0.904,1.743,1.371,2.760,2.034,8.973,5.666
10,0.014,0.002,0.036,0.016,0.076,0.022,0.111,0.024,0.145,0.031,0.178,0.048,0.211,0.058,0.244,0.069,0.275,0.091,0.304,0.111,0.340,0.128,0.397,0.162,0.449,0.220,0.499,0.295,0.545,0.357,0.588,0.396,0.629,0.432,0.669,0.483,0.705,0.526,0.743,0.558,0.776,0.589,0.809,0.617,0.838,0.646,1.400,1.170,2.428,1.892,8.899,4.958
11,0.151,0.030,0.206,0.054,0.253,0.079,0.298,0.108,0.341,0.146,0.380,0.186,0.418,0.223,0.452,0.269,0.485,0.309,0.515,0.346,0.552,0.387,0.609,0.472,0.663,0.541,0.714,0.585,0.759,0.646,0.802,0.711,0.842,0.780,0.881,0.870,0.916,0.944,0.953,0.991,0.986,1.033,1.018,1.069,1.047,1.105,1.602,1.568,2.616,2.156,8.973,5.462
12,0.367,0.077,0.448,0.115,0.514,0.153,0.568,0.203,0.617,0.253,0.661,0.314,0.701,0.351,0.736,0.383,0.770,0.427,0.800,0.481,0.837,0.524,0.894,0.597,0.948,0.659,0.998,0.711,1.042,0.777,1.086,0.841,1.126,0.899,1.165,0.958,1.200,1.010,1.238,1.051,1.270,1.096,1.303,1.133,1.332,1.172,1.889,1.649,2.917,2.158,9.471,5.179
13,0.008,0.005,0.024,0.014,0.046,0.016,0.072,0.036,0.104,0.048,0.138,0.072,0.171,0.104,0.204,0.146,0.234,0.186,0.264,0.226,0.300,0.349,0.356,0.487,0.408,0.598,0.458,0.666,0.502,0.742,0.544,0.811,0.584,0.876,0.622,0.944,0.656,1.006,0.693,1.052,0.725,1.099,0.757,1.138,0.785,1.179,1.338,1.670,2.364,2.176,8.942,5.097
14,0.227,0.031,0.306,0.065,0.372,0.109,0.428,0.134,0.477,0.170,0.520,0.211,0.560,0.243,0.595,0.275,0.629,0.299,0.660,0.316,0.697,0.332,0.755,0.401,0.809,0.465,0.860,0.514,0.905,0.573,0.949,0.626,0.990,0.680,1.030,0.747,1.065,0.806,1.103,0.849,1.136,0.889,1.169,0.923,1.198,0.957,1.758,1.423,2.787,1.986,9.350,4.923
15,0.166,0.048,0.227,0.063,0.277,0.074,0.319,0.098,0.357,0.139,0.401,0.187,0.442,0.217,0.479,0.239,0.513,0.261,0.545,0.283,0.582,0.304,0.641,0.345,0.697,0.416,0.750,0.467,0.794,0.515,0.842,0.568,0.885,0.604,0.926,0.634,0.964,0.666,1.003,0.694,1.038,0.730,1.073,0.762,1.103,0.794,1.672,1.203,2.698,1.801,9.219,5.123
16,0.006,0.007,0.022,0.007,0.039,0.010,0.056,0.013,0.082,0.018,0.118,0.039,0.154,0.044,0.188,0.052,0.221,0.066,0.251,0.082,0.288,0.098,0.346,0.125,0.400,0.180,0.451,0.219,0.494,0.258,0.541,0.318,0.583,0.368,0.624,0.408,0.661,0.448,0.700,0.481,0.734,0.524,0.768,0.564,0.798,0.599,1.366,1.093,2.395,1.755,8.922,5.124
17,0.774,0.201,0.858,0.274,0.924,0.335,0.980,0.394,1.029,0.450,1.073,0.511,1.112,0.558,1.148,0.604,1.181,0.647,1.211,0.688,1.248,0.723,1.304,0.799,1.356,0.879,1.405,0.958,1.448,1.027,1.492,1.069,1.532,1.108,1.570,1.143,1.605,1.179,1.643,1.212,1.675,1.257,1.707,1.294,1.736,1.332,2.294,1.742,3.321,2.189,9.842,5.241
18,0.160,0.007,0.204,0.016,0.245,0.015,0.279,0.020,0.309,0.039,0.337,0.073,0.369,0.092,0.401,0.113,0.431,0.133,0.458,0.158,0.492,0.206,0.547,0.254,0.599,0.280,0.648,0.301,0.693,0.321,0.734,0.331,0.774,0.346,0.812,0.361,0.846,0.376,0.883,0.390,0.915,0.410,0.946,0.429,0.974,0.447,1.525,1.081,2.553,1.846,9.084,5.081
19,0.662,0.067,0.745,0.095,0.811,0.122,0.866,0.161,0.915,0.226,0.959,0.302,0.998,0.355,1.034,0.398,1.067,0.438,1.098,0.476,1.135,0.513,1.191,0.574,1.243,0.631,1.292,0.691,1.336,0.746,1.378,0.778,1.418,0.813,1.456,0.847,1.490,0.881,1.528,0.911,1.560,0.952,1.592,0.987,1.620,1.022,2.174,1.488,3.204,2.030,9.748,5.127
20,0.747,0.229,0.831,0.305,0.898,0.371,0.953,0.432,1.002,0.486,1.046,0.547,1.086,0.597,1.122,0.644,1.155,0.690,1.186,0.734,1.223,0.769,1.280,0.843,1.333,0.907,1.383,0.965,1.426,1.022,1.471,1.071,1.512,1.108,1.551,1.138,1.586,1.172,1.624,1.207,1.657,1.252,1.689,1.290,1.718,1.330,2.276,1.799,3.297,2.283,9.764,5.457
21,0.936,0.213,1.020,0.285,1.087,0.348,1.143,0.406,1.192,0.457,1.236,0.513,1.276,0.560,1.311,0.605,1.345,0.648,1.375,0.690,1.412,0.723,1.469,0.794,1.522,0.860,1.572,0.920,1.616,0.982,1.660,1.031,1.700,1.071,1.739,1.106,1.775,1.142,1.812,1.177,1.845,1.222,1.877,1.258,1.906,1.297,2.464,1.753,3.488,2.226,9.979,5.318
22,0.775,0.221,0.859,0.299,0.925,0.367,0.980,0.428,1.028,0.479,1.072,0.536,1.111,0.584,1.147,0.632,1.180,0.676,1.210,0.717,1.247,0.751,1.303,0.821,1.355,0.883,1.405,0.941,1.448,1.008,1.491,1.058,1.530,1.103,1.569,1.142,1.603,1.181,1.640,1.218,1.672,1.264,1.704,1.302,1.733,1.342,2.285,1.818,3.312,2.272,9.881,5.228
23,0.969,0.219,1.052,0.297,1.119,0.363,1.174,0.423,1.223,0.471,1.267,0.525,1.307,0.570,1.343,0.617,1.376,0.660,1.407,0.700,1.444,0.733,1.500,0.804,1.554,0.873,1.603,0.940,1.648,1.007,1.690,1.051,1.730,1.093,1.769,1.129,1.804,1.166,1.841,1.201,1.874,1.246,1.906,1.282,1.935,1.321,2.490,1.774,3.519,2.212,10.078,5.170
24,0.952,0.193,1.036,0.260,1.102,0.319,1.157,0.374,1.206,0.422,1.250,0.475,1.289,0.519,1.324,0.563,1.358,0.604,1.388,0.641,1.425,0.672,1.482,0.736,1.535,0.792,1.584,0.843,1.628,0.909,1.671,0.964,1.711,1.013,1.749,1.058,1.784,1.101,1.821,1.138,1.853,1.183,1.886,1.219,1.914,1.258,2.467,1.732,3.494,2.202,10.066,5.134
25,0.952,0.191,1.035,0.262,1.102,0.325,1.157,0.383,1.206,0.433,1.250,0.488,1.289,0.534,1.325,0.580,1.358,0.622,1.389,0.660,1.426,0.692,1.483,0.758,1.536,0.822,1.586,0.885,1.631,0.950,1.673,0.992,1.713,1.034,1.751,1.073,1.786,1.110,1.824,1.143,1.856,1.186,1.889,1.220,1.918,1.256,2.472,1.717,3.502,2.164,10.121,5.046
26,1.071,0.172,1.154,0.241,1.221,0.301,1.276,0.356,1.325,0.402,1.369,0.453,1.409,0.497,1.445,0.541,1.478,0.581,1.509,0.618,1.546,0.650,1.603,0.713,1.656,0.771,1.706,0.826,1.751,0.889,1.794,0.936,1.834,0.981,1.872,1.021,1.907,1.058,1.945,1.093,1.977,1.135,2.010,1.170,2.039,1.206,2.596,1.676,3.627,2.137,10.236,5.032
27,0.957,0.165,1.041,0.226,1.107,0.280,1.163,0.332,1.212,0.383,1.255,0.442,1.295,0.489,1.330,0.534,1.364,0.574,1.394,0.611,1.432,0.642,1.489,0.705,1.542,0.767,1.592,0.828,1.637,0.887,1.679,0.921,1.720,0.958,1.758,0.995,1.793,1.030,1.830,1.061,1.863,1.100,1.896,1.133,1.925,1.166,2.478,1.601,3.506,2.082,10.108,5.039
28,0.939,0.188,1.023,0.256,1.090,0.317,1.145,0.373,1.194,0.423,1.238,0.479,1.278,0.524,1.314,0.568,1.347,0.609,1.378,0.646,1.415,0.677,1.472,0.742,1.526,0.808,1.575,0.874,1.621,0.939,1.663,0.976,1.703,1.016,1.741,1.053,1.776,1.089,1.814,1.120,1.846,1.162,1.879,1.196,1.908,1.232,2.462,1.673,3.492,2.126,10.080,5.074
29,0.784,0.109,0.867,0.151,0.934,0.190,0.989,0.229,1.038,0.275,1.082,0.331,1.122,0.376,1.157,0.418,1.191,0.455,1.221,0.491,1.259,0.526,1.316,0.588,1.370,0.643,1.420,0.699,1.465,0.750,1.507,0.778,1.548,0.811,1.586,0.844,1.621,0.877,1.659,0.904,1.692,0.940,1.724,0.970,1.754,1.001,2.306,1.413,3.334,1.958,9.926,5.016
30,0.478,0.058,0.562,0.088,0.628,0.114,0.684,0.143,0.733,0.181,0.777,0.230,0.816,0.271,0.852,0.310,0.885,0.349,0.916,0.390,0.953,0.435,1.010,0.507,1.064,0.561,1.114,0.612,1.160,0.657,1.202,0.682,1.243,0.713,1.281,0.743,1.316,0.772,1.354,0.796,1.387,0.829,1.420,0.857,1.449,0.885,2.002,1.282,3.030,1.884,9.628,5.005
31,0.050,0.014,0.092,0.017,0.132,0.023,0.174,0.032,0.213,0.035,0.249,0.044,0.282,0.055,0.311,0.079,0.339,0.123,0.367,0.174,0.402,0.234,0.458,0.322,0.511,0.389,0.561,0.451,0.607,0.494,0.649,0.529,0.690,0.567,0.729,0.597,0.764,0.627,0.801,0.650,0.834,0.685,0.867,0.714,0.896,0.741,1.449,1.120,2.477,1.791,9.078,4.988
32,1.045,0.152,1.128,0.212,1.195,0.266,1.250,0.316,1.299,0.365,1.343,0.421,1.382,0.467,1.418,0.511,1.451,0.551,1.482,0.588,1.519,0.620,1.575,0.686,1.629,0.748,1.678,0.807,1.722,0.868,1.765,0.910,1.805,0.952,1.843,0.989,1.878,1.024,1.915,1.056,1.948,1.097,1.980,1.129,2.009,1.163,2.561,1.614,3.587,2.100,10.186,5.044
33,1.035,0.136,1.118,0.186,1.185,0.233,1.240,0.277,1.289,0.315,1.333,0.357,1.373,0.392,1.408,0.425,1.442,0.459,1.472,0.494,1.509,0.523,1.566,0.583,1.620,0.639,1.670,0.690,1.714,0.752,1.757,0.807,1.796,0.860,1.834,0.912,1.869,0.955,1.907,0.990,1.940,1.031,1.973,1.064,2.002,1.098,2.562,1.565,3.597,2.049,10.282,4.825
34,1.346,0.146,1.429,0.203,1.496,0.254,1.551,0.302,1.600,0.345,1.643,0.392,1.683,0.430,1.718,0.467,1.752,0.503,1.782,0.539,1.819,0.572,1.875,0.637,1.928,0.697,1.977,0.754,2.020,0.816,2.063,0.867,2.102,0.916,2.139,0.963,2.173,1.006,2.210,1.043,2.242,1.086,2.275,1.121,2.303,1.157,2.848,1.662,3.864,2.188,10.372,5.242
35,1.076,0.111,1.159,0.159,1.225,0.208,1.281,0.258,1.329,0.310,1.373,0.370,1.412,0.419,1.448,0.466,1.481,0.509,1.511,0.551,1.548,0.589,1.603,0.662,1.656,0.729,1.705,0.794,1.747,0.854,1.789,0.901,1.828,0.950,1.865,0.994,1.899,1.030,1.936,1.062,1.968,1.103,2.000,1.136,2.029,1.169,2.572,1.630,3.588,2.163,10.095,5.277
36,0.770,0.090,0.854,0.117,0.920,0.146,0.976,0.178,1.025,0.208,1.068,0.243,1.108,0.268,1.143,0.289,1.177,0.317,1.207,0.349,1.245,0.376,1.302,0.441,1.355,0.504,1.405,0.558,1.449,0.621,1.492,0.680,1.532,0.737,1.569,0.796,1.604,0.847,1.642,0.887,1.675,0.928,1.708,0.962,1.738,0.997,2.299,1.471,3.335,1.986,10.031,4.742
37,0.547,0.030,0.630,0.044,0.697,0.055,0.752,0.063,0.801,0.075,0.845,0.100,0.884,0.119,0.920,0.137,0.953,0.160,0.984,0.183,1.021,0.208,1.078,0.280,1.132,0.353,1.182,0.415,1.225,0.479,1.269,0.544,1.308,0.607,1.345,0.676,1.380,0.734,1.418,0.779,1.451,0.821,1.485,0.854,1.515,0.887,2.082,1.342,3.123,1.885,9.836,4.621
38,0.230,0.016,0.302,0.023,0.364,0.035,0.418,0.041,0.466,0.049,0.510,0.065,0.550,0.079,0.585,0.085,0.618,0.100,0.649,0.120,0.686,0.147,0.743,0.199,0.796,0.249,0.846,0.304,0.889,0.350,0.932,0.401,0.970,0.428,1.006,0.467,1.041,0.525,1.079,0.583,1.112,0.636,1.145,0.691,1.175,0.744,1.745,1.282,2.790,1.849,9.553,4.497
39,0.959,0.073,1.043,0.100,1.110,0.125,1.165,0.150,1.214,0.173,1.258,0.200,1.298,0.219,1.334,0.237,1.367,0.259,1.398,0.283,1.435,0.307,1.491,0.362,1.545,0.414,1.595,0.462,1.639,0.515,1.683,0.566,1.723,0.610,1.761,0.657,1.796,0.702,1.834,0.742,1.867,0.782,1.899,0.818,1.929,0.855,2.486,1.370,3.522,1.925,10.259,4.624
40,0.263,0.020,0.336,0.035,0.400,0.044,0.455,0.051,0.504,0.061,0.548,0.072,0.587,0.080,0.623,0.087,0.656,0.099,0.687,0.113,0.724,0.128,0.781,0.172,0.834,0.226,0.884,0.276,0.928,0.326,0.972,0.374,1.012,0.404,1.051,0.440,1.086,0.489,1.124,0.535,1.157,0.579,1.189,0.622,1.219,0.664,1.779,1.243,2.819,1.849,9.610,4.466
41,0.185,0.023,0.262,0.047,0.328,0.061,0.383,0.073,0.431,0.087,0.475,0.105,0.515,0.128,0.551,0.162,0.584,0.185,0.615,0.204,0.652,0.222,0.708,0.263,0.762,0.309,0.811,0.351,0.856,0.403,0.898,0.449,0.938,0.490,0.976,0.535,1.010,0.579,1.048,0.619,1.080,0.658,1.112,0.694,1.142,0.729,1.692,1.304,2.722,1.958,9.438,4.788
42,0.783,0.078,0.867,0.112,0.934,0.143,0.989,0.172,1.038,0.197,1.082,0.224,1.122,0.244,1.157,0.263,1.191,0.286,1.221,0.311,1.259,0.334,1.315,0.386,1.369,0.437,1.418,0.485,1.462,0.541,1.505,0.592,1.545,0.638,1.583,0.686,1.618,0.733,1.655,0.773,1.688,0.815,1.720,0.851,1.749,0.887,2.301,1.434,3.331,2.025,10.017,4.885
43,0.001,0.000,0.007,0.004,0.023,0.010,0.042,0.008,0.067,0.015,0.092,0.018,0.119,0.021,0.149,0.033,0.180,0.039,0.208,0.044,0.244,0.050,0.300,0.071,0.353,0.092,0.403,0.129,0.446,0.179,0.490,0.226,0.529,0.258,0.566,0.291,0.601,0.329,0.639,0.366,0.672,0.399,0.705,0.434,0.734,0.472,1.296,1.143,2.338,1.811,9.136,4.422
44,0.004,0.002,0.011,0.002,0.017,0.002,0.040,0.008,0.065,0.010,0.089,0.009,0.115,0.019,0.151,0.032,0.184,0.042,0.214,0.043,0.250,0.045,0.305,0.050,0.356,0.064,0.404,0.104,0.448,0.192,0.489,0.225,0.528,0.256,0.565,0.293,0.599,0.334,0.635,0.382,0.667,0.429,0.699,0.471,0.727,0.517,1.265,1.185,2.263,2.059,8.388,5.896
45,0.100,0.015,0.156,0.018,0.205,0.028,0.254,0.033,0.299,0.039,0.340,0.047,0.379,0.071,0.415,0.110,0.448,0.139,0.478,0.154,0.515,0.169,0.571,0.201,0.623,0.236,0.672,0.278,0.716,0.333,0.758,0.373,0.796,0.411,0.833,0.454,0.867,0.498,0.903,0.544,0.935,0.589,0.966,0.629,0.995,0.669,1.530,1.297,2.527,2.107,8.702,5.834
46,0.444,0.063,0.527,0.109,0.593,0.154,0.648,0.189,0.697,0.219,0.740,0.252,0.779,0.278,0.815,0.304,0.848,0.330,0.878,0.358,0.915,0.384,0.970,0.438,1.022,0.492,1.071,0.542,1.114,0.599,1.156,0.653,1.194,0.703,1.230,0.756,1.263,0.807,1.299,0.852,1.330,0.898,1.361,0.938,1.389,0.977,1.919,1.571,2.919,2.240,9.313,5.523
47,0.886,0.103,0.970,0.146,1.036,0.187,1.091,0.224,1.140,0.257,1.183,0.293,1.222,0.320,1.258,0.347,1.291,0.375,1.321,0.405,1.358,0.432,1.414,0.488,1.466,0.543,1.515,0.595,1.558,0.655,1.599,0.708,1.638,0.758,1.674,0.810,1.708,0.859,1.744,0.902,1.775,0.947,1.806,0.986,1.834,1.024,2.365,1.607,3.363,2.259,9.651,5.683
48,0.436,0.014,0.520,0.021,0.586,0.031,0.641,0.039,0.690,0.049,0.734,0.066,0.773,0.083,0.809,0.103,0.843,0.122,0.873,0.140,0.910,0.159,0.966,0.202,1.019,0.251,1.068,0.300,1.111,0.352,1.154,0.394,1.193,0.433,1.230,0.474,1.264,0.515,1.301,0.555,1.332,0.594,1.364,0.630,1.393,0.667,1.930,1.270,2.917,2.105,8.749,6.339
49,1.200,0.051,1.283,0.079,1.349,0.110,1.405,0.136,1.453,0.161,1.497,0.188,1.537,0.210,1.572,0.234,1.606,0.257,1.636,0.281,1.673,0.303,1.730,0.348,1.783,0.392,1.832,0.436,1.875,0.490,1.918,0.536,1.957,0.580,1.994,0.625,2.028,0.668,2.065,0.707,2.097,0.747,2.129,0.782,2.157,0.819,2.696,1.394,3.688,2.141,9.619,6.205
50,1.487,0.135,1.571,0.188,1.637,0.236,1.692,0.279,1.741,0.318,1.784,0.360,1.823,0.391,1.859,0.421,1.892,0.452,1.922,0.484,1.959,0.514,2.015,0.575,2.067,0.633,2.116,0.687,2.159,0.748,2.201,0.802,2.240,0.852,2.276,0.903,2.310,0.951,2.346,0.992,2.377,1.038,2.409,1.076,2.437,1.114,2.969,1.675,3.963,2.290,10.164,5.802
51,1.837,0.100,1.921,0.142,1.987,0.182,2.042,0.219,2.091,0.254,2.135,0.292,2.174,0.322,2.210,0.353,2.243,0.382,2.274,0.412,2.310,0.439,2.367,0.494,2.420,0.543,2.469,0.588,2.513,0.642,2.555,0.689,2.594,0.734,2.631,0.779,2.665,0.822,2.701,0.862,2.733,0.905,2.764,0.942,2.792,0.979,3.325,1.531,4.303,2.239,10.049,6.463
52,0.440,0.020,0.505,0.032,0.558,0.054,0.603,0.085,0.643,0.130,0.678,0.188,0.711,0.246,0.739,0.302,0.766,0.349,0.797,0.393,0.833,0.423,0.889,0.486,0.941,0.549,0.989,0.629,1.031,0.701,1.073,0.752,1.111,0.797,1.149,0.836,1.184,0.875,1.221,0.909,1.253,0.952,1.285,0.988,1.314,1.023,1.857,1.475,2.873,2.067,9.398,5.256
53,0.922,0.068,1.006,0.100,1.072,0.133,1.127,0.173,1.175,0.221,1.218,0.278,1.257,0.331,1.293,0.381,1.326,0.424,1.356,0.462,1.392,0.496,1.448,0.561,1.500,0.624,1.548,0.684,1.590,0.742,1.632,0.788,1.670,0.831,1.706,0.875,1.739,0.917,1.775,0.954,1.806,0.998,1.837,1.035,1.865,1.072,2.396,1.584,3.393,2.206,9.663,5.715
54,0.429,0.019,0.512,0.026,0.578,0.039,0.633,0.060,0.681,0.090,0.724,0.128,0.763,0.168,0.799,0.211,0.832,0.250,0.862,0.280,0.898,0.303,0.954,0.358,1.006,0.413,1.054,0.464,1.097,0.511,1.138,0.550,1.177,0.585,1.213,0.613,1.245,0.643,1.281,0.674,1.312,0.712,1.343,0.746,1.370,0.781,1.895,1.339,2.880,2.093,8.977,5.939
55,0.058,0.007,0.098,0.009,0.139,0.014,0.178,0.014,0.214,0.017,0.249,0.024,0.283,0.030,0.314,0.043,0.344,0.060,0.371,0.073,0.405,0.088,0.460,0.121,0.511,0.161,0.559,0.197,0.601,0.232,0.643,0.261,0.681,0.283,0.716,0.296,0.749,0.309,0.785,0.330,0.816,0.358,0.847,0.390,0.874,0.424,1.399,1.040,2.379,1.937,8.420,5.980
56,0.044,0.004,0.072,0.008,0.109,0.010,0.149,0.009,0.185,0.010,0.217,0.014,0.250,0.021,0.280,0.032,0.314,0.041,0.344,0.049,0.381,0.048,0.437,0.052,0.489,0.071,0.538,0.081,0.582,0.089,0.624,0.095,0.663,0.104,0.700,0.115,0.734,0.125,0.770,0.133,0.802,0.139,0.833,0.146,0.861,0.154,1.392,0.414,2.364,1.299,7.989,6.483
57,0.438,0.006,0.520,0.011,0.586,0.019,0.641,0.030,0.690,0.046,0.734,0.067,0.773,0.089,0.809,0.107,0.842,0.125,0.872,0.141,0.909,0.157,0.965,0.193,1.018,0.233,1.068,0.269,1.111,0.301,1.153,0.327,1.192,0.351,1.229,0.374,1.263,0.394,1.299,0.413,1.331,0.436,1.362,0.458,1.390,0.482,1.919,0.923,2.893,1.758,8.605,6.411
58,0.884,0.031,0.968,0.050,1.034,0.069,1.089,0.088,1.138,0.110,1.182,0.139,1.221,0.166,1.257,0.191,1.290,0.213,1.321,0.232,1.358,0.253,1.414,0.295,1.467,0.335,1.516,0.374,1.559,0.406,1.602,0.428,1.641,0.450,1.677,0.466,1.711,0.488,1.748,0.509,1.779,0.536,1.811,0.561,1.839,0.589,2.369,1.049,3.338,1.815,9.048,6.384
59,1.518,0.089,1.601,0.125,1.668,0.159,1.723,0.191,1.772,0.225,1.816,0.264,1.855,0.297,1.891,0.329,1.924,0.360,1.954,0.388,1.991,0.415,2.047,0.469,2.100,0.519,2.150,0.564,2.193,0.611,2.235,0.649,2.274,0.684,2.311,0.718,2.345,0.752,2.382,0.782,2.413,0.818,2.445,0.850,2.473,0.882,3.004,1.371,3.978,2.068,9.747,6.391
60,0.437,0.007,0.516,0.017,0.582,0.028,0.637,0.035,0.686,0.045,0.730,0.059,0.770,0.073,0.805,0.085,0.839,0.093,0.869,0.099,0.906,0.109,0.962,0.130,1.015,0.148,1.065,0.175,1.108,0.190,1.151,0.186,1.189,0.191,1.226,0.187,1.261,0.200,1.297,0.213,1.329,0.227,1.361,0.246,1.389,0.266,1.921,0.708,2.884,1.508,8.500,6.404
61,0.017,0.001,0.037,0.011,0.082,0.009,0.119,0.009,0.152,0.009,0.186,0.019,0.223,0.018,0.256,0.043,0.288,0.050,0.316,0.062,0.351,0.073,0.406,0.086,0.458,0.132,0.508,0.135,0.551,0.151,0.593,0.186,0.632,0.181,0.669,0.198,0.704,0.180,0.741,0.165,0.772,0.144,0.804,0.145,0.832,0.149,1.363,0.622,2.326,1.416,7.926,6.429
62,1.966,0.078,2.050,0.110,2.117,0.140,2.172,0.169,2.221,0.198,2.265,0.230,2.305,0.257,2.340,0.284,2.374,0.310,2.404,0.336,2.441,0.359,2.498,0.405,2.552,0.450,2.602,0.490,2.645,0.534,2.688,0.575,2.727,0.614,2.764,0.654,2.798,0.690,2.834,0.723,2.866,0.759,2.897,0.791,2.926,0.821,3.460,1.314,4.431,2.027,10.209,6.275
63,2.439,0.056,2.523,0.081,2.589,0.105,2.645,0.129,2.694,0.151,2.738,0.175,2.778,0.194,2.814,0.214,2.847,0.233,2.878,0.253,2.915,0.271,2.972,0.307,3.026,0.342,3.077,0.375,3.121,0.414,3.164,0.453,3.204,0.495,3.241,0.537,3.275,0.580,3.311,0.623,3.343,0.668,3.374,0.707,3.402,0.744,3.939,1.247,4.921,1.961,10.812,6.004
64,0.608,0.038,0.692,0.056,0.758,0.077,0.813,0.097,0.862,0.114,0.906,0.133,0.945,0.148,0.981,0.165,1.014,0.181,1.045,0.198,1.081,0.214,1.138,0.251,1.191,0.296,1.241,0.355,1.284,0.411,1.327,0.454,1.366,0.494,1.403,0.534,1.436,0.573,1.473,0.610,1.504,0.647,1.536,0.681,1.564,0.714,2.097,1.283,3.074,2.117,8.744,6.438
65,0.176,0.002,0.225,0.001,0.265,0.004,0.306,0.006,0.347,0.004,0.384,0.004,0.417,0.004,0.447,0.006,0.475,0.007,0.500,0.011,0.531,0.017,0.579,0.041,0.624,0.099,0.666,0.191,0.706,0.255,0.749,0.286,0.788,0.313,0.825,0.340,0.858,0.367,0.895,0.394,0.926,0.421,0.958,0.446,0.986,0.471,1.521,1.084,2.497,2.038,8.138,6.389
66,0.203,0.007,0.270,0.003,0.323,0.003,0.369,0.005,0.412,0.005,0.451,0.006,0.486,0.006,0.518,0.007,0.548,0.007,0.575,0.008,0.607,0.009,0.658,0.013,0.705,0.044,0.751,0.155,0.794,0.233,0.837,0.266,0.876,0.295,0.913,0.323,0.947,0.348,0.983,0.373,1.015,0.398,1.047,0.421,1.075,0.444,1.609,1.032,2.590,1.964,8.293,6.242
67,1.774,0.046,1.858,0.066,1.925,0.087,1.980,0.108,2.029,0.127,2.073,0.147,2.113,0.163,2.148,0.180,2.182,0.197,2.212,0.216,2.249,0.233,2.306,0.266,2.359,0.298,2.409,0.336,2.453,0.382,2.496,0.424,2.535,0.465,2.572,0.506,2.606,0.542,2.642,0.578,2.674,0.613,2.706,0.645,2.734,0.675,3.266,1.206,4.246,1.996,10.123,5.989
68,0.519,0.026,0.603,0.037,0.669,0.049,0.725,0.063,0.774,0.076,0.818,0.089,0.857,0.100,0.893,0.112,0.927,0.124,0.957,0.137,0.994,0.149,1.051,0.174,1.104,0.199,1.154,0.246,1.198,0.298,1.241,0.337,1.280,0.374,1.317,0.412,1.351,0.444,1.388,0.477,1.420,0.508,1.451,0.538,1.479,0.565,2.014,1.102,2.999,1.950,8.871,5.958
69,0.146,0.015,0.200,0.012,0.247,0.014,0.289,0.019,0.332,0.025,0.370,0.024,0.405,0.027,0.438,0.027,0.468,0.028,0.496,0.030,0.530,0.035,0.582,0.055,0.632,0.078,0.682,0.126,0.726,0.172,0.769,0.200,0.808,0.226,0.845,0.254,0.879,0.277,0.916,0.300,0.948,0.322,0.980,0.345,1.008,0.364,1.542,0.896,2.531,1.810,8.549,5.706
70,2.357,0.048,2.440,0.070,2.507,0.092,2.563,0.113,2.612,0.133,2.656,0.153,2.695,0.170,2.731,0.186,2.765,0.204,2.796,0.222,2.833,0.238,2.890,0.270,2.944,0.303,2.994,0.337,3.038,0.379,3.081,0.421,3.120,0.464,3.158,0.510,3.192,0.551,3.228,0.592,3.260,0.631,3.292,0.667,3.320,0.699,3.858,1.209,4.843,1.967,10.881,5.776
71,1.961,0.038,2.045,0.056,2.111,0.075,2.167,0.093,2.216,0.110,2.260,0.127,2.300,0.141,2.336,0.155,2.369,0.170,2.400,0.186,2.437,0.201,2.494,0.230,2.548,0.258,2.598,0.290,2.642,0.328,2.686,0.368,2.725,0.408,2.762,0.451,2.796,0.490,2.833,0.529,2.864,0.567,2.896,0.601,2.924,0.631,3.463,1.123,4.449,1.894,10.521,5.678
72,1.050,0.026,1.134,0.038,1.200,0.051,1.256,0.065,1.305,0.077,1.349,0.090,1.389,0.100,1.424,0.112,1.458,0.125,1.489,0.141,1.526,0.158,1.583,0.191,1.637,0.217,1.687,0.245,1.731,0.281,1.774,0.317,1.813,0.353,1.851,0.392,1.885,0.427,1.921,0.462,1.953,0.495,1.985,0.525,2.013,0.552,2.551,1.030,3.536,1.822,9.627,5.607
73,0.276,0.008,0.342,0.006,0.394,0.006,0.437,0.007,0.476,0.009,0.510,0.011,0.541,0.015,0.569,0.021,0.596,0.029,0.620,0.042,0.649,0.066,0.698,0.112,0.752,0.132,0.803,0.149,0.847,0.170,0.890,0.192,0.929,0.214,0.966,0.238,1.000,0.261,1.037,0.283,1.069,0.305,1.100,0.325,1.129,0.343,1.668,0.839,2.655,1.648,8.775,5.471
74,1.790,0.030,1.873,0.045,1.940,0.060,1.995,0.075,2.045,0.088,2.089,0.103,2.128,0.115,2.165,0.127,2.198,0.140,2.229,0.155,2.266,0.170,2.324,0.199,2.378,0.224,2.428,0.249,2.473,0.280,2.516,0.314,2.556,0.350,2.593,0.387,2.627,0.428,2.664,0.468,2.696,0.510,2.728,0.546,2.756,0.579,3.299,1.044,4.289,1.773,10.378,5.643
75,0.714,0.015,0.798,0.021,0.864,0.028,0.920,0.035,0.969,0.040,1.013,0.047,1.053,0.053,1.089,0.060,1.123,0.071,1.153,0.089,1.191,0.116,1.248,0.150,1.302,0.170,1.352,0.191,1.397,0.216,1.440,0.244,1.480,0.274,1.518,0.306,1.552,0.341,1.589,0.377,1.620,0.414,1.652,0.446,1.681,0.476,2.225,0.923,3.217,1.638,9.350,5.541
76,0.096,0.013,0.143,0.017,0.188,0.033,0.232,0.025,0.274,0.022,0.313,0.023,0.348,0.024,0.380,0.022,0.410,0.022,0.438,0.025,0.472,0.042,0.529,0.086,0.583,0.099,0.634,0.111,0.678,0.126,0.722,0.143,0.761,0.165,0.799,0.187,0.833,0.212,0.870,0.237,0.902,0.262,0.934,0.283,0.963,0.305,1.509,0.743,2.503,1.456,8.759,5.262
77,0.189,0.002,0.239,0.005,0.281,0.005,0.316,0.005,0.347,0.005,0.375,0.006,0.400,0.007,0.423,0.010,0.445,0.016,0.464,0.029,0.491,0.070,0.549,0.087,0.603,0.098,0.654,0.109,0.698,0.122,0.742,0.137,0.781,0.155,0.819,0.173,0.853,0.196,0.890,0.220,0.921,0.246,0.952,0.270,0.980,0.293,1.523,0.854,2.512,1.541,8.434,5.926
78,0.146,0.008,0.197,0.007,0.241,0.007,0.279,0.006,0.314,0.007,0.346,0.006,0.375,0.007,0.403,0.011,0.430,0.017,0.454,0.027,0.484,0.050,0.539,0.082,0.593,0.094,0.644,0.104,0.688,0.118,0.732,0.136,0.772,0.156,0.809,0.181,0.844,0.204,0.881,0.226,0.912,0.251,0.944,0.279,0.972,0.301,1.514,0.788,2.507,1.485,8.507,5.624
79,2.306,0.032,2.390,0.048,2.457,0.064,2.512,0.080,2.561,0.095,2.606,0.111,2.645,0.124,2.681,0.137,2.715,0.151,2.746,0.166,2.783,0.182,2.841,0.210,2.895,0.236,2.945,0.261,2.990,0.290,3.034,0.323,3.073,0.359,3.111,0.395,3.145,0.436,3.182,0.480,3.213,0.528,3.244,0.572,3.272,0.609,3.812,1.099,4.798,1.799,10.653,6.004
80,2.355,0.024,2.439,0.036,2.506,0.048,2.561,0.060,2.610,0.071,2.655,0.083,2.695,0.093,2.731,0.103,2.765,0.115,2.795,0.128,2.833,0.143,2.890,0.168,2.944,0.190,2.995,0.213,3.040,0.238,3.083,0.264,3.123,0.294,3.161,0.322,3.196,0.354,3.233,0.390,3.265,0.428,3.296,0.466,3.325,0.494,3.867,0.957,4.859,1.619,10.882,5.545
81,1.366,0.023,1.450,0.035,1.516,0.047,1.572,0.059,1.621,0.069,1.665,0.081,1.705,0.090,1.741,0.101,1.775,0.113,1.806,0.129,1.843,0.149,1.900,0.178,1.954,0.200,2.005,0.223,2.050,0.250,2.093,0.279,2.133,0.312,2.171,0.345,2.205,0.383,2.241,0.424,2.273,0.469,2.304,0.510,2.332,0.544,2.872,1.028,3.859,1.722,9.738,5.944
82,0.563,0.007,0.647,0.010,0.713,0.013,0.769,0.016,0.818,0.019,0.862,0.023,0.902,0.027,0.938,0.034,0.972,0.046,1.002,0.065,1.040,0.102,1.097,0.137,1.151,0.156,1.202,0.175,1.247,0.197,1.290,0.222,1.330,0.252,1.368,0.280,1.402,0.313,1.439,0.349,1.470,0.388,1.501,0.425,1.529,0.455,2.070,0.935,3.059,1.623,8.941,5.927
83,2.588,0.047,2.672,0.068,2.738,0.088,2.794,0.108,2.843,0.127,2.887,0.148,2.927,0.166,2.963,0.183,2.997,0.200,3.028,0.217,3.065,0.232,3.122,0.263,3.176,0.293,3.227,0.321,3.272,0.352,3.315,0.382,3.355,0.413,3.393,0.444,3.427,0.478,3.463,0.512,3.495,0.551,3.526,0.588,3.554,0.618,4.091,1.076,5.071,1.771,10.921,5.938
84,2.472,0.048,2.556,0.070,2.622,0.090,2.678,0.110,2.727,0.129,2.771,0.150,2.811,0.168,2.847,0.185,2.881,0.201,2.911,0.218,2.949,0.232,3.006,0.262,3.060,0.290,3.111,0.318,3.155,0.348,3.199,0.376,3.239,0.405,3.276,0.433,3.311,0.462,3.347,0.492,3.379,0.524,3.411,0.554,3.439,0.580,3.975,1.039,4.947,1.762,10.848,5.817
85,2.202,0.024,2.286,0.036,2.352,0.049,2.408,0.061,2.457,0.073,2.501,0.087,2.541,0.099,2.577,0.111,2.611,0.124,2.641,0.138,2.679,0.154,2.736,0.184,2.790,0.212,2.841,0.239,2.886,0.266,2.929,0.294,2.969,0.323,3.007,0.352,3.041,0.383,3.078,0.415,3.110,0.450,3.142,0.483,3.170,0.509,3.710,0.986,4.693,1.703,10.717,5.697
86,1.136,0.004,1.219,0.006,1.285,0.009,1.341,0.013,1.390,0.018,1.434,0.024,1.473,0.031,1.509,0.038,1.543,0.048,1.574,0.060,1.611,0.078,1.668,0.116,1.722,0.153,1.773,0.186,1.817,0.215,1.861,0.240,1.901,0.265,1.939,0.290,1.973,0.316,2.010,0.344,2.042,0.374,2.074,0.403,2.102,0.430,2.645,0.886,3.637,1.597,9.817,5.490
87,0.304,0.003,0.353,0.003,0.392,0.003,0.425,0.003,0.454,0.003,0.480,0.005,0.504,0.007,0.525,0.009,0.545,0.013,0.563,0.018,0.585,0.027,0.619,0.049,0.651,0.078,0.681,0.109,0.708,0.136,0.750,0.158,0.790,0.172,0.828,0.185,0.862,0.199,0.899,0.216,0.931,0.235,0.963,0.262,0.991,0.314,1.533,0.837,2.522,1.577,8.685,5.520
88,0.169,0.009,0.219,0.005,0.261,0.013,0.299,0.020,0.336,0.014,0.368,0.014,0.398,0.015,0.425,0.021,0.452,0.029,0.478,0.041,0.511,0.047,0.562,0.067,0.616,0.094,0.666,0.132,0.711,0.182,0.754,0.213,0.793,0.232,0.830,0.249,0.864,0.269,0.901,0.293,0.932,0.321,0.963,0.352,0.991,0.372,1.516,0.910,2.473,1.736,8.286,5.993
89,0.911,0.012,0.995,0.016,1.062,0.024,1.117,0.032,1.166,0.039,1.210,0.049,1.250,0.058,1.286,0.068,1.320,0.080,1.351,0.094,1.388,0.110,1.445,0.142,1.499,0.176,1.550,0.211,1.594,0.248,1.637,0.278,1.677,0.304,1.715,0.330,1.749,0.357,1.785,0.385,1.817,0.414,1.848,0.442,1.877,0.473,2.410,0.965,3.381,1.717,9.233,5.957
90,0.815,0.009,0.899,0.012,0.965,0.019,1.021,0.026,1.070,0.033,1.114,0.040,1.154,0.046,1.190,0.053,1.224,0.062,1.254,0.070,1.292,0.080,1.349,0.098,1.403,0.117,1.454,0.134,1.499,0.155,1.543,0.173,1.582,0.188,1.620,0.202,1.655,0.217,1.692,0.230,1.724,0.244,1.755,0.254,1.784,0.285,2.328,0.630,3.312,1.389,9.104,6.006
91,0.276,0.012,0.333,0.010,0.385,0.011,0.432,0.011,0.477,0.011,0.519,0.011,0.558,0.011,0.593,0.009,0.627,0.011,0.657,0.015,0.694,0.018,0.751,0.024,0.804,0.030,0.854,0.036,0.898,0.046,0.942,0.053,0.981,0.056,1.019,0.060,1.053,0.064,1.090,0.069,1.121,0.074,1.153,0.078,1.182,0.087,1.722,0.332,2.697,1.212,8.303,6.048
92,1.230,0.016,1.314,0.024,1.381,0.035,1.436,0.046,1.485,0.057,1.530,0.069,1.569,0.079,1.605,0.090,1.639,0.101,1.670,0.112,1.707,0.124,1.765,0.150,1.819,0.177,1.870,0.204,1.915,0.230,1.959,0.255,1.999,0.279,2.037,0.305,2.071,0.330,2.108,0.356,2.140,0.384,2.172,0.409,2.202,0.432,2.747,0.876,3.740,1.602,9.692,5.914
93,0.324,0.007,0.374,0.015,0.423,0.031,0.467,0.038,0.506,0.047,0.543,0.060,0.577,0.076,0.609,0.103,0.640,0.133,0.670,0.158,0.706,0.170,0.762,0.207,0.815,0.236,0.865,0.312,0.909,0.315,0.952,0.336,0.992,0.359,1.029,0.384,1.063,0.410,1.100,0.434,1.131,0.461,1.163,0.484,1.191,0.512,1.720,0.965,2.676,1.741,8.356,6.361
94,0.067,0.020,0.111,0.021,0.152,0.023,0.190,0.028,0.229,0.031,0.268,0.039,0.304,0.044,0.339,0.045,0.372,0.049,0.402,0.050,0.439,0.052,0.495,0.059,0.548,0.069,0.598,0.078,0.642,0.090,0.685,0.098,0.725,0.106,0.762,0.114,0.796,0.123,0.833,0.133,0.864,0.145,0.896,0.159,0.924,0.183,1.453,0.706,2.418,1.520,8.162,6.107
95,0.450,0.020,0.533,0.028,0.600,0.041,0.655,0.056,0.704,0.069,0.748,0.082,0.788,0.093,0.824,0.103,0.857,0.112,0.888,0.122,0.925,0.133,0.982,0.155,1.036,0.177,1.086,0.196,1.131,0.219,1.174,0.237,1.214,0.252,1.251,0.268,1.285,0.284,1.322,0.298,1.354,0.313,1.385,0.326,1.414,0.353,1.948,0.732,2.919,1.468,8.627,6.074
96,1.613,0.015,1.696,0.023,1.762,0.032,1.817,0.040,1.866,0.048,1.910,0.058,1.950,0.066,1.985,0.076,2.019,0.086,2.050,0.099,2.087,0.110,2.144,0.133,2.197,0.156,2.248,0.180,2.292,0.205,2.335,0.228,2.374,0.250,2.411,0.272,2.445,0.294,2.482,0.315,2.513,0.338,2.544,0.357,2.572,0.380,3.100,0.797,4.057,1.531,9.799,5.883
97,0.739,0.011,0.823,0.013,0.889,0.016,0.944,0.021,0.993,0.030,1.037,0.051,1.077,0.066,1.113,0.076,1.146,0.084,1.177,0.094,1.214,0.103,1.271,0.123,1.324,0.142,1.374,0.163,1.418,0.185,1.461,0.203,1.500,0.221,1.537,0.239,1.571,0.257,1.607,0.274,1.638,0.294,1.670,0.312,1.697,0.335,2.218,0.827,3.159,1.626,8.820,5.929
98,1.248,0.028,1.332,0.041,1.398,0.054,1.453,0.068,1.502,0.082,1.546,0.098,1.586,0.111,1.622,0.122,1.655,0.134,1.686,0.146,1.723,0.157,1.780,0.180,1.833,0.202,1.883,0.226,1.927,0.250,1.970,0.271,2.010,0.292,2.047,0.313,2.080,0.334,2.117,0.354,2.148,0.376,2.179,0.396,2.207,0.416,2.732,0.843,3.674,1.626,9.714,5.524
99,0.845,0.030,0.929,0.045,0.995,0.056,1.050,0.069,1.099,0.080,1.143,0.093,1.183,0.104,1.219,0.114,1.252,0.123,1.283,0.133,1.320,0.141,1.377,0.160,1.430,0.177,1.480,0.196,1.524,0.215,1.567,0.232,1.606,0.249,1.643,0.266,1.677,0.282,1.713,0.297,1.745,0.315,1.776,0.330,1.804,0.347,2.330,0.701,3.268,1.348,9.263,5.252
100,0.541,0.016,0.625,0.022,0.691,0.034,0.747,0.049,0.796,0.059,0.840,0.066,0.879,0.072,0.915,0.077,0.949,0.082,0.979,0.088,1.016,0.092,1.073,0.102,1.127,0.112,1.177,0.123,1.221,0.133,1.264,0.143,1.303,0.152,1.340,0.161,1.374,0.169,1.411,0.178,1.442,0.189,1.474,0.200,1.502,0.213,2.033,0.459,2.985,0.829,9.130,4.765
101,0.252,0.012,0.306,0.019,0.357,0.024,0.404,0.036,0.451,0.044,0.493,0.048,0.532,0.051,0.567,0.055,0.600,0.057,0.630,0.061,0.667,0.064,0.723,0.071,0.776,0.080,0.826,0.091,0.870,0.101,0.913,0.112,0.952,0.124,0.990,0.134,1.023,0.145,1.060,0.157,1.091,0.171,1.122,0.188,1.150,0.207,1.673,0.565,2.597,1.167,8.447,5.305
102,0.143,0.011,0.191,0.012,0.237,0.020,0.281,0.022,0.324,0.023,0.365,0.021,0.401,0.021,0.435,0.020,0.467,0.024,0.497,0.024,0.533,0.025,0.590,0.025,0.643,0.031,0.693,0.037,0.737,0.041,0.780,0.044,0.820,0.047,0.857,0.050,0.891,0.053,0.927,0.058,0.958,0.063,0.990,0.070,1.018,0.080,1.549,0.255,2.499,0.438,8.620,4.585
103,0.150,0.009,0.202,0.014,0.251,0.016,0.293,0.018,0.333,0.024,0.369,0.028,0.404,0.035,0.436,0.040,0.467,0.044,0.495,0.049,0.531,0.056,0.586,0.067,0.639,0.080,0.689,0.098,0.733,0.107,0.776,0.115,0.815,0.126,0.853,0.135,0.886,0.143,0.923,0.153,0.954,0.165,0.986,0.176,1.014,0.190,1.546,0.425,2.507,0.748,8.701,4.649
104,0.698,0.017,0.782,0.027,0.848,0.038,0.904,0.052,0.953,0.063,0.996,0.073,1.036,0.082,1.072,0.091,1.105,0.099,1.136,0.107,1.173,0.113,1.230,0.128,1.283,0.141,1.334,0.156,1.378,0.171,1.421,0.185,1.460,0.197,1.497,0.210,1.531,0.222,1.568,0.233,1.599,0.246,1.630,0.259,1.659,0.273,2.190,0.555,3.148,1.027,9.301,4.833
105,0.529,0.026,0.609,0.045,0.674,0.064,0.728,0.084,0.777,0.103,0.821,0.125,0.860,0.139,0.896,0.153,0.930,0.167,0.960,0.181,0.997,0.194,1.054,0.221,1.107,0.247,1.157,0.275,1.201,0.303,1.244,0.328,1.283,0.353,1.320,0.378,1.353,0.402,1.389,0.426,1.420,0.451,1.451,0.473,1.479,0.495,2.000,0.942,2.930,1.747,8.941,5.680
106,0.676,0.019,0.755,0.031,0.820,0.053,0.874,0.068,0.922,0.084,0.966,0.108,1.006,0.122,1.041,0.136,1.075,0.150,1.105,0.164,1.142,0.177,1.199,0.204,1.252,0.230,1.302,0.257,1.345,0.284,1.388,0.310,1.427,0.335,1.464,0.360,1.497,0.385,1.533,0.408,1.564,0.434,1.595,0.456,1.623,0.477,2.139,0.912,3.057,1.694,8.848,5.681
107,2.538,0.024,2.622,0.034,2.688,0.045,2.744,0.055,2.792,0.066,2.836,0.078,2.876,0.088,2.912,0.097,2.946,0.107,2.976,0.118,3.013,0.128,3.070,0.150,3.124,0.171,3.174,0.197,3.218,0.221,3.262,0.245,3.301,0.268,3.338,0.292,3.372,0.316,3.409,0.339,3.440,0.364,3.472,0.385,3.500,0.405,4.031,0.822,4.993,1.545,10.760,5.837
108,2.485,0.057,2.569,0.081,2.635,0.103,2.691,0.126,2.739,0.147,2.783,0.171,2.823,0.190,2.859,0.209,2.893,0.226,2.923,0.244,2.960,0.260,3.017,0.294,3.071,0.326,3.121,0.356,3.166,0.388,3.209,0.416,3.248,0.445,3.286,0.474,3.320,0.504,3.356,0.533,3.388,0.564,3.419,0.591,3.447,0.616,3.978,1.084,4.937,1.826,10.721,5.967
109,1.982,0.050,2.066,0.072,2.133,0.091,2.188,0.110,2.237,0.130,2.281,0.153,2.321,0.173,2.357,0.192,2.391,0.210,2.422,0.226,2.459,0.239,2.516,0.270,2.570,0.301,2.620,0.331,2.665,0.359,2.708,0.382,2.748,0.401,2.785,0.421,2.819,0.438,2.855,0.453,2.886,0.470,2.916,0.484,2.944,0.503,3.475,0.925,4.450,1.669,10.105,6.238
110,1.467,0.038,1.551,0.053,1.617,0.068,1.673,0.082,1.722,0.097,1.766,0.116,1.805,0.133,1.841,0.150,1.875,0.165,1.906,0.177,1.943,0.188,2.000,0.215,2.054,0.243,2.104,0.272,2.148,0.297,2.191,0.308,2.230,0.314,2.267,0.317,2.301,0.315,2.337,0.310,2.368,0.305,2.399,0.308,2.427,0.312,2.957,0.773,3.919,1.591,9.380,6.490
111,1.465,0.018,1.549,0.024,1.616,0.029,1.671,0.035,1.720,0.041,1.764,0.049,1.804,0.057,1.840,0.064,1.874,0.070,1.905,0.074,1.942,0.077,1.999,0.091,2.053,0.109,2.104,0.129,2.148,0.148,2.191,0.153,2.231,0.148,2.268,0.144,2.302,0.123,2.338,0.108,2.368,0.104,2.399,0.108,2.425,0.111,2.952,0.404,3.932,1.361,9.460,6.034
112,1.418,0.016,1.502,0.021,1.568,0.025,1.624,0.029,1.673,0.034,1.717,0.040,1.757,0.046,1.793,0.051,1.827,0.055,1.857,0.058,1.895,0.060,1.952,0.071,2.006,0.086,2.056,0.105,2.101,0.121,2.144,0.124,2.184,0.116,2.221,0.110,2.255,0.092,2.291,0.083,2.321,0.079,2.352,0.079,2.379,0.085,2.909,0.276,3.880,1.329,9.506,5.815
113,1.409,0.014,1.493,0.020,1.560,0.025,1.615,0.029,1.664,0.035,1.708,0.042,1.748,0.048,1.784,0.055,1.818,0.060,1.849,0.063,1.886,0.066,1.943,0.077,1.997,0.090,2.048,0.107,2.092,0.122,2.136,0.126,2.176,0.121,2.213,0.115,2.247,0.098,2.283,0.072,2.314,0.059,2.345,0.065,2.373,0.068,2.905,0.273,3.869,1.295,9.553,5.681
114,0.888,0.019,0.972,0.032,1.039,0.044,1.094,0.054,1.143,0.067,1.187,0.085,1.227,0.101,1.262,0.118,1.296,0.131,1.327,0.141,1.364,0.152,1.421,0.178,1.474,0.204,1.525,0.233,1.569,0.253,1.611,0.252,1.650,0.251,1.687,0.239,1.720,0.224,1.755,0.210,1.786,0.208,1.817,0.218,1.846,0.224,2.377,0.749,3.332,1.598,8.880,6.468
115,0.910,0.011,0.994,0.018,1.060,0.023,1.116,0.028,1.165,0.034,1.209,0.042,1.249,0.051,1.284,0.060,1.318,0.067,1.349,0.072,1.386,0.077,1.443,0.091,1.497,0.109,1.547,0.136,1.591,0.160,1.635,0.163,1.674,0.154,1.711,0.145,1.745,0.121,1.781,0.106,1.812,0.102,1.843,0.104,1.870,0.116,2.399,0.547,3.351,1.515,8.514,6.612
116,0.877,0.005,0.960,0.004,1.027,0.005,1.083,0.007,1.132,0.009,1.176,0.014,1.215,0.019,1.251,0.026,1.285,0.031,1.316,0.034,1.353,0.036,1.410,0.037,1.464,0.035,1.515,0.032,1.559,0.042,1.602,0.041,1.642,0.041,1.679,0.046,1.713,0.063,1.749,0.081,1.779,0.111,1.810,0.131,1.837,0.157,2.362,0.135,3.339,1.306,8.727,5.957
117,0.422,0.006,0.505,0.012,0.571,0.017,0.626,0.021,0.675,0.028,0.719,0.038,0.759,0.047,0.795,0.057,0.829,0.064,0.859,0.070,0.896,0.076,0.953,0.093,1.007,0.113,1.057,0.144,1.101,0.164,1.144,0.151,1.183,0.135,1.219,0.125,1.252,0.123,1.287,0.112,1.319,0.101,1.350,0.108,1.379,0.098,1.908,0.703,2.858,1.592,8.368,6.476
118,0.044,0.013,0.117,0.012,0.176,0.009,0.226,0.008,0.270,0.006,0.310,0.005,0.345,0.004,0.378,0.005,0.408,0.005,0.436,0.006,0.469,0.007,0.521,0.013,0.569,0.024,0.617,0.060,0.660,0.085,0.703,0.073,0.742,0.053,0.778,0.061,0.811,0.106,0.846,0.145,0.877,0.160,0.909,0.164,0.938,0.126,1.466,0.714,2.414,1.634,7.910,6.476
119,0.282,0.006,0.341,0.006,0.391,0.007,0.432,0.008,0.469,0.007,0.503,0.008,0.533,0.010,0.560,0.013,0.587,0.017,0.611,0.017,0.644,0.020,0.697,0.025,0.749,0.035,0.799,0.052,0.843,0.076,0.886,0.085,0.926,0.079,0.963,0.074,0.997,0.060,1.033,0.070,1.063,0.103,1.095,0.109,1.121,0.142,1.648,0.415,2.593,1.538,7.616,6.647
120,0.244,0.008,0.295,0.005,0.335,0.004,0.370,0.007,0.404,0.012,0.438,0.014,0.472,0.020,0.506,0.027,0.540,0.031,0.570,0.033,0.607,0.033,0.664,0.029,0.718,0.022,0.769,0.019,0.813,0.028,0.856,0.034,0.895,0.045,0.933,0.057,0.966,0.075,1.002,0.088,1.033,0.108,1.064,0.115,1.091,0.140,1.616,0.170,2.592,1.228,7.982,5.810
121,0.475,0.005,0.548,0.008,0.608,0.007,0.659,0.006,0.704,0.007,0.744,0.007,0.781,0.009,0.815,0.010,0.847,0.011,0.877,0.011,0.913,0.011,0.968,0.013,1.021,0.015,1.070,0.019,1.113,0.022,1.156,0.022,1.194,0.023,1.230,0.029,1.263,0.048,1.299,0.081,1.329,0.116,1.360,0.146,1.387,0.160,1.917,0.097,2.885,1.189,8.491,5.631
122,0.422,0.002,0.476,0.005,0.527,0.009,0.575,0.011,0.624,0.009,0.667,0.010,0.707,0.012,0.743,0.013,0.776,0.014,0.806,0.015,0.843,0.015,0.900,0.018,0.953,0.024,1.004,0.032,1.048,0.041,1.091,0.046,1.130,0.045,1.167,0.043,1.201,0.029,1.237,0.030,1.268,0.063,1.298,0.106,1.326,0.112,1.859,0.132,2.817,1.195,8.479,5.565
123,1.635,0.045,1.718,0.066,1.785,0.085,1.840,0.103,1.889,0.120,1.933,0.140,1.973,0.156,2.009,0.172,2.042,0.187,2.073,0.202,2.110,0.216,2.166,0.246,2.220,0.273,2.270,0.303,2.314,0.332,2.357,0.360,2.396,0.387,2.433,0.414,2.467,0.441,2.503,0.467,2.534,0.495,2.565,0.519,2.593,0.542,3.118,0.993,4.060,1.768,10.055,5.703
124,1.785,0.067,1.868,0.094,1.935,0.119,1.990,0.142,2.039,0.165,2.083,0.191,2.123,0.213,2.158,0.234,2.192,0.254,2.222,0.273,2.260,0.291,2.316,0.327,2.370,0.362,2.420,0.394,2.464,0.429,2.507,0.458,2.546,0.487,2.583,0.516,2.617,0.546,2.653,0.574,2.685,0.606,2.716,0.632,2.744,0.656,3.271,1.116,4.219,1.875,10.066,5.803
125,1.908,0.040,1.991,0.056,2.058,0.071,2.114,0.086,2.163,0.101,2.207,0.118,2.247,0.133,2.283,0.147,2.317,0.161,2.347,0.172,2.385,0.182,2.442,0.205,2.496,0.228,2.547,0.251,2.591,0.274,2.634,0.290,2.674,0.303,2.712,0.315,2.746,0.325,2.783,0.331,2.814,0.339,2.846,0.343,2.874,0.357,3.408,0.690,4.374,1.492,10.180,5.713
126,1.443,0.033,1.527,0.046,1.594,0.058,1.649,0.070,1.698,0.082,1.743,0.096,1.782,0.108,1.818,0.120,1.852,0.131,1.883,0.141,1.920,0.149,1.978,0.167,2.032,0.186,2.082,0.205,2.127,0.224,2.170,0.238,2.210,0.250,2.248,0.259,2.282,0.266,2.319,0.269,2.350,0.275,2.382,0.277,2.410,0.287,2.944,0.574,3.908,1.384,9.728,5.529
127,0.918,0.017,1.002,0.024,1.069,0.030,1.124,0.037,1.173,0.044,1.218,0.052,1.257,0.058,1.293,0.065,1.327,0.071,1.358,0.077,1.395,0.082,1.453,0.093,1.507,0.105,1.557,0.117,1.602,0.130,1.645,0.138,1.685,0.143,1.723,0.146,1.757,0.144,1.794,0.136,1.825,0.129,1.857,0.126,1.885,0.129,2.419,0.346,3.379,1.209,9.173,5.319
128,0.933,0.033,1.017,0.046,1.083,0.059,1.139,0.070,1.188,0.082,1.232,0.096,1.272,0.108,1.308,0.120,1.342,0.132,1.372,0.143,1.410,0.152,1.467,0.170,1.521,0.188,1.571,0.206,1.616,0.227,1.659,0.243,1.699,0.257,1.737,0.269,1.771,0.279,1.808,0.287,1.840,0.297,1.871,0.306,1.900,0.317,2.432,0.603,3.392,1.371,9.201,5.429
129,0.375,0.016,0.459,0.022,0.525,0.027,0.581,0.031,0.630,0.037,0.674,0.043,0.714,0.050,0.750,0.059,0.783,0.069,0.814,0.077,0.852,0.084,0.909,0.098,0.963,0.110,1.013,0.124,1.058,0.142,1.101,0.156,1.141,0.167,1.178,0.175,1.213,0.178,1.250,0.177,1.281,0.179,1.313,0.190,1.341,0.198,1.873,0.419,2.830,1.221,8.605,5.226
130,0.056,0.008,0.107,0.008,0.151,0.007,0.190,0.007,0.229,0.006,0.267,0.006,0.301,0.006,0.331,0.006,0.362,0.009,0.389,0.015,0.424,0.025,0.479,0.044,0.532,0.054,0.581,0.063,0.626,0.072,0.669,0.079,0.708,0.084,0.746,0.087,0.780,0.088,0.817,0.091,0.849,0.100,0.880,0.111,0.908,0.117,1.441,0.253,2.396,1.067,8.146,5.004
131,1.219,0.054,1.302,0.078,1.369,0.099,1.424,0.119,1.473,0.139,1.517,0.161,1.557,0.179,1.593,0.197,1.626,0.213,1.657,0.228,1.694,0.241,1.751,0.269,1.805,0.296,1.855,0.322,1.900,0.349,1.943,0.371,1.983,0.392,2.020,0.412,2.054,0.431,2.091,0.448,2.122,0.468,2.154,0.486,2.182,0.503,2.713,0.880,3.667,1.630,9.413,5.777
132,0.316,0.028,0.383,0.046,0.441,0.060,0.491,0.073,0.536,0.082,0.576,0.102,0.613,0.119,0.647,0.140,0.680,0.155,0.711,0.168,0.748,0.179,0.804,0.203,0.858,0.231,0.908,0.261,0.952,0.299,0.996,0.336,1.035,0.364,1.073,0.383,1.107,0.399,1.144,0.413,1.175,0.431,1.207,0.446,1.236,0.460,1.766,0.826,2.720,1.590,8.526,5.677
133,0.158,0.012,0.232,0.016,0.292,0.018,0.342,0.021,0.388,0.025,0.429,0.032,0.467,0.041,0.501,0.051,0.534,0.065,0.563,0.074,0.599,0.082,0.654,0.100,0.707,0.120,0.755,0.150,0.798,0.198,0.840,0.249,0.878,0.289,0.914,0.317,0.947,0.339,0.984,0.353,1.016,0.374,1.048,0.397,1.075,0.416,1.602,0.745,2.550,1.486,8.288,5.437
134,0.000,0.000,0.000,0.000,0.001,0.000,0.001,0.001,0.003,0.001,0.004,0.002,0.006,0.002,0.008,0.002,0.012,0.004,0.016,0.004,0.021,0.004,0.031,0.005,0.039,0.006,0.047,0.012,0.055,0.020,0.065,0.040,0.079,0.048,0.093,0.062,0.124,0.093,0.160,0.118,0.192,0.306,0.223,0.397,0.250,0.434,0.765,0.929,1.691,1.742,7.364,5.840
135,0.391,0.008,0.456,0.011,0.511,0.012,0.558,0.017,0.602,0.025,0.643,0.029,0.681,0.029,0.715,0.031,0.747,0.033,0.777,0.034,0.814,0.036,0.870,0.039,0.923,0.043,0.972,0.049,1.016,0.062,1.058,0.076,1.097,0.088,1.133,0.097,1.166,0.104,1.202,0.110,1.232,0.125,1.263,0.143,1.291,0.157,1.818,0.560,2.751,1.319,8.115,5.490
136,0.125,0.007,0.184,0.005,0.234,0.006,0.275,0.006,0.311,0.008,0.344,0.011,0.374,0.017,0.406,0.031,0.438,0.060,0.468,0.082,0.505,0.098,0.562,0.127,0.616,0.144,0.666,0.160,0.710,0.179,0.753,0.195,0.792,0.209,0.830,0.223,0.864,0.235,0.900,0.249,0.932,0.263,0.964,0.287,0.992,0.315,1.521,0.582,2.473,1.274,8.210,4.950
137,0.135,0.006,0.182,0.004,0.234,0.007,0.282,0.008,0.324,0.009,0.362,0.014,0.396,0.019,0.430,0.026,0.462,0.047,0.491,0.060,0.527,0.070,0.582,0.091,0.634,0.117,0.684,0.137,0.728,0.153,0.771,0.167,0.810,0.181,0.847,0.194,0.881,0.206,0.918,0.218,0.949,0.233,0.980,0.250,1.008,0.273,1.538,0.576,2.493,1.237,8.368,4.512
138,1.541,0.041,1.624,0.061,1.690,0.082,1.746,0.101,1.795,0.119,1.838,0.138,1.878,0.154,1.914,0.169,1.947,0.184,1.978,0.198,2.015,0.210,2.072,0.237,2.125,0.263,2.175,0.288,2.219,0.316,2.262,0.340,2.301,0.362,2.339,0.383,2.372,0.403,2.409,0.423,2.440,0.445,2.471,0.465,2.499,0.487,3.028,0.873,3.980,1.592,9.790,5.469
139,0.262,0.019,0.346,0.014,0.412,0.022,0.467,0.029,0.516,0.036,0.560,0.044,0.600,0.050,0.636,0.054,0.669,0.061,0.700,0.069,0.737,0.076,0.794,0.089,0.847,0.099,0.898,0.113,0.941,0.141,0.985,0.175,1.024,0.204,1.061,0.225,1.095,0.239,1.131,0.251,1.163,0.262,1.194,0.285,1.222,0.303,1.752,0.614,2.707,1.310,8.540,5.003
140,0.708,0.025,0.791,0.036,0.858,0.051,0.913,0.065,0.962,0.077,1.006,0.090,1.046,0.099,1.082,0.108,1.115,0.116,1.146,0.124,1.183,0.131,1.240,0.145,1.293,0.160,1.343,0.175,1.387,0.192,1.430,0.209,1.470,0.225,1.507,0.238,1.541,0.251,1.577,0.263,1.608,0.271,1.640,0.285,1.668,0.304,2.197,0.680,3.151,1.397,9.014,5.122
141,0.218,0.012,0.291,0.017,0.348,0.021,0.399,0.028,0.447,0.036,0.491,0.044,0.531,0.050,0.567,0.056,0.600,0.072,0.631,0.086,0.668,0.097,0.725,0.118,0.778,0.136,0.828,0.154,0.872,0.175,0.915,0.196,0.955,0.215,0.992,0.233,1.026,0.247,1.062,0.261,1.093,0.276,1.125,0.296,1.153,0.317,1.680,0.626,2.632,1.300,8.542,4.596
142,1.546,0.058,1.630,0.082,1.696,0.105,1.752,0.126,1.801,0.146,1.845,0.168,1.884,0.187,1.920,0.206,1.954,0.223,1.984,0.240,2.021,0.255,2.078,0.287,2.131,0.317,2.181,0.346,2.225,0.377,2.268,0.403,2.308,0.428,2.345,0.453,2.378,0.478,2.415,0.502,2.446,0.528,2.477,0.550,2.505,0.573,3.031,0.987,3.980,1.711,9.871,5.398
143,0.870,0.045,0.954,0.064,1.020,0.083,1.075,0.101,1.124,0.118,1.168,0.137,1.208,0.152,1.244,0.168,1.277,0.182,1.308,0.196,1.345,0.209,1.401,0.235,1.455,0.261,1.505,0.285,1.549,0.311,1.592,0.333,1.631,0.355,1.668,0.376,1.702,0.398,1.738,0.418,1.769,0.440,1.800,0.459,1.828,0.481,2.354,0.866,3.302,1.581,9.214,5.172
144,0.870,0.051,0.953,0.073,1.020,0.094,1.075,0.113,1.124,0.132,1.167,0.153,1.207,0.171,1.243,0.188,1.276,0.204,1.306,0.220,1.343,0.234,1.400,0.264,1.453,0.291,1.503,0.317,1.547,0.345,1.590,0.369,1.629,0.393,1.665,0.417,1.699,0.441,1.735,0.463,1.766,0.488,1.797,0.510,1.825,0.533,2.346,0.933,3.284,1.661,9.096,5.307
145,0.504,0.031,0.588,0.048,0.654,0.064,0.709,0.079,0.758,0.093,0.802,0.109,0.842,0.121,0.877,0.133,0.911,0.144,0.941,0.156,0.978,0.167,1.035,0.190,1.088,0.211,1.138,0.232,1.182,0.256,1.225,0.278,1.264,0.299,1.301,0.320,1.335,0.339,1.371,0.357,1.402,0.377,1.433,0.397,1.461,0.419,1.984,0.778,2.927,1.494,8.774,5.005
146,0.208,0.011,0.278,0.015,0.333,0.019,0.379,0.022,0.421,0.027,0.461,0.034,0.498,0.041,0.532,0.046,0.564,0.056,0.593,0.064,0.629,0.072,0.685,0.088,0.737,0.107,0.786,0.129,0.830,0.150,0.872,0.169,0.911,0.187,0.948,0.205,0.982,0.224,1.018,0.241,1.049,0.258,1.080,0.276,1.108,0.296,1.630,0.674,2.571,1.391,8.383,4.713
147,1.587,0.059,1.671,0.083,1.737,0.106,1.792,0.127,1.841,0.148,1.885,0.170,1.925,0.190,1.960,0.208,1.994,0.226,2.024,0.244,2.061,0.260,2.118,0.292,2.171,0.323,2.221,0.352,2.265,0.383,2.308,0.409,2.347,0.435,2.384,0.461,2.417,0.486,2.454,0.511,2.485,0.538,2.516,0.561,2.544,0.585,3.066,1.002,4.009,1.727,9.879,5.380
148,1.628,0.068,1.712,0.095,1.778,0.120,1.833,0.144,1.882,0.166,1.926,0.191,1.966,0.212,2.001,0.233,2.035,0.252,2.065,0.272,2.102,0.289,2.159,0.325,2.212,0.359,2.263,0.391,2.306,0.426,2.349,0.457,2.388,0.487,2.425,0.516,2.459,0.546,2.495,0.574,2.526,0.606,2.558,0.632,2.586,0.658,3.111,1.119,4.057,1.860,10.003,5.554
149,1.348,0.026,1.432,0.039,1.498,0.052,1.553,0.064,1.602,0.077,1.646,0.093,1.686,0.104,1.722,0.116,1.755,0.127,1.786,0.138,1.823,0.149,1.880,0.171,1.933,0.191,1.983,0.213,2.027,0.235,2.070,0.257,2.109,0.277,2.147,0.297,2.180,0.317,2.217,0.336,2.248,0.357,2.280,0.375,2.308,0.393,2.836,0.757,3.790,1.413,9.860,5.181
150,1.768,0.057,1.852,0.081,1.918,0.102,1.974,0.123,2.022,0.142,2.066,0.164,2.106,0.182,2.142,0.200,2.175,0.217,2.206,0.235,2.243,0.250,2.299,0.282,2.353,0.312,2.403,0.341,2.447,0.373,2.489,0.401,2.529,0.429,2.566,0.456,2.600,0.483,2.636,0.508,2.667,0.536,2.698,0.560,2.726,0.583,3.253,1.016,4.207,1.705,10.232,5.381
151,1.431,0.051,1.514,0.072,1.581,0.093,1.636,0.112,1.685,0.131,1.729,0.152,1.768,0.170,1.804,0.187,1.837,0.203,1.868,0.219,1.905,0.235,1.961,0.265,2.015,0.295,2.065,0.322,2.108,0.350,2.151,0.374,2.190,0.398,2.227,0.421,2.261,0.444,2.297,0.465,2.328,0.490,2.359,0.512,2.387,0.535,2.910,0.931,3.853,1.650,9.658,5.354
152,1.553,0.065,1.636,0.091,1.703,0.115,1.758,0.139,1.807,0.161,1.851,0.186,1.890,0.207,1.926,0.227,1.960,0.247,1.990,0.266,2.027,0.284,2.083,0.320,2.137,0.354,2.187,0.386,2.230,0.421,2.273,0.449,2.312,0.478,2.349,0.506,2.383,0.534,2.419,0.560,2.450,0.589,2.481,0.614,2.509,0.639,3.032,1.079,3.977,1.796,9.849,5.488
153,1.415,0.068,1.498,0.094,1.564,0.118,1.620,0.141,1.668,0.163,1.712,0.188,1.752,0.208,1.787,0.228,1.821,0.247,1.851,0.265,1.888,0.282,1.944,0.316,1.998,0.349,2.047,0.381,2.091,0.414,2.133,0.443,2.172,0.472,2.209,0.501,2.243,0.529,2.279,0.555,2.310,0.584,2.341,0.609,2.368,0.633,2.890,1.069,3.841,1.736,9.793,5.421
154,0.627,0.018,0.711,0.028,0.777,0.038,0.833,0.052,0.882,0.064,0.926,0.078,0.965,0.089,1.001,0.099,1.034,0.109,1.065,0.120,1.102,0.129,1.159,0.148,1.212,0.166,1.262,0.185,1.306,0.206,1.349,0.226,1.388,0.244,1.425,0.261,1.459,0.277,1.495,0.292,1.527,0.309,1.558,0.325,1.586,0.341,2.114,0.685,3.073,1.237,9.218,4.917
155,0.149,0.012,0.206,0.014,0.255,0.011,0.299,0.017,0.343,0.026,0.384,0.033,0.422,0.040,0.457,0.044,0.490,0.050,0.520,0.055,0.556,0.061,0.613,0.072,0.666,0.091,0.716,0.114,0.760,0.131,0.803,0.150,0.842,0.167,0.879,0.182,0.913,0.194,0.949,0.206,0.981,0.221,1.012,0.238,1.040,0.258,1.568,0.571,2.528,1.032,8.673,4.801
156,0.114,0.008,0.161,0.010,0.204,0.014,0.246,0.020,0.287,0.022,0.325,0.028,0.360,0.030,0.393,0.036,0.424,0.040,0.453,0.042,0.489,0.048,0.545,0.058,0.598,0.069,0.647,0.078,0.691,0.092,0.734,0.115,0.773,0.135,0.810,0.148,0.844,0.159,0.880,0.167,0.911,0.178,0.942,0.195,0.970,0.209,1.499,0.544,2.462,1.033,8.674,4.636
157,1.269,0.032,1.353,0.046,1.419,0.061,1.474,0.075,1.523,0.089,1.567,0.105,1.607,0.117,1.642,0.130,1.676,0.142,1.706,0.154,1.743,0.166,1.800,0.189,1.853,0.210,1.904,0.233,1.947,0.257,1.990,0.279,2.029,0.301,2.067,0.321,2.100,0.341,2.137,0.360,2.168,0.381,2.199,0.399,2.227,0.417,2.755,0.787,3.713,1.395,9.827,5.071
158,0.732,0.029,0.816,0.047,0.882,0.059,0.937,0.072,0.986,0.085,1.030,0.099,1.070,0.111,1.105,0.123,1.139,0.134,1.169,0.145,1.206,0.155,1.263,0.175,1.316,0.195,1.366,0.216,1.410,0.240,1.453,0.264,1.492,0.286,1.529,0.306,1.562,0.326,1.599,0.344,1.629,0.365,1.661,0.383,1.688,0.401,2.216,0.741,3.177,1.294,9.306,4.935
159,0.118,0.005,0.177,0.016,0.234,0.021,0.281,0.026,0.325,0.030,0.366,0.032,0.402,0.034,0.436,0.038,0.468,0.043,0.498,0.046,0.535,0.050,0.590,0.059,0.643,0.071,0.692,0.096,0.735,0.161,0.778,0.253,0.817,0.296,0.853,0.317,0.887,0.335,0.923,0.352,0.954,0.370,0.985,0.388,1.013,0.405,1.536,0.759,2.491,1.289,8.454,5.184
160,0.829,0.045,0.912,0.079,0.978,0.100,1.034,0.120,1.082,0.139,1.126,0.160,1.165,0.177,1.201,0.193,1.234,0.208,1.265,0.224,1.302,0.237,1.358,0.265,1.411,0.291,1.461,0.317,1.504,0.344,1.547,0.369,1.586,0.394,1.622,0.418,1.656,0.441,1.692,0.461,1.723,0.483,1.754,0.504,1.781,0.524,2.303,0.908,3.257,1.488,9.223,5.300
161,0.078,0.010,0.134,0.014,0.182,0.020,0.222,0.033,0.264,0.041,0.302,0.047,0.338,0.052,0.371,0.058,0.403,0.063,0.432,0.067,0.467,0.069,0.522,0.078,0.573,0.093,0.622,0.125,0.664,0.196,0.706,0.311,0.745,0.365,0.781,0.389,0.815,0.410,0.850,0.430,0.881,0.452,0.912,0.472,0.939,0.493,1.457,0.855,2.412,1.363,8.506,4.893
162,0.280,0.020,0.345,0.028,0.400,0.043,0.449,0.062,0.493,0.076,0.534,0.089,0.572,0.104,0.607,0.111,0.640,0.120,0.670,0.131,0.707,0.139,0.763,0.152,0.815,0.166,0.865,0.187,0.908,0.227,0.951,0.293,0.990,0.339,1.026,0.362,1.059,0.382,1.095,0.401,1.125,0.422,1.156,0.441,1.183,0.460,1.700,0.836,2.657,1.349,8.821,4.747
163,0.817,0.077,0.901,0.112,0.967,0.139,1.022,0.164,1.071,0.187,1.114,0.213,1.153,0.233,1.189,0.253,1.222,0.272,1.252,0.291,1.289,0.306,1.345,0.339,1.397,0.370,1.447,0.399,1.490,0.431,1.532,0.458,1.571,0.486,1.608,0.514,1.641,0.541,1.676,0.566,1.707,0.594,1.737,0.618,1.764,0.641,2.280,1.056,3.230,1.631,9.246,5.226
164,1.017,0.099,1.100,0.130,1.167,0.160,1.222,0.187,1.270,0.214,1.314,0.243,1.353,0.267,1.388,0.290,1.421,0.312,1.451,0.333,1.488,0.351,1.544,0.389,1.597,0.425,1.646,0.459,1.689,0.495,1.732,0.524,1.770,0.555,1.807,0.586,1.840,0.617,1.875,0.646,1.906,0.678,1.936,0.705,1.964,0.732,2.477,1.191,3.423,1.830,9.359,5.478
165,0.914,0.038,0.997,0.057,1.064,0.075,1.119,0.093,1.168,0.110,1.212,0.129,1.251,0.145,1.287,0.161,1.320,0.176,1.350,0.191,1.387,0.206,1.444,0.235,1.497,0.263,1.547,0.290,1.590,0.319,1.633,0.342,1.672,0.366,1.709,0.388,1.742,0.410,1.778,0.430,1.809,0.452,1.840,0.473,1.868,0.496,2.387,0.886,3.323,1.618,9.038,5.333
166,0.424,0.038,0.507,0.054,0.573,0.070,0.629,0.085,0.677,0.101,0.721,0.118,0.760,0.134,0.796,0.150,0.829,0.166,0.859,0.183,0.896,0.198,0.952,0.226,1.005,0.253,1.054,0.278,1.098,0.304,1.140,0.325,1.178,0.348,1.215,0.371,1.248,0.396,1.284,0.422,1.314,0.449,1.345,0.474,1.372,0.500,1.884,0.911,2.810,1.639,8.474,5.226
167,0.954,0.074,1.038,0.102,1.104,0.129,1.159,0.155,1.208,0.179,1.251,0.207,1.291,0.229,1.326,0.251,1.359,0.270,1.390,0.290,1.426,0.307,1.483,0.345,1.535,0.381,1.585,0.415,1.628,0.450,1.670,0.478,1.709,0.507,1.745,0.537,1.778,0.567,1.814,0.594,1.844,0.626,1.875,0.652,1.902,0.679,2.415,1.127,3.350,1.831,9.136,5.482
168,0.997,0.104,1.081,0.139,1.147,0.171,1.202,0.201,1.250,0.229,1.294,0.261,1.333,0.286,1.368,0.311,1.401,0.335,1.431,0.357,1.468,0.376,1.524,0.418,1.577,0.457,1.626,0.493,1.669,0.531,1.711,0.562,1.749,0.594,1.786,0.627,1.818,0.660,1.854,0.690,1.884,0.725,1.914,0.754,1.941,0.783,2.452,1.265,3.390,1.937,9.255,5.556
169,0.795,0.094,0.878,0.126,0.944,0.156,0.998,0.183,1.047,0.210,1.090,0.240,1.129,0.264,1.164,0.287,1.197,0.310,1.227,0.331,1.264,0.350,1.319,0.389,1.372,0.426,1.421,0.461,1.463,0.498,1.505,0.527,1.543,0.558,1.579,0.588,1.612,0.619,1.647,0.648,1.677,0.681,1.707,0.709,1.734,0.737,2.239,1.210,3.175,1.871,9.009,5.416
170,0.111,0.008,0.166,0.007,0.215,0.006,0.258,0.006,0.295,0.005,0.330,0.008,0.362,0.012,0.394,0.016,0.424,0.025,0.452,0.035,0.488,0.046,0.544,0.059,0.596,0.067,0.645,0.076,0.688,0.085,0.730,0.093,0.768,0.105,0.804,0.120,0.837,0.141,0.872,0.170,0.902,0.203,0.933,0.238,0.960,0.275,1.472,0.741,2.394,1.508,7.993,5.015
171,0.497,0.069,0.580,0.096,0.646,0.121,0.701,0.145,0.749,0.168,0.793,0.193,0.832,0.214,0.867,0.235,0.900,0.256,0.930,0.276,0.966,0.293,1.022,0.328,1.074,0.360,1.124,0.391,1.166,0.424,1.208,0.450,1.246,0.477,1.282,0.505,1.315,0.533,1.350,0.559,1.380,0.588,1.410,0.614,1.437,0.640,1.943,1.077,2.876,1.741,8.672,5.193
172,0.342,0.047,0.425,0.062,0.491,0.081,0.546,0.105,0.594,0.123,0.637,0.146,0.676,0.166,0.712,0.183,0.744,0.200,0.774,0.219,0.811,0.240,0.867,0.279,0.919,0.313,0.969,0.341,1.011,0.368,1.053,0.390,1.092,0.412,1.128,0.435,1.160,0.457,1.196,0.478,1.225,0.503,1.256,0.525,1.282,0.547,1.790,0.941,2.722,1.591,8.504,4.848
173,0.100,0.003,0.134,0.001,0.167,0.004,0.205,0.008,0.244,0.012,0.279,0.020,0.311,0.030,0.342,0.039,0.373,0.045,0.402,0.056,0.437,0.076,0.490,0.116,0.542,0.162,0.590,0.194,0.633,0.216,0.675,0.229,0.714,0.241,0.750,0.255,0.782,0.269,0.818,0.283,0.848,0.302,0.878,0.323,0.905,0.349,1.413,0.795,2.342,1.485,8.084,4.640
174,0.248,0.038,0.329,0.067,0.394,0.090,0.448,0.116,0.496,0.147,0.538,0.179,0.577,0.206,0.611,0.229,0.644,0.252,0.673,0.274,0.709,0.293,0.764,0.333,0.816,0.370,0.864,0.405,0.906,0.442,0.947,0.472,0.985,0.499,1.020,0.526,1.052,0.554,1.087,0.580,1.116,0.610,1.145,0.636,1.171,0.663,1.659,1.143,2.602,1.702,8.502,4.769
175,0.018,0.001,0.032,0.002,0.057,0.007,0.088,0.014,0.123,0.020,0.159,0.025,0.194,0.030,0.226,0.034,0.256,0.040,0.283,0.050,0.318,0.060,0.372,0.096,0.423,0.148,0.472,0.202,0.514,0.246,0.555,0.282,0.593,0.318,0.629,0.349,0.661,0.380,0.695,0.413,0.725,0.446,0.754,0.474,0.780,0.503,1.272,0.985,2.213,1.579,8.076,4.547
176,0.005,0.001,0.031,0.006,0.069,0.005,0.100,0.006,0.127,0.007,0.150,0.013,0.173,0.030,0.197,0.061,0.222,0.123,0.247,0.185,0.282,0.232,0.335,0.266,0.385,0.321,0.433,0.413,0.472,0.496,0.512,0.564,0.549,0.604,0.584,0.638,0.614,0.674,0.647,0.715,0.675,0.757,0.703,0.789,0.728,0.819,1.214,1.237,2.171,1.733,8.294,4.420
177,0.282,0.073,0.359,0.136,0.423,0.169,0.476,0.201,0.523,0.235,0.563,0.280,0.600,0.323,0.633,0.360,0.665,0.397,0.693,0.432,0.729,0.458,0.782,0.506,0.832,0.548,0.879,0.583,0.919,0.629,0.959,0.664,0.995,0.693,1.030,0.723,1.060,0.756,1.094,0.786,1.121,0.822,1.150,0.851,1.174,0.881,1.655,1.337,2.609,1.835,8.778,4.514
178,0.556,0.118,0.638,0.154,0.703,0.187,0.757,0.219,0.805,0.245,0.847,0.276,0.885,0.301,0.919,0.325,0.952,0.350,0.981,0.374,1.017,0.395,1.071,0.438,1.122,0.476,1.170,0.513,1.211,0.554,1.252,0.585,1.289,0.614,1.324,0.644,1.355,0.675,1.390,0.704,1.418,0.739,1.447,0.768,1.472,0.798,1.953,1.318,2.899,1.847,8.888,4.911
179,0.538,0.081,0.621,0.110,0.687,0.136,0.741,0.162,0.789,0.186,0.832,0.213,0.870,0.235,0.905,0.256,0.938,0.276,0.967,0.296,1.004,0.315,1.059,0.351,1.111,0.387,1.159,0.421,1.201,0.456,1.243,0.485,1.280,0.513,1.316,0.539,1.348,0.567,1.383,0.592,1.412,0.622,1.442,0.648,1.468,0.675,1.964,1.141,2.903,1.740,8.774,5.022
180,0.551,0.171,0.633,0.208,0.697,0.248,0.750,0.286,0.797,0.324,0.838,0.366,0.876,0.394,0.910,0.421,0.942,0.446,0.970,0.473,1.006,0.494,1.059,0.540,1.109,0.580,1.157,0.616,1.197,0.660,1.237,0.694,1.274,0.723,1.308,0.753,1.339,0.786,1.373,0.815,1.401,0.851,1.429,0.880,1.454,0.910,1.934,1.394,2.887,1.898,9.045,4.679
181,0.815,0.112,0.898,0.149,0.964,0.182,1.019,0.212,1.067,0.240,1.111,0.273,1.150,0.298,1.185,0.322,1.218,0.346,1.248,0.369,1.284,0.388,1.340,0.428,1.392,0.466,1.441,0.501,1.483,0.538,1.525,0.568,1.564,0.599,1.600,0.630,1.632,0.662,1.667,0.691,1.697,0.724,1.727,0.753,1.754,0.781,2.259,1.258,3.200,1.860,9.067,5.550
182,0.708,0.146,0.790,0.187,0.856,0.225,0.910,0.259,0.958,0.290,1.000,0.326,1.039,0.353,1.073,0.379,1.106,0.404,1.135,0.430,1.171,0.450,1.226,0.494,1.277,0.535,1.325,0.573,1.366,0.615,1.408,0.649,1.445,0.681,1.480,0.713,1.512,0.747,1.547,0.777,1.575,0.813,1.605,0.843,1.630,0.874,2.119,1.389,3.061,1.960,8.997,5.281
183,0.571,0.209,0.652,0.265,0.716,0.314,0.768,0.359,0.815,0.397,0.855,0.443,0.893,0.475,0.926,0.507,0.958,0.536,0.986,0.564,1.022,0.584,1.075,0.636,1.124,0.684,1.171,0.728,1.210,0.775,1.250,0.810,1.287,0.845,1.321,0.879,1.351,0.915,1.385,0.944,1.412,0.982,1.441,1.014,1.465,1.047,1.944,1.537,2.896,2.021,9.179,4.666
184,0.547,0.160,0.630,0.210,0.695,0.254,0.748,0.293,0.796,0.328,0.838,0.367,0.876,0.396,0.911,0.425,0.943,0.452,0.972,0.479,1.008,0.500,1.062,0.548,1.113,0.592,1.161,0.633,1.202,0.679,1.243,0.716,1.280,0.752,1.315,0.786,1.346,0.821,1.380,0.853,1.409,0.890,1.438,0.922,1.463,0.954,1.948,1.469,2.890,1.998,8.848,5.372
185,0.444,0.036,0.526,0.078,0.592,0.101,0.647,0.125,0.695,0.143,0.739,0.165,0.778,0.182,0.813,0.198,0.846,0.214,0.876,0.229,0.913,0.241,0.969,0.266,1.021,0.291,1.070,0.321,1.113,0.365,1.155,0.417,1.193,0.457,1.230,0.487,1.262,0.514,1.298,0.537,1.328,0.564,1.358,0.587,1.385,0.611,1.893,1.020,2.840,1.564,8.820,5.230
186,0.043,0.004,0.081,0.013,0.126,0.016,0.166,0.019,0.203,0.024,0.239,0.031,0.274,0.042,0.307,0.051,0.339,0.061,0.368,0.068,0.404,0.073,0.460,0.083,0.512,0.102,0.560,0.135,0.603,0.199,0.645,0.298,0.683,0.384,0.719,0.434,0.751,0.466,0.786,0.487,0.816,0.511,0.846,0.532,0.873,0.553,1.375,0.977,2.316,1.566,8.099,5.528
187,0.430,0.043,0.513,0.069,0.579,0.094,0.634,0.123,0.682,0.148,0.725,0.177,0.764,0.200,0.799,0.222,0.832,0.243,0.862,0.261,0.898,0.273,0.954,0.301,1.005,0.328,1.054,0.356,1.096,0.396,1.138,0.448,1.177,0.494,1.212,0.530,1.245,0.560,1.280,0.585,1.309,0.614,1.339,0.639,1.365,0.664,1.863,1.119,2.800,1.689,8.432,5.835
188,0.241,0.071,0.313,0.111,0.374,0.149,0.426,0.185,0.472,0.223,0.513,0.264,0.551,0.305,0.585,0.342,0.616,0.376,0.645,0.408,0.681,0.436,0.734,0.492,0.784,0.545,0.831,0.590,0.870,0.638,0.910,0.682,0.946,0.728,0.980,0.769,1.011,0.808,1.045,0.841,1.072,0.879,1.100,0.913,1.125,0.947,1.601,1.456,2.550,1.926,8.676,4.995
189,0.030,0.006,0.051,0.004,0.073,0.006,0.094,0.010,0.117,0.016,0.146,0.022,0.176,0.028,0.204,0.045,0.232,0.063,0.258,0.079,0.292,0.103,0.344,0.164,0.394,0.233,0.441,0.289,0.480,0.341,0.520,0.410,0.555,0.492,0.589,0.582,0.619,0.633,0.652,0.677,0.680,0.721,0.708,0.760,0.732,0.797,1.199,1.360,2.157,1.844,8.288,4.867
190,0.000,0.000,0.000,0.000,0.000,0.000,0.000,0.000,0.000,0.000,0.001,0.001,0.001,0.002,0.002,0.001,0.004,0.003,0.006,0.003,0.009,0.003,0.030,0.011,0.063,0.036,0.096,0.073,0.127,0.093,0.162,0.125,0.195,0.164,0.225,0.185,0.254,0.209,0.286,0.230,0.316,0.259,0.345,0.282,0.372,0.303,0.897,0.892,1.899,1.777,8.237,5.427
191,0.000,0.000,0.000,0.000,0.000,0.000,0.000,0.000,0.000,0.000,0.002,0.001,0.003,0.001,0.005,0.002,0.008,0.002,0.010,0.002,0.012,0.002,0.029,0.004,0.064,0.017,0.107,0.090,0.145,0.124,0.186,0.123,0.223,0.109,0.258,0.121,0.291,0.142,0.327,0.151,0.358,0.164,0.390,0.174,0.419,0.183,0.986,0.619,2.007,1.486,8.422,5.190
192,0.000,0.000,0.000,0.000,0.000,0.000,0.000,0.000,0.000,0.000,0.000,0.000,0.000,0.000,0.000,0.000,0.000,0.000,0.000,0.000,0.000,0.000,0.000,0.000,0.001,0.000,0.014,0.000,0.029,0.008,0.044,0.016,0.060,0.015,0.078,0.020,0.095,0.021,0.115,0.022,0.133,0.026,0.154,0.029,0.172,0.035,0.693,0.845,1.704,1.706,8.060,5.255
193,0.000,0.000,0.000,0.000,0.000,0.000,0.000,0.000,0.000,0.000,0.000,0.000,0.000,0.000,0.000,0.000,0.000,0.000,0.000,0.000,0.004,0.000,0.027,0.002,0.070,0.011,0.124,0.096,0.169,0.205,0.210,0.257,0.249,0.308,0.287,0.347,0.323,0.398,0.360,0.453,0.393,0.500,0.426,0.539,0.455,0.571,1.020,0.995,2.037,1.617,8.457,5.180
194,0.000,0.000,0.000,0.000,0.000,0.000,0.000,0.000,0.000,0.000,0.000,0.000,0.000,0.000,0.000,0.000,0.000,0.000,0.000,0.000,0.000,0.000,0.000,0.000,0.010,0.000,0.055,0.006,0.100,0.019,0.141,0.053,0.180,0.107,0.218,0.112,0.253,0.131,0.290,0.132,0.322,0.155,0.354,0.176,0.382,0.180,0.956,0.600,1.986,1.477,8.485,4.954
195,0.000,0.000,0.000,0.000,0.000,0.000,0.000,0.000,0.000,0.000,0.000,0.000,0.000,0.000,0.000,0.000,0.000,0.000,0.000,0.000,0.000,0.000,0.001,0.000,0.014,0.001,0.045,0.005,0.079,0.015,0.112,0.064,0.151,0.151,0.188,0.206,0.222,0.261,0.259,0.320,0.291,0.381,0.323,0.419,0.352,0.444,0.919,0.935,1.959,1.612,8.711,4.305
196,0.000,0.000,0.000,0.000,0.000,0.000,0.000,0.000,0.000,0.000,0.000,0.000,0.000,0.000,0.000,0.000,0.000,0.000,0.000,0.000,0.000,0.000,0.000,0.000,0.009,0.000,0.048,0.003,0.085,0.015,0.119,0.053,0.156,0.115,0.194,0.124,0.228,0.123,0.266,0.165,0.297,0.175,0.329,0.182,0.358,0.186,0.927,0.935,1.949,1.721,8.388,5.059
197,0.000,0.000,0.000,0.000,0.000,0.000,0.000,0.000,0.000,0.000,0.000,0.000,0.002,0.000,0.008,0.000,0.018,0.000,0.032,0.002,0.056,0.006,0.109,0.016,0.163,0.020,0.225,0.036,0.273,0.112,0.318,0.173,0.359,0.197,0.398,0.225,0.433,0.257,0.471,0.295,0.504,0.314,0.537,0.327,0.567,0.349,1.130,0.800,2.153,1.488,8.706,4.943
198,0.000,0.000,0.000,0.000,0.000,0.000,0.000,0.000,0.000,0.000,0.000,0.000,0.000,0.000,0.000,0.000,0.000,0.000,0.000,0.000,0.000,0.000,0.001,0.000,0.013,0.003,0.037,0.009,0.064,0.022,0.098,0.035,0.137,0.085,0.174,0.146,0.209,0.218,0.246,0.257,0.279,0.307,0.311,0.349,0.340,0.385,0.909,0.747,1.939,1.456,8.548,4.751
199,0.000,0.000,0.000,0.000,0.000,0.000,0.000,0.000,0.000,0.000,0.001,0.001,0.002,0.001,0.003,0.001,0.004,0.002,0.006,0.002,0.011,0.003,0.026,0.007,0.047,0.011,0.088,0.033,0.126,0.060,0.167,0.090,0.205,0.114,0.241,0.149,0.274,0.182,0.310,0.219,0.342,0.274,0.373,0.330,0.403,0.374,0.962,0.887,1.985,1.624,8.566,5.023
200,0.000,0.000,0.000,0.000,0.001,0.000,0.001,0.000,0.001,0.000,0.003,0.010,0.011,0.005,0.022,0.007,0.031,0.006,0.040,0.006,0.054,0.022,0.078,0.014,0.108,0.016,0.142,0.019,0.173,0.049,0.204,0.028,0.234,0.028,0.263,0.031,0.290,0.036,0.318,0.044,0.342,0.054,0.366,0.065,0.388,0.076,0.894,0.900,1.921,1.790,8.438,5.109
201,0.000,0.000,0.000,0.000,0.000,0.000,0.000,0.000,0.000,0.000,0.000,0.000,0.000,0.000,0.000,0.000,0.000,0.000,0.000,0.000,0.000,0.000,0.000,0.000,0.000,0.000,0.001,0.000,0.001,0.002,0.001,0.001,0.001,0.000,0.002,0.000,0.002,0.000,0.002,0.000,0.003,0.001,0.005,0.005,0.009,0.007,0.413,1.202,1.682,2.125,9.791,6.308
202,0.000,0.000,0.000,0.000,0.000,0.000,0.000,0.000,0.000,0.000,0.000,0.000,0.000,0.000,0.000,0.000,0.000,0.000,0.000,0.000,0.000,0.000,0.000,0.000,0.000,0.000,0.002,0.000,0.004,0.001,0.008,0.002,0.012,0.002,0.021,0.007,0.048,0.012,0.080,0.022,0.108,0.027,0.137,0.027,0.164,0.026,0.727,0.680,1.768,1.590,8.471,4.153
203,0.000,0.000,0.000,0.000,0.000,0.000,0.000,0.000,0.000,0.000,0.000,0.000,0.000,0.000,0.000,0.000,0.000,0.000,0.000,0.000,0.000,0.000,0.000,0.000,0.000,0.000,0.000,0.000,0.005,0.001,0.011,0.003,0.021,0.006,0.035,0.008,0.051,0.014,0.074,0.027,0.096,0.046,0.121,0.070,0.145,0.090,0.704,0.715,1.738,1.515,8.434,4.635
204,0.000,0.000,0.000,0.000,0.000,0.000,0.000,0.000,0.000,0.000,0.000,0.000,0.000,0.000,0.000,0.000,0.000,0.000,0.000,0.000,0.000,0.000,0.000,0.000,0.000,0.000,0.000,0.000,0.000,0.000,0.000,0.000,0.000,0.000,0.000,0.000,0.000,0.000,0.001,0.003,0.003,0.002,0.006,0.003,0.010,0.004,0.680,0.828,2.947,3.257,17.733,10.640
205,0.000,0.000,0.000,0.000,0.000,0.000,0.000,0.000,0.000,0.000,0.000,0.000,0.000,0.000,0.000,0.000,0.000,0.000,0.000,0.000,0.000,0.000,0.000,0.000,0.000,0.000,0.003,0.000,0.008,0.002,0.016,0.003,0.026,0.008,0.040,0.010,0.053,0.010,0.074,0.016,0.093,0.019,0.117,0.025,0.143,0.030,0.691,0.303,1.721,1.344,8.232,4.951
206,0.000,0.000,0.000,0.000,0.000,0.000,0.000,0.000,0.000,0.000,0.000,0.000,0.000,0.000,0.000,0.000,0.000,0.000,0.000,0.000,0.002,0.000,0.017,0.001,0.047,0.009,0.088,0.029,0.126,0.095,0.169,0.166,0.208,0.258,0.245,0.309,0.278,0.363,0.314,0.408,0.346,0.437,0.378,0.464,0.407,0.491,0.958,0.986,1.983,1.592,8.594,4.867
207,0.000,0.000,0.000,0.000,0.000,0.000,0.000,0.000,0.000,0.000,0.000,0.000,0.000,0.000,0.000,0.000,0.000,0.000,0.000,0.000,0.001,0.000,0.004,0.001,0.009,0.004,0.017,0.009,0.030,0.009,0.052,0.014,0.077,0.028,0.104,0.041,0.131,0.062,0.164,0.091,0.195,0.114,0.227,0.145,0.255,0.172,0.806,0.718,1.832,1.551,8.416,4.953
208,0.000,0.000,0.000,0.000,0.000,0.000,0.001,0.001,0.001,0.000,0.002,0.001,0.003,0.001,0.004,0.001,0.005,0.003,0.013,0.008,0.026,0.011,0.059,0.038,0.097,0.087,0.138,0.129,0.179,0.162,0.221,0.214,0.260,0.270,0.299,0.286,0.333,0.316,0.371,0.340,0.404,0.381,0.436,0.422,0.465,0.456,1.018,0.896,2.045,1.680,8.636,4.974
209,0.000,0.000,0.000,0.000,0.000,0.000,0.000,0.000,0.000,0.000,0.000,0.000,0.000,0.000,0.000,0.000,0.000,0.000,0.000,0.000,0.000,0.000,0.003,0.000,0.009,0.000,0.021,0.005,0.037,0.010,0.059,0.015,0.082,0.027,0.106,0.033,0.131,0.043,0.161,0.061,0.188,0.092,0.216,0.121,0.242,0.142,0.781,0.606,1.821,1.331,8.377,4.936
210,0.000,0.000,0.000,0.000,0.000,0.000,0.000,0.000,0.000,0.000,0.000,0.000,0.000,0.000,0.000,0.000,0.001,0.001,0.003,0.002,0.008,0.002,0.030,0.010,0.064,0.027,0.100,0.049,0.137,0.091,0.178,0.145,0.217,0.189,0.253,0.249,0.286,0.326,0.323,0.382,0.354,0.425,0.387,0.467,0.415,0.508,0.961,1.033,1.982,1.705,8.517,5.112
211,0.000,0.000,0.000,0.000,0.000,0.000,0.000,0.000,0.000,0.000,0.001,0.001,0.001,0.001,0.003,0.001,0.005,0.003,0.008,0.003,0.014,0.005,0.023,0.005,0.033,0.005,0.044,0.009,0.057,0.015,0.079,0.025,0.100,0.028,0.123,0.031,0.144,0.031,0.168,0.032,0.191,0.034,0.217,0.041,0.241,0.056,0.751,0.845,1.740,1.923,7.965,5.761
212,0.000,0.000,0.000,0.000,0.000,0.000,0.001,0.000,0.001,0.000,0.002,0.001,0.003,0.000,0.004,0.001,0.010,0.001,0.015,0.001,0.021,0.001,0.035,0.002,0.049,0.003,0.068,0.005,0.090,0.006,0.113,0.008,0.136,0.012,0.161,0.018,0.185,0.023,0.212,0.030,0.236,0.030,0.260,0.033,0.282,0.036,0.788,0.222,1.752,1.126,7.401,6.441
213,0.000,0.000,0.000,0.000,0.000,0.000,0.000,0.000,0.000,0.000,0.000,0.000,0.000,0.000,0.000,0.000,0.000,0.000,0.000,0.000,0.000,0.000,0.000,0.000,0.000,0.000,0.000,0.000,0.000,0.000,0.000,0.000,0.000,0.000,0.000,0.000,0.000,0.000,0.000,0.000,0.001,0.000,0.002,0.001,0.003,0.001,0.345,0.213,2.111,3.185,15.158,13.265
214,0.062,0.011,0.107,0.015,0.149,0.015,0.190,0.015,0.228,0.013,0.265,0.012,0.300,0.013,0.332,0.014,0.362,0.012,0.392,0.013,0.427,0.011,0.483,0.012,0.530,0.010,0.583,0.009,0.626,0.007,0.669,0.033,0.709,0.079,0.746,0.043,0.780,0.051,0.817,0.050,0.849,0.051,0.881,0.059,0.909,0.071,1.453,0.644,2.445,1.722,8.435,5.909
215,0.003,0.001,0.018,0.005,0.042,0.010,0.068,0.014,0.098,0.015,0.128,0.011,0.160,0.014,0.189,0.017,0.217,0.015,0.246,0.022,0.281,0.017,0.337,0.023,0.385,0.019,0.439,0.012,0.482,0.016,0.525,0.045,0.564,0.102,0.602,0.122,0.635,0.160,0.672,0.204,0.704,0.252,0.736,0.294,0.764,0.324,1.316,0.976,2.333,1.763,8.698,5.040
216,0.195,0.016,0.274,0.021,0.339,0.012,0.395,0.011,0.444,0.007,0.487,0.009,0.527,0.008,0.562,0.008,0.595,0.006,0.626,0.006,0.663,0.007,0.721,0.009,0.770,0.007,0.824,0.005,0.867,0.006,0.910,0.018,0.950,0.047,0.988,0.098,1.021,0.135,1.058,0.174,1.090,0.212,1.122,0.245,1.151,0.274,1.692,0.985,2.667,1.964,8.377,6.246
217,0.006,0.000,0.010,0.000,0.013,0.000,0.016,0.000,0.019,0.002,0.024,0.001,0.029,0.001,0.033,0.002,0.037,0.002,0.042,0.002,0.046,0.002,0.055,0.003,0.064,0.007,0.079,0.006,0.094,0.006,0.114,0.008,0.137,0.000,0.160,0.023,0.184,0.038,0.212,0.048,0.237,0.065,0.263,0.084,0.287,0.093,0.826,0.765,1.848,1.596,8.327,4.530
218,0.000,0.000,0.000,0.000,0.000,0.000,0.000,0.000,0.001,0.000,0.002,0.001,0.003,0.001,0.006,0.002,0.008,0.001,0.011,0.002,0.014,0.002,0.019,0.002,0.048,0.022,0.086,0.020,0.116,0.017,0.147,0.014,0.175,0.012,0.202,0.015,0.227,0.016,0.255,0.017,0.279,0.018,0.304,0.021,0.326,0.026,0.830,0.632,1.781,1.798,7.046,6.047
219,0.008,0.001,0.027,0.006,0.053,0.008,0.082,0.011,0.112,0.012,0.142,0.019,0.177,0.015,0.209,0.015,0.240,0.013,0.271,0.015,0.307,0.015,0.363,0.013,0.411,0.013,0.464,0.009,0.508,0.012,0.551,0.014,0.590,0.029,0.628,0.084,0.662,0.112,0.699,0.141,0.731,0.169,0.763,0.193,0.791,0.216,1.327,0.933,2.283,1.969,7.641,6.347
220,0.010,0.006,0.040,0.013,0.083,0.020,0.126,0.018,0.170,0.023,0.212,0.028,0.252,0.018,0.287,0.023,0.320,0.014,0.350,0.011,0.387,0.014,0.445,0.011,0.494,0.007,0.548,0.005,0.591,0.005,0.634,0.019,0.674,0.064,0.712,0.072,0.746,0.102,0.783,0.139,0.815,0.177,0.846,0.213,0.875,0.241,1.403,0.960,2.351,2.049,7.797,6.730
221,0.000,0.000,0.000,0.000,0.000,0.000,0.003,0.000,0.008,0.001,0.019,0.003,0.030,0.005,0.047,0.006,0.068,0.011,0.092,0.012,0.126,0.014,0.181,0.020,0.230,0.015,0.283,0.028,0.326,0.028,0.369,0.032,0.409,0.066,0.447,0.089,0.480,0.121,0.517,0.155,0.548,0.190,0.580,0.219,0.608,0.240,1.136,0.870,2.094,1.857,7.467,6.695
222,0.000,0.000,0.000,0.000,0.000,0.000,0.000,0.000,0.000,0.000,0.000,0.000,0.000,0.000,0.000,0.000,0.000,0.001,0.001,0.000,0.002,0.001,0.007,0.001,0.027,0.019,0.064,0.015,0.097,0.015,0.130,0.015,0.161,0.018,0.191,0.019,0.217,0.019,0.246,0.024,0.272,0.033,0.299,0.043,0.324,0.058,0.846,0.626,1.813,1.529,7.311,6.620
223,0.007,0.000,0.039,0.006,0.080,0.010,0.127,0.016,0.172,0.014,0.215,0.019,0.254,0.013,0.289,0.014,0.322,0.014,0.352,0.013,0.389,0.011,0.447,0.011,0.496,0.006,0.550,0.006,0.593,0.005,0.636,0.018,0.676,0.057,0.714,0.088,0.748,0.123,0.784,0.164,0.816,0.205,0.848,0.242,0.876,0.268,1.403,0.988,2.354,2.005,7.693,6.609
224,0.000,0.000,0.000,0.000,0.000,0.000,0.004,0.004,0.011,0.002,0.026,0.007,0.048,0.013,0.074,0.017,0.101,0.015,0.126,0.015,0.157,0.015,0.208,0.023,0.255,0.012,0.309,0.012,0.352,0.015,0.395,0.019,0.435,0.041,0.472,0.062,0.506,0.084,0.543,0.109,0.575,0.137,0.606,0.170,0.634,0.198,1.161,0.868,2.106,1.910,7.300,6.551
225,0.000,0.000,0.000,0.000,0.000,0.000,0.000,0.000,0.000,0.000,0.000,0.000,0.000,0.000,0.001,0.000,0.001,0.000,0.002,0.000,0.003,0.000,0.009,0.007,0.025,0.007,0.049,0.008,0.069,0.007,0.090,0.007,0.109,0.008,0.128,0.008,0.146,0.007,0.166,0.008,0.186,0.017,0.211,0.042,0.236,0.067,0.752,0.547,1.692,1.628,6.735,6.291
226,0.000,0.000,0.000,0.000,0.000,0.000,0.000,0.000,0.000,0.000,0.000,0.000,0.000,0.000,0.000,0.000,0.000,0.000,0.000,0.000,0.000,0.000,0.000,0.000,0.000,0.000,0.002,0.000,0.008,0.000,0.014,0.003,0.027,0.005,0.044,0.007,0.064,0.011,0.092,0.013,0.116,0.023,0.143,0.026,0.167,0.039,0.691,0.437,1.643,1.561,7.250,5.596
227,0.000,0.000,0.000,0.000,0.000,0.000,0.000,0.000,0.000,0.000,0.001,0.001,0.003,0.001,0.005,0.001,0.007,0.001,0.009,0.001,0.015,0.002,0.050,0.008,0.100,0.022,0.148,0.112,0.192,0.159,0.234,0.140,0.273,0.162,0.311,0.140,0.345,0.153,0.381,0.175,0.413,0.195,0.444,0.212,0.472,0.239,1.002,0.824,1.965,1.654,7.512,6.465
228,0.000,0.000,0.000,0.000,0.000,0.000,0.000,0.000,0.000,0.000,0.000,0.000,0.001,0.000,0.001,0.000,0.001,0.000,0.001,0.000,0.002,0.000,0.007,0.001,0.020,0.002,0.049,0.009,0.088,0.020,0.127,0.050,0.166,0.076,0.202,0.105,0.235,0.135,0.272,0.126,0.303,0.130,0.335,0.146,0.363,0.122,0.892,0.739,1.847,1.779,7.443,6.139
229,0.000,0.000,0.000,0.000,0.001,0.000,0.001,0.000,0.002,0.000,0.002,0.000,0.003,0.000,0.004,0.001,0.006,0.002,0.008,0.001,0.012,0.005,0.023,0.004,0.038,0.007,0.062,0.011,0.096,0.018,0.133,0.035,0.172,0.055,0.208,0.082,0.241,0.094,0.277,0.102,0.307,0.116,0.338,0.124,0.365,0.134,0.891,0.393,1.832,1.632,6.885,6.709
230,0.000,0.000,0.000,0.000,0.000,0.000,0.000,0.000,0.000,0.000,0.000,0.000,0.000,0.000,0.000,0.000,0.000,0.000,0.000,0.000,0.000,0.000,0.000,0.000,0.000,0.000,0.001,0.000,0.003,0.001,0.008,0.003,0.017,0.004,0.028,0.008,0.042,0.013,0.058,0.013,0.076,0.020,0.095,0.024,0.115,0.033,0.636,0.237,1.576,1.531,6.484,6.764
231,0.000,0.000,0.001,0.000,0.003,0.001,0.006,0.001,0.009,0.001,0.014,0.001,0.017,0.001,0.021,0.001,0.025,0.001,0.028,0.001,0.033,0.001,0.041,0.001,0.048,0.002,0.056,0.002,0.066,0.004,0.077,0.004,0.089,0.005,0.101,0.005,0.114,0.007,0.132,0.013,0.154,0.019,0.183,0.028,0.210,0.027,0.736,0.142,1.693,0.949,7.331,5.209
232,0.000,0.000,0.000,0.000,0.000,0.000,0.000,0.000,0.001,0.000,0.002,0.000,0.003,0.001,0.008,0.001,0.015,0.002,0.023,0.003,0.035,0.003,0.055,0.005,0.078,0.006,0.104,0.006,0.128,0.005,0.151,0.005,0.173,0.005,0.193,0.006,0.212,0.007,0.233,0.010,0.252,0.015,0.271,0.029,0.291,0.051,0.807,0.386,1.762,1.085,7.551,4.439
233,0.000,0.000,0.000,0.000,0.001,0.000,0.002,0.000,0.003,0.000,0.004,0.001,0.005,0.001,0.008,0.001,0.012,0.002,0.018,0.004,0.031,0.005,0.053,0.007,0.081,0.009,0.107,0.009,0.131,0.010,0.155,0.010,0.178,0.013,0.201,0.014,0.222,0.015,0.245,0.017,0.265,0.021,0.285,0.027,0.303,0.037,0.774,0.557,1.693,1.423,7.315,4.677
234,0.002,0.000,0.002,0.000,0.003,0.000,0.004,0.000,0.005,0.000,0.007,0.001,0.011,0.002,0.016,0.002,0.021,0.002,0.026,0.003,0.032,0.003,0.042,0.002,0.052,0.002,0.062,0.003,0.072,0.003,0.084,0.005,0.095,0.006,0.107,0.009,0.119,0.015,0.134,0.022,0.150,0.030,0.170,0.037,0.192,0.045,0.695,0.499,1.628,1.323,7.293,4.697
235,0.000,0.000,0.000,0.000,0.000,0.000,0.001,0.000,0.002,0.000,0.003,0.000,0.004,0.000,0.007,0.001,0.009,0.001,0.012,0.001,0.015,0.001,0.025,0.002,0.040,0.004,0.061,0.010,0.084,0.013,0.108,0.012,0.130,0.012,0.151,0.013,0.170,0.015,0.190,0.018,0.208,0.022,0.225,0.031,0.241,0.049,0.739,0.434,1.670,1.249,7.429,4.109
236,0.000,0.000,0.000,0.000,0.000,0.000,0.001,0.000,0.001,0.000,0.002,0.000,0.004,0.001,0.006,0.002,0.010,0.003,0.015,0.005,0.029,0.005,0.056,0.013,0.086,0.015,0.121,0.025,0.152,0.032,0.184,0.042,0.220,0.060,0.253,0.082,0.284,0.110,0.318,0.155,0.347,0.202,0.376,0.250,0.402,0.307,0.903,0.801,1.839,1.483,7.682,4.375
237,0.000,0.000,0.000,0.000,0.000,0.000,0.000,0.000,0.000,0.000,0.000,0.000,0.000,0.000,0.000,0.000,0.000,0.000,0.000,0.000,0.000,0.000,0.000,0.000,0.001,0.000,0.002,0.000,0.004,0.000,0.006,0.001,0.008,0.001,0.011,0.001,0.013,0.002,0.016,0.003,0.023,0.011,0.042,0.025,0.067,0.027,0.565,0.639,1.498,1.427,7.340,4.199
238,0.000,0.000,0.000,0.000,0.000,0.000,0.000,0.000,0.000,0.000,0.002,0.001,0.006,0.002,0.010,0.002,0.014,0.002,0.018,0.003,0.024,0.005,0.042,0.009,0.067,0.030,0.097,0.054,0.127,0.077,0.161,0.111,0.193,0.162,0.226,0.199,0.257,0.244,0.290,0.299,0.317,0.370,0.346,0.444,0.371,0.514,0.820,1.333,1.779,1.787,7.725,4.556
239,0.000,0.000,0.000,0.000,0.000,0.000,0.000,0.000,0.000,0.000,0.000,0.000,0.000,0.000,0.002,0.001,0.005,0.001,0.011,0.002,0.025,0.009,0.059,0.011,0.098,0.031,0.140,0.097,0.179,0.170,0.219,0.239,0.257,0.320,0.293,0.381,0.324,0.452,0.355,0.545,0.381,0.632,0.409,0.687,0.434,0.725,0.923,1.164,1.884,1.650,7.970,4.333
240,0.000,0.000,0.000,0.000,0.000,0.000,0.000,0.000,0.000,0.000,0.000,0.000,0.000,0.000,0.000,0.000,0.000,0.000,0.000,0.000,0.000,0.000,0.001,0.001,0.004,0.001,0.011,0.003,0.021,0.003,0.045,0.011,0.070,0.018,0.102,0.028,0.128,0.040,0.157,0.063,0.180,0.089,0.208,0.125,0.234,0.187,0.705,1.168,1.675,1.598,7.679,4.283
241,0.000,0.000,0.000,0.000,0.000,0.000,0.000,0.000,0.000,0.000,0.000,0.000,0.000,0.000,0.000,0.000,0.000,0.000,0.000,0.000,0.000,0.000,0.000,0.000,0.000,0.000,0.000,0.000,0.000,0.000,0.000,0.001,0.001,0.001,0.004,0.002,0.006,0.002,0.010,0.003,0.015,0.007,0.030,0.016,0.051,0.025,0.491,1.192,1.477,1.583,7.420,4.254
242,0.000,0.000,0.000,0.000,0.000,0.000,0.000,0.000,0.000,0.000,0.000,0.001,0.001,0.003,0.003,0.003,0.006,0.003,0.010,0.006,0.016,0.007,0.027,0.007,0.042,0.012,0.059,0.018,0.079,0.020,0.100,0.032,0.125,0.040,0.148,0.047,0.170,0.056,0.197,0.062,0.222,0.068,0.249,0.087,0.273,0.125,0.823,0.746,1.821,1.970,7.786,5.866
243,0.000,0.000,0.000,0.000,0.000,0.000,0.000,0.000,0.000,0.000,0.000,0.002,0.003,0.002,0.006,0.002,0.010,0.003,0.016,0.006,0.030,0.013,0.053,0.011,0.076,0.019,0.107,0.041,0.145,0.077,0.184,0.110,0.224,0.135,0.262,0.166,0.298,0.191,0.335,0.221,0.368,0.258,0.401,0.301,0.430,0.345,0.992,1.030,2.027,1.780,8.682,4.456
244,0.000,0.000,0.000,0.000,0.000,0.000,0.000,0.000,0.000,0.000,0.000,0.000,0.000,0.000,0.000,0.000,0.000,0.000,0.000,0.000,0.000,0.000,0.000,0.001,0.002,0.001,0.004,0.001,0.008,0.003,0.014,0.005,0.023,0.004,0.034,0.009,0.047,0.012,0.066,0.014,0.084,0.018,0.104,0.027,0.124,0.036,0.664,0.892,1.708,1.720,8.469,4.243
245,0.000,0.000,0.000,0.000,0.000,0.000,0.000,0.000,0.001,0.000,0.001,0.000,0.002,0.001,0.004,0.003,0.009,0.005,0.016,0.007,0.027,0.010,0.049,0.021,0.078,0.030,0.111,0.047,0.145,0.068,0.182,0.120,0.220,0.156,0.257,0.193,0.291,0.219,0.329,0.249,0.361,0.283,0.393,0.324,0.422,0.374,0.983,1.161,2.030,1.818,8.835,4.323
246,0.000,0.000,0.000,0.000,0.002,0.000,0.003,0.000,0.003,0.000,0.005,0.000,0.006,0.000,0.010,0.004,0.017,0.004,0.024,0.006,0.033,0.010,0.050,0.013,0.068,0.018,0.088,0.037,0.113,0.041,0.138,0.050,0.163,0.056,0.188,0.068,0.216,0.087,0.246,0.102,0.274,0.117,0.303,0.135,0.328,0.159,0.884,0.860,1.931,1.700,8.825,4.197
247,0.000,0.000,0.000,0.000,0.000,0.000,0.001,0.000,0.002,0.001,0.004,0.001,0.008,0.002,0.017,0.007,0.027,0.007,0.035,0.007,0.045,0.006,0.061,0.005,0.076,0.006,0.090,0.021,0.127,0.061,0.166,0.071,0.203,0.078,0.238,0.089,0.269,0.100,0.303,0.119,0.333,0.146,0.363,0.197,0.391,0.290,0.931,1.082,1.940,1.983,8.291,5.493
248,0.000,0.000,0.000,0.000,0.000,0.000,0.000,0.000,0.000,0.000,0.000,0.000,0.000,0.000,0.000,0.000,0.000,0.000,0.000,0.000,0.000,0.000,0.000,0.000,0.000,0.000,0.000,0.002,0.011,0.005,0.023,0.006,0.034,0.005,0.045,0.005,0.055,0.005,0.066,0.011,0.077,0.015,0.089,0.038,0.103,0.079,0.635,0.942,1.649,1.934,8.074,5.362
249,0.000,0.000,0.001,0.000,0.001,0.000,0.002,0.000,0.003,0.000,0.005,0.000,0.006,0.000,0.007,0.000,0.008,0.000,0.009,0.000,0.010,0.001,0.012,0.001,0.014,0.003,0.023,0.009,0.051,0.019,0.085,0.018,0.117,0.018,0.146,0.018,0.174,0.019,0.203,0.020,0.229,0.021,0.256,0.026,0.279,0.032,0.801,0.783,1.783,1.882,7.473,6.180
250,0.000,0.000,0.001,0.000,0.001,0.000,0.001,0.000,0.002,0.000,0.002,0.000,0.002,0.000,0.003,0.000,0.003,0.000,0.004,0.000,0.004,0.001,0.010,0.003,0.043,0.008,0.076,0.009,0.105,0.009,0.133,0.009,0.159,0.008,0.184,0.008,0.206,0.008,0.230,0.009,0.251,0.011,0.272,0.015,0.292,0.024,0.742,0.563,1.729,1.450,7.879,5.387
251,0.000,0.000,0.000,0.000,0.000,0.000,0.000,0.000,0.000,0.000,0.001,0.000,0.001,0.001,0.001,0.001,0.002,0.001,0.002,0.000,0.008,0.024,0.042,0.014,0.077,0.017,0.110,0.014,0.143,0.014,0.178,0.020,0.215,0.027,0.251,0.041,0.284,0.061,0.320,0.086,0.352,0.104,0.384,0.119,0.413,0.144,0.959,0.627,1.953,1.314,8.235,5.209
252,0.000,0.000,0.000,0.000,0.000,0.000,0.000,0.000,0.000,0.000,0.000,0.000,0.000,0.000,0.000,0.000,0.000,0.000,0.000,0.000,0.000,0.000,0.000,0.000,0.001,0.000,0.001,0.000,0.002,0.000,0.006,0.006,0.014,0.004,0.022,0.007,0.031,0.008,0.044,0.010,0.059,0.014,0.078,0.017,0.097,0.023,0.629,0.423,1.624,1.093,7.946,5.090
253,0.000,0.000,0.000,0.000,0.001,0.000,0.001,0.000,0.002,0.000,0.002,0.000,0.002,0.000,0.002,0.000,0.003,0.000,0.003,0.000,0.010,0.019,0.046,0.008,0.080,0.007,0.112,0.006,0.140,0.006,0.167,0.005,0.192,0.004,0.217,0.004,0.241,0.005,0.268,0.006,0.291,0.008,0.315,0.011,0.335,0.016,0.843,0.559,1.833,1.317,7.753,5.930
254,0.000,0.000,0.000,0.000,0.000,0.000,0.000,0.000,0.002,0.002,0.004,0.001,0.007,0.001,0.010,0.003,0.013,0.004,0.016,0.004,0.021,0.005,0.049,0.017,0.083,0.021,0.117,0.019,0.148,0.026,0.184,0.031,0.218,0.038,0.253,0.061,0.287,0.073,0.324,0.080,0.356,0.090,0.387,0.107,0.415,0.123,0.958,0.630,1.954,1.375,7.992,5.526
255,0.000,0.000,0.000,0.000,0.000,0.000,0.000,0.000,0.000,0.000,0.000,0.000,0.000,0.000,0.000,0.000,0.000,0.000,0.000,0.000,0.000,0.000,0.001,0.000,0.001,0.000,0.002,0.000,0.006,0.004,0.012,0.003,0.020,0.005,0.037,0.016,0.057,0.010,0.079,0.010,0.098,0.009,0.120,0.016,0.140,0.017,0.662,0.381,1.658,1.235,7.702,5.456
256,0.000,0.000,0.000,0.000,0.000,0.000,0.000,0.000,0.000,0.000,0.000,0.000,0.000,0.000,0.000,0.000,0.000,0.000,0.000,0.000,0.000,0.000,0.000,0.000,0.000,0.000,0.000,0.000,0.003,0.007,0.039,0.013,0.075,0.016,0.109,0.015,0.142,0.016,0.178,0.017,0.208,0.022,0.239,0.046,0.267,0.111,0.811,0.715,1.802,1.473,7.999,5.413
257,0.017,0.005,0.034,0.005,0.049,0.004,0.062,0.005,0.074,0.002,0.085,0.001,0.095,0.001,0.103,0.001,0.112,0.004,0.121,0.003,0.131,0.003,0.146,0.007,0.162,0.019,0.178,0.051,0.196,0.071,0.221,0.094,0.257,0.100,0.290,0.107,0.323,0.118,0.358,0.130,0.389,0.151,0.421,0.196,0.448,0.358,0.979,0.960,1.948,1.737,7.963,5.802
258,0.000,0.000,0.000,0.000,0.001,0.000,0.001,0.000,0.002,0.000,0.003,0.001,0.004,0.001,0.005,0.001,0.006,0.001,0.008,0.002,0.010,0.001,0.013,0.001,0.018,0.001,0.023,0.003,0.028,0.002,0.034,0.002,0.041,0.006,0.049,0.005,0.058,0.009,0.069,0.010,0.079,0.019,0.099,0.032,0.123,0.029,0.635,0.472,1.610,1.442,7.607,5.696
259,0.000,0.000,0.001,0.001,0.003,0.001,0.008,0.004,0.016,0.005,0.024,0.006,0.033,0.007,0.042,0.007,0.052,0.009,0.061,0.007,0.073,0.007,0.092,0.009,0.112,0.010,0.134,0.015,0.155,0.014,0.176,0.019,0.200,0.023,0.224,0.022,0.246,0.025,0.271,0.031,0.294,0.034,0.317,0.041,0.338,0.050,0.818,0.463,1.754,1.201,7.537,5.667
260,0.000,0.000,0.000,0.000,0.001,0.001,0.002,0.001,0.003,0.001,0.005,0.001,0.006,0.001,0.007,0.001,0.009,0.004,0.012,0.002,0.022,0.007,0.038,0.007,0.053,0.006,0.069,0.008,0.083,0.007,0.097,0.006,0.110,0.006,0.125,0.010,0.143,0.014,0.166,0.024,0.192,0.034,0.218,0.035,0.242,0.042,0.763,0.185,1.719,0.286,7.863,4.509
261,0.000,0.000,0.000,0.000,0.000,0.000,0.000,0.000,0.001,0.000,0.002,0.001,0.005,0.004,0.008,0.003,0.012,0.003,0.015,0.002,0.022,0.006,0.040,0.014,0.071,0.019,0.107,0.024,0.146,0.029,0.187,0.031,0.225,0.039,0.262,0.043,0.295,0.046,0.331,0.050,0.361,0.063,0.392,0.104,0.420,0.166,0.951,0.445,1.910,0.781,8.104,4.554
262,0.000,0.000,0.000,0.000,0.000,0.000,0.000,0.000,0.000,0.000,0.000,0.000,0.001,0.000,0.001,0.000,0.001,0.000,0.001,0.000,0.001,0.000,0.002,0.000,0.004,0.003,0.007,0.002,0.017,0.006,0.027,0.007,0.037,0.007,0.047,0.008,0.057,0.007,0.067,0.007,0.081,0.017,0.099,0.024,0.121,0.043,0.650,0.335,1.610,0.714,7.804,4.483
263,0.000,0.000,0.000,0.000,0.000,0.000,0.002,0.001,0.006,0.001,0.010,0.001,0.014,0.003,0.017,0.002,0.021,0.001,0.031,0.004,0.043,0.004,0.061,0.004,0.086,0.011,0.121,0.015,0.159,0.026,0.198,0.031,0.234,0.044,0.270,0.055,0.303,0.061,0.340,0.069,0.371,0.091,0.402,0.123,0.430,0.151,0.956,0.505,1.915,0.962,8.059,4.727
264,0.000,0.000,0.000,0.000,0.000,0.000,0.000,0.000,0.000,0.000,0.000,0.000,0.000,0.000,0.000,0.000,0.000,0.000,0.000,0.000,0.001,0.000,0.001,0.000,0.003,0.001,0.007,0.001,0.018,0.004,0.028,0.004,0.038,0.004,0.057,0.012,0.077,0.012,0.102,0.014,0.123,0.015,0.147,0.023,0.170,0.031,0.683,0.384,1.642,0.888,7.778,4.662
265,0.000,0.000,0.000,0.000,0.000,0.000,0.000,0.000,0.000,0.000,0.001,0.001,0.002,0.000,0.004,0.002,0.006,0.001,0.009,0.001,0.013,0.003,0.020,0.003,0.037,0.007,0.060,0.012,0.081,0.009,0.102,0.009,0.121,0.010,0.143,0.015,0.165,0.017,0.192,0.021,0.216,0.025,0.243,0.031,0.267,0.034,0.777,0.267,1.740,0.768,7.998,4.322
266,0.000,0.000,0.000,0.000,0.000,0.000,0.000,0.000,0.000,0.000,0.000,0.000,0.000,0.000,0.000,0.000,0.000,0.000,0.000,0.000,0.001,0.000,0.002,0.000,0.003,0.000,0.008,0.001,0.012,0.002,0.023,0.004,0.041,0.006,0.062,0.010,0.083,0.010,0.108,0.013,0.129,0.017,0.152,0.015,0.172,0.020,0.692,0.296,1.657,0.723,8.044,4.108
267,0.000,0.000,0.000,0.000,0.000,0.000,0.000,0.000,0.000,0.000,0.001,0.000,0.002,0.002,0.003,0.001,0.009,0.004,0.014,0.003,0.026,0.007,0.051,0.011,0.078,0.010,0.107,0.015,0.135,0.013,0.166,0.016,0.197,0.021,0.230,0.023,0.260,0.032,0.294,0.057,0.325,0.078,0.356,0.101,0.383,0.111,0.912,0.405,1.875,0.860,8.173,4.339
268,0.000,0.000,0.000,0.000,0.000,0.000,0.000,0.000,0.000,0.000,0.000,0.000,0.000,0.000,0.000,0.000,0.000,0.000,0.000,0.000,0.000,0.000,0.001,0.000,0.001,0.000,0.001,0.000,0.003,0.002,0.029,0.002,0.060,0.006,0.087,0.020,0.115,0.031,0.144,0.029,0.170,0.028,0.196,0.028,0.220,0.029,0.731,0.386,1.689,0.873,7.657,4.907
269,0.000,0.000,0.001,0.000,0.001,0.000,0.002,0.000,0.003,0.000,0.004,0.000,0.005,0.000,0.006,0.001,0.008,0.002,0.011,0.001,0.015,0.002,0.023,0.004,0.031,0.003,0.039,0.004,0.047,0.008,0.068,0.027,0.108,0.029,0.143,0.036,0.176,0.098,0.213,0.127,0.244,0.152,0.275,0.174,0.303,0.192,0.827,0.564,1.783,1.062,7.742,5.074
270,0.000,0.000,0.000,0.000,0.000,0.000,0.000,0.000,0.001,0.000,0.001,0.000,0.002,0.002,0.004,0.001,0.006,0.002,0.008,0.004,0.011,0.002,0.019,0.005,0.028,0.004,0.036,0.005,0.043,0.006,0.070,0.040,0.107,0.054,0.144,0.064,0.176,0.068,0.212,0.095,0.243,0.123,0.273,0.148,0.301,0.171,0.820,0.676,1.779,1.173,7.927,4.640
271,0.000,0.000,0.001,0.000,0.002,0.000,0.003,0.000,0.004,0.001,0.009,0.001,0.016,0.006,0.025,0.007,0.035,0.005,0.044,0.005,0.058,0.008,0.082,0.009,0.108,0.012,0.132,0.019,0.154,0.041,0.178,0.094,0.213,0.151,0.249,0.178,0.282,0.193,0.317,0.198,0.347,0.204,0.378,0.209,0.404,0.216,0.913,0.806,1.861,1.397,7.884,5.047
272,0.000,0.000,0.000,0.000,0.000,0.000,0.001,0.000,0.002,0.001,0.004,0.002,0.006,0.002,0.008,0.002,0.011,0.002,0.014,0.006,0.023,0.008,0.049,0.014,0.080,0.022,0.111,0.030,0.139,0.035,0.166,0.062,0.201,0.163,0.235,0.322,0.267,0.365,0.301,0.387,0.330,0.410,0.359,0.428,0.384,0.446,0.870,1.029,1.807,1.726,7.507,5.581
273,0.000,0.000,0.000,0.000,0.000,0.000,0.001,0.000,0.001,0.000,0.002,0.000,0.002,0.000,0.002,0.000,0.003,0.000,0.003,0.000,0.003,0.000,0.005,0.000,0.006,0.000,0.007,0.001,0.008,0.001,0.015,0.005,0.038,0.017,0.066,0.018,0.093,0.020,0.123,0.020,0.148,0.021,0.175,0.023,0.199,0.023,0.693,0.650,1.641,1.364,7.566,5.096
274,0.001,0.000,0.001,0.000,0.002,0.000,0.002,0.000,0.002,0.001,0.004,0.000,0.005,0.001,0.008,0.001,0.012,0.003,0.019,0.007,0.033,0.015,0.059,0.019,0.089,0.033,0.119,0.060,0.144,0.093,0.178,0.178,0.213,0.285,0.244,0.385,0.274,0.420,0.307,0.448,0.334,0.475,0.361,0.498,0.385,0.520,0.850,1.116,1.810,1.838,7.951,4.808
275,0.000,0.000,0.000,0.000,0.000,0.000,0.000,0.000,0.000,0.000,0.000,0.000,0.000,0.000,0.000,0.000,0.000,0.000,0.000,0.000,0.000,0.000,0.000,0.000,0.000,0.000,0.000,0.000,0.001,0.000,0.025,0.017,0.055,0.013,0.082,0.015,0.108,0.014,0.137,0.013,0.161,0.014,0.186,0.016,0.208,0.019,0.658,0.727,1.625,1.756,7.791,4.688
276,0.000,0.000,0.000,0.000,0.000,0.000,0.000,0.000,0.000,0.000,0.000,0.000,0.000,0.000,0.000,0.000,0.000,0.000,0.000,0.000,0.000,0.000,0.000,0.000,0.000,0.000,0.000,0.000,0.000,0.000,0.000,0.000,0.000,0.000,0.000,0.000,0.000,0.000,0.000,0.000,0.000,0.000,0.000,0.000,0.000,0.000,0.033,0.072,0.115,0.139,0.639,0.447
277,0.000,0.000,0.000,0.000,0.000,0.000,0.000,0.000,0.000,0.000,0.000,0.000,0.000,0.000,0.000,0.000,0.000,0.000,0.000,0.000,0.000,0.000,0.000,0.000,0.000,0.000,0.002,0.001,0.006,0.002,0.010,0.002,0.015,0.004,0.025,0.010,0.037,0.019,0.054,0.024,0.074,0.039,0.098,0.062,0.123,0.070,0.670,0.802,1.686,1.618,8.234,5.009
278,0.000,0.000,0.000,0.000,0.000,0.000,0.000,0.000,0.000,0.000,0.000,0.000,0.000,0.000,0.000,0.000,0.000,0.000,0.000,0.000,0.000,0.000,0.000,0.000,0.000,0.000,0.000,0.000,0.000,0.000,0.000,0.000,0.000,0.000,0.000,0.000,0.000,0.000,0.000,0.000,0.000,0.000,0.000,0.000,0.001,0.000,0.093,0.110,0.283,0.287,1.502,0.893
279,0.000,0.000,0.000,0.000,0.000,0.000,0.000,0.000,0.000,0.000,0.000,0.000,0.000,0.000,0.000,0.000,0.000,0.000,0.000,0.000,0.000,0.000,0.000,0.000,0.000,0.000,0.000,0.000,0.002,0.000,0.021,0.004,0.036,0.010,0.054,0.011,0.072,0.013,0.092,0.017,0.113,0.022,0.136,0.033,0.158,0.045,0.695,0.689,1.722,1.461,8.343,4.787
280,0.000,0.000,0.000,0.000,0.000,0.000,0.000,0.000,0.000,0.000,0.001,0.000,0.001,0.000,0.001,0.000,0.001,0.000,0.002,0.000,0.003,0.001,0.006,0.002,0.013,0.002,0.038,0.012,0.069,0.016,0.104,0.021,0.135,0.026,0.168,0.028,0.197,0.028,0.230,0.030,0.259,0.036,0.288,0.045,0.314,0.053,0.852,0.508,1.851,1.511,7.964,5.670
