Hydraulic data input file for inSALMO,"Kanaka site, Clear Creek",,,,,,,,,,,,,,,,,,,,,,,,,,,,,,,,,,,,,,,,,,,,,,,,,,,
Created from Clear Creek River2D data,,,,8/29/2013 7:36,,,,,,,,,,,,,,,,,,,,,,,,,,,,,,,,,,,,,,,,,,,,,,,,
flows,1.42,,2.12,,2.83,,3.54,,4.25,,4.96,,5.66,,6.37,,7.08,,7.79,,8.5,,9.91,,11.33,,12.74,,14.16,,15.57,,16.99,,18.41,,19.82,,21.24,,22.65,,24.07,,25.5,,56.63,,141.6,,1416,
poly-id,depth@50,veloc@50,depth@075,veloc@075,depth@100,veloc@100,depth@125,veloc@125,depth@150,veloc@150,depth@175,veloc@175,depth@200,veloc@200,depth@225,veloc@225,depth@250,veloc@250,depth@275,veloc@275,depth@300,veloc@300,depth@350,veloc@350,depth@400,veloc@400,depth@450,veloc@450,depth@500,veloc@500,depth@550,veloc@550,depth@600,veloc@600,depth@650,veloc@650,depth@700,veloc@700,depth@750,veloc@750,depth@800,veloc@800,depth@850,veloc@850,depth@900,veloc@900,depth@2000,veloc@2000,depth@5000,veloc@5000,depth@50000,veloc@50000
1,0.591,0.018,0.503,0.000,0.566,0.031,0.626,0.037,0.684,0.049,0.736,0.057,0.774,0.065,0.811,0.072,0.845,0.079,0.878,0.086,0.909,0.094,0.967,0.113,1.022,0.132,1.073,0.151,1.123,0.172,1.169,0.192,1.212,0.213,1.252,0.237,1.292,0.265,1.330,0.296,1.367,0.332,1.402,0.370,1.436,0.410,4.862,3.130,17.766,4.161,2.946,2.490
2,2.150,0.070,2.013,0.114,2.112,0.143,2.199,0.169,2.277,0.193,2.343,0.220,2.390,0.245,2.434,0.267,2.475,0.289,2.513,0.311,2.549,0.332,2.616,0.374,2.677,0.415,2.733,0.454,2.786,0.496,2.836,0.532,2.883,0.568,2.927,0.605,2.970,0.641,3.011,0.677,3.050,0.716,3.087,0.753,3.124,0.790,6.558,3.642,19.395,5.302,4.659,2.794
3,2.211,0.087,2.074,0.141,2.173,0.178,2.260,0.210,2.338,0.242,2.404,0.277,2.451,0.309,2.495,0.338,2.535,0.367,2.573,0.396,2.609,0.423,2.676,0.476,2.736,0.527,2.792,0.576,2.845,0.627,2.895,0.671,2.942,0.713,2.985,0.755,3.028,0.794,3.068,0.831,3.107,0.870,3.144,0.904,3.180,0.937,6.590,3.707,19.515,5.615,4.685,2.860
4,1.257,0.082,1.120,0.131,1.220,0.165,1.306,0.195,1.384,0.225,1.450,0.258,1.496,0.289,1.540,0.314,1.580,0.340,1.618,0.366,1.654,0.391,1.720,0.438,1.781,0.483,1.836,0.527,1.889,0.573,1.938,0.613,1.985,0.652,2.028,0.689,2.070,0.725,2.110,0.760,2.149,0.796,2.185,0.827,2.221,0.857,5.525,3.572,18.174,5.855,3.674,2.647
5,0.008,0.003,0.002,0.000,0.006,0.002,0.022,0.010,0.061,0.018,0.112,0.050,0.154,0.072,0.197,0.106,0.236,0.129,0.274,0.154,0.310,0.170,0.377,0.196,0.437,0.237,0.492,0.267,0.545,0.300,0.595,0.333,0.641,0.367,0.684,0.396,0.726,0.423,0.767,0.449,0.805,0.475,0.842,0.497,0.878,0.518,4.220,3.151,17.274,5.158,2.339,2.152
6,0.533,0.043,0.400,0.056,0.496,0.083,0.582,0.138,0.659,0.176,0.726,0.214,0.772,0.229,0.816,0.264,0.856,0.288,0.894,0.311,0.930,0.332,0.996,0.371,1.057,0.408,1.112,0.446,1.165,0.485,1.214,0.521,1.261,0.556,1.304,0.590,1.346,0.622,1.386,0.653,1.425,0.686,1.461,0.714,1.497,0.740,4.805,3.417,17.544,5.685,2.950,2.445
7,0.054,0.008,0.017,0.008,0.042,0.008,0.071,0.030,0.120,0.044,0.174,0.055,0.216,0.054,0.258,0.071,0.297,0.084,0.335,0.104,0.370,0.118,0.437,0.146,0.496,0.165,0.551,0.192,0.604,0.223,0.653,0.267,0.700,0.314,0.743,0.349,0.785,0.378,0.825,0.407,0.863,0.437,0.899,0.461,0.935,0.482,4.051,3.234,15.960,4.993,2.326,2.214
8,1.269,0.061,1.132,0.092,1.231,0.123,1.318,0.155,1.396,0.182,1.462,0.211,1.508,0.235,1.553,0.261,1.593,0.284,1.631,0.306,1.667,0.328,1.733,0.368,1.794,0.405,1.849,0.443,1.902,0.482,1.952,0.516,1.999,0.549,2.042,0.581,2.084,0.613,2.125,0.645,2.164,0.678,2.200,0.706,2.236,0.733,5.501,3.468,17.535,5.999,3.696,2.406
9,2.095,0.081,1.958,0.130,2.057,0.164,2.144,0.194,2.221,0.223,2.287,0.256,2.334,0.288,2.378,0.314,2.418,0.341,2.456,0.367,2.492,0.393,2.558,0.443,2.619,0.492,2.674,0.538,2.727,0.586,2.776,0.628,2.822,0.669,2.866,0.709,2.908,0.747,2.948,0.783,2.987,0.821,3.023,0.855,3.059,0.887,6.376,3.710,19.033,5.942,4.517,2.803
10,2.363,0.070,2.226,0.113,2.326,0.143,2.412,0.170,2.490,0.196,2.557,0.226,2.604,0.254,2.648,0.278,2.688,0.302,2.726,0.327,2.762,0.350,2.829,0.396,2.890,0.441,2.946,0.484,2.999,0.529,3.049,0.568,3.096,0.606,3.140,0.644,3.182,0.680,3.223,0.715,3.262,0.752,3.299,0.785,3.336,0.816,6.703,3.654,19.077,6.240,4.842,2.702
11,2.102,0.071,1.965,0.115,2.065,0.145,2.151,0.172,2.229,0.196,2.295,0.227,2.342,0.256,2.386,0.278,2.426,0.303,2.465,0.326,2.501,0.350,2.568,0.394,2.628,0.439,2.684,0.481,2.738,0.524,2.787,0.562,2.834,0.598,2.878,0.634,2.921,0.669,2.961,0.702,3.001,0.737,3.037,0.768,3.074,0.797,6.421,3.536,18.716,6.250,4.572,2.566
12,1.873,0.069,1.736,0.111,1.836,0.139,1.923,0.167,2.000,0.191,2.067,0.221,2.114,0.248,2.158,0.271,2.198,0.296,2.236,0.319,2.272,0.343,2.339,0.387,2.400,0.430,2.456,0.472,2.509,0.515,2.559,0.554,2.606,0.590,2.649,0.626,2.692,0.660,2.733,0.693,2.772,0.728,2.809,0.759,2.845,0.788,6.185,3.552,18.307,6.365,4.342,2.568
13,1.679,0.079,1.542,0.130,1.641,0.162,1.728,0.191,1.805,0.218,1.871,0.249,1.918,0.278,1.962,0.304,2.002,0.331,2.040,0.356,2.076,0.381,2.143,0.429,2.203,0.475,2.258,0.520,2.311,0.567,2.361,0.608,2.407,0.648,2.451,0.687,2.493,0.724,2.533,0.760,2.572,0.797,2.608,0.831,2.645,0.864,5.961,3.786,18.060,6.645,4.117,2.808
14,1.982,0.088,1.845,0.145,1.944,0.179,2.031,0.210,2.108,0.238,2.175,0.270,2.222,0.300,2.266,0.326,2.306,0.353,2.344,0.379,2.380,0.404,2.446,0.452,2.507,0.499,2.563,0.544,2.616,0.591,2.666,0.632,2.712,0.672,2.756,0.711,2.798,0.749,2.839,0.786,2.878,0.826,2.914,0.862,2.951,0.897,6.294,3.831,18.586,6.100,4.438,2.910
15,0.741,0.007,0.641,0.012,0.713,0.013,0.779,0.015,0.838,0.017,0.889,0.021,0.925,0.024,0.960,0.027,0.992,0.030,1.023,0.034,1.052,0.037,1.107,0.048,1.159,0.062,1.207,0.073,1.254,0.088,1.298,0.100,1.339,0.113,1.378,0.125,1.417,0.141,1.454,0.154,1.490,0.167,1.524,0.182,1.558,0.199,4.881,1.719,16.751,2.281,3.046,1.280
16,1.476,0.068,1.339,0.115,1.438,0.141,1.525,0.165,1.603,0.186,1.669,0.211,1.716,0.233,1.760,0.252,1.800,0.272,1.838,0.292,1.875,0.311,1.941,0.349,2.002,0.388,2.058,0.425,2.111,0.463,2.161,0.497,2.208,0.532,2.251,0.566,2.294,0.600,2.334,0.634,2.373,0.672,2.410,0.709,2.446,0.746,5.806,3.605,18.193,4.978,3.943,2.802
17,0.816,0.020,0.714,0.025,0.788,0.032,0.855,0.040,0.918,0.043,0.972,0.050,1.012,0.057,1.050,0.064,1.086,0.070,1.120,0.075,1.153,0.081,1.214,0.096,1.270,0.113,1.322,0.130,1.372,0.148,1.420,0.165,1.464,0.183,1.506,0.201,1.547,0.218,1.586,0.235,1.624,0.256,1.660,0.276,1.695,0.297,5.104,2.133,17.355,2.653,3.232,1.638
18,0.043,0.011,0.020,0.006,0.034,0.008,0.055,0.013,0.086,0.019,0.127,0.029,0.160,0.042,0.195,0.054,0.231,0.063,0.266,0.077,0.301,0.089,0.366,0.134,0.425,0.181,0.479,0.243,0.531,0.280,0.579,0.318,0.624,0.367,0.666,0.422,0.707,0.466,0.747,0.507,0.784,0.546,0.820,0.591,0.855,0.629,4.046,3.101,15.631,3.937,2.231,2.565
19,0.784,0.028,0.650,0.040,0.747,0.050,0.833,0.065,0.911,0.077,0.977,0.091,1.024,0.104,1.068,0.117,1.108,0.132,1.147,0.144,1.183,0.158,1.250,0.194,1.310,0.230,1.366,0.263,1.419,0.297,1.469,0.328,1.516,0.359,1.560,0.391,1.602,0.421,1.643,0.450,1.682,0.482,1.719,0.514,1.755,0.547,5.046,3.183,16.614,4.052,3.252,2.442
20,0.673,0.084,0.542,0.100,0.634,0.149,0.720,0.187,0.797,0.224,0.863,0.261,0.909,0.287,0.953,0.312,0.992,0.340,1.030,0.365,1.065,0.392,1.131,0.445,1.190,0.493,1.244,0.540,1.296,0.588,1.345,0.630,1.390,0.670,1.432,0.711,1.473,0.749,1.513,0.787,1.550,0.829,1.585,0.868,1.620,0.907,4.818,3.892,16.542,5.013,2.997,3.137
21,1.164,0.014,1.029,0.018,1.126,0.026,1.211,0.039,1.288,0.050,1.354,0.062,1.400,0.073,1.443,0.084,1.483,0.096,1.520,0.107,1.556,0.122,1.622,0.169,1.682,0.223,1.737,0.269,1.790,0.311,1.839,0.348,1.885,0.379,1.928,0.408,1.970,0.439,2.010,0.471,2.048,0.504,2.085,0.531,2.121,0.560,5.360,3.267,16.868,4.529,3.561,2.402
22,1.640,0.090,1.503,0.154,1.602,0.187,1.689,0.216,1.766,0.242,1.832,0.274,1.879,0.302,1.923,0.327,1.963,0.352,2.001,0.377,2.037,0.401,2.103,0.447,2.163,0.491,2.219,0.534,2.272,0.579,2.321,0.619,2.367,0.657,2.411,0.695,2.453,0.732,2.493,0.768,2.532,0.807,2.568,0.843,2.604,0.879,5.889,3.820,17.588,5.841,4.070,2.926
23,1.583,0.104,1.445,0.177,1.544,0.216,1.631,0.252,1.708,0.282,1.774,0.317,1.820,0.349,1.863,0.379,1.903,0.409,1.941,0.437,1.976,0.463,2.042,0.511,2.102,0.555,2.157,0.601,2.209,0.650,2.258,0.692,2.304,0.731,2.346,0.771,2.388,0.809,2.428,0.847,2.466,0.888,2.502,0.924,2.537,0.960,5.773,3.925,17.466,6.051,3.953,3.047
24,1.765,0.086,1.627,0.145,1.726,0.177,1.813,0.208,1.890,0.234,1.956,0.266,2.003,0.295,2.047,0.322,2.087,0.349,2.125,0.375,2.160,0.400,2.227,0.447,2.287,0.492,2.342,0.536,2.394,0.583,2.444,0.624,2.490,0.663,2.533,0.701,2.575,0.738,2.615,0.774,2.653,0.811,2.689,0.845,2.725,0.878,5.991,3.786,17.830,6.614,4.168,2.821
25,1.396,0.074,1.259,0.121,1.358,0.152,1.445,0.181,1.522,0.206,1.589,0.237,1.635,0.263,1.679,0.289,1.719,0.315,1.757,0.339,1.794,0.363,1.860,0.408,1.920,0.452,1.976,0.493,2.029,0.538,2.078,0.577,2.125,0.614,2.168,0.649,2.210,0.684,2.251,0.716,2.290,0.751,2.326,0.782,2.362,0.811,5.674,3.543,17.651,6.118,3.836,2.578
26,1.089,0.065,0.952,0.105,1.051,0.133,1.138,0.161,1.216,0.186,1.282,0.213,1.329,0.233,1.372,0.259,1.413,0.281,1.451,0.303,1.487,0.323,1.553,0.361,1.613,0.393,1.669,0.427,1.722,0.463,1.771,0.494,1.818,0.525,1.861,0.554,1.903,0.582,1.944,0.610,1.983,0.640,2.019,0.666,2.055,0.691,5.325,3.158,17.091,5.125,3.518,2.227
27,0.792,0.089,0.654,0.147,0.753,0.181,0.839,0.213,0.917,0.242,0.983,0.275,1.029,0.305,1.073,0.334,1.112,0.362,1.150,0.389,1.186,0.414,1.252,0.464,1.311,0.510,1.366,0.555,1.418,0.603,1.467,0.645,1.513,0.685,1.556,0.724,1.597,0.761,1.637,0.795,1.676,0.832,1.711,0.865,1.747,0.897,5.015,3.680,16.967,6.052,3.175,2.768
28,0.820,0.090,0.683,0.155,0.782,0.186,0.868,0.213,0.946,0.239,1.012,0.269,1.059,0.294,1.102,0.321,1.142,0.346,1.180,0.370,1.216,0.392,1.282,0.434,1.342,0.472,1.397,0.509,1.450,0.549,1.499,0.584,1.545,0.617,1.588,0.649,1.630,0.680,1.670,0.709,1.709,0.739,1.745,0.766,1.781,0.792,5.078,3.050,16.947,4.554,3.234,2.329
29,0.090,0.021,0.027,0.011,0.071,0.020,0.123,0.037,0.182,0.054,0.239,0.058,0.279,0.057,0.318,0.057,0.353,0.060,0.388,0.063,0.421,0.066,0.483,0.074,0.540,0.077,0.593,0.084,0.645,0.090,0.693,0.096,0.739,0.103,0.781,0.114,0.823,0.131,0.862,0.163,0.901,0.201,0.937,0.219,0.972,0.229,4.222,1.347,15.874,2.455,2.419,0.939
30,1.130,0.087,0.992,0.146,1.091,0.180,1.177,0.212,1.254,0.241,1.319,0.274,1.366,0.303,1.409,0.332,1.448,0.359,1.486,0.386,1.521,0.412,1.587,0.460,1.646,0.506,1.700,0.551,1.752,0.598,1.800,0.640,1.846,0.680,1.888,0.719,1.929,0.756,1.969,0.791,2.006,0.829,2.042,0.863,2.077,0.896,5.328,3.715,17.258,6.070,3.477,2.830
31,0.857,0.093,0.719,0.160,0.818,0.193,0.904,0.223,0.981,0.251,1.047,0.282,1.094,0.310,1.137,0.338,1.177,0.364,1.214,0.389,1.250,0.413,1.316,0.457,1.375,0.499,1.430,0.540,1.482,0.583,1.531,0.622,1.577,0.658,1.619,0.693,1.661,0.727,1.701,0.759,1.739,0.793,1.775,0.823,1.811,0.852,5.104,3.277,17.052,4.897,3.246,2.528
32,0.522,0.039,0.385,0.057,0.484,0.082,0.571,0.102,0.649,0.141,0.715,0.166,0.761,0.173,0.805,0.203,0.845,0.221,0.883,0.237,0.920,0.252,0.986,0.278,1.046,0.296,1.101,0.319,1.154,0.345,1.204,0.367,1.250,0.390,1.293,0.414,1.335,0.438,1.376,0.465,1.414,0.493,1.451,0.515,1.487,0.534,4.732,2.588,16.561,4.128,2.933,1.854
33,0.627,0.068,0.492,0.116,0.590,0.139,0.675,0.162,0.753,0.184,0.819,0.212,0.866,0.232,0.909,0.253,0.949,0.272,0.987,0.291,1.023,0.307,1.090,0.337,1.150,0.363,1.205,0.389,1.258,0.416,1.308,0.440,1.354,0.462,1.397,0.484,1.440,0.507,1.480,0.531,1.519,0.556,1.556,0.576,1.592,0.594,4.955,2.087,16.951,3.077,3.079,1.677
34,0.059,0.016,0.016,0.006,0.042,0.013,0.083,0.021,0.131,0.029,0.180,0.039,0.217,0.045,0.255,0.049,0.293,0.066,0.329,0.083,0.364,0.092,0.430,0.118,0.490,0.152,0.545,0.169,0.599,0.186,0.648,0.198,0.695,0.209,0.738,0.220,0.781,0.234,0.821,0.251,0.861,0.269,0.897,0.281,0.934,0.292,4.336,1.085,16.426,1.822,2.442,0.869
35,0.135,0.035,0.037,0.000,0.102,0.031,0.177,0.104,0.251,0.153,0.317,0.208,0.363,0.234,0.407,0.261,0.446,0.287,0.484,0.311,0.520,0.331,0.585,0.369,0.645,0.405,0.700,0.439,0.753,0.475,0.801,0.505,0.847,0.530,0.890,0.554,0.932,0.581,0.972,0.609,1.010,0.638,1.046,0.663,1.082,0.685,4.463,2.147,16.591,3.021,2.559,1.811
36,0.560,0.044,0.423,0.054,0.522,0.085,0.608,0.130,0.685,0.172,0.751,0.213,0.797,0.245,0.841,0.279,0.880,0.310,0.918,0.336,0.954,0.359,1.020,0.400,1.080,0.436,1.135,0.470,1.187,0.506,1.237,0.538,1.283,0.566,1.326,0.594,1.368,0.622,1.408,0.650,1.446,0.681,1.482,0.707,1.518,0.731,4.895,2.460,16.995,3.604,2.997,2.011
37,0.828,0.078,0.690,0.129,0.790,0.161,0.876,0.192,0.953,0.219,1.019,0.249,1.066,0.274,1.110,0.300,1.149,0.322,1.187,0.342,1.223,0.362,1.289,0.399,1.350,0.432,1.405,0.464,1.458,0.499,1.507,0.530,1.554,0.557,1.597,0.585,1.639,0.612,1.680,0.639,1.718,0.668,1.755,0.692,1.791,0.716,5.173,2.582,17.221,3.834,3.286,2.032
38,1.416,0.067,1.278,0.109,1.377,0.137,1.464,0.163,1.541,0.187,1.607,0.214,1.654,0.238,1.697,0.262,1.737,0.284,1.775,0.306,1.811,0.327,1.877,0.366,1.937,0.403,1.993,0.438,2.045,0.477,2.095,0.511,2.141,0.543,2.184,0.575,2.226,0.605,2.266,0.635,2.305,0.666,2.341,0.694,2.378,0.721,5.743,3.050,17.678,4.828,3.867,2.278
39,1.902,0.061,1.764,0.099,1.863,0.125,1.950,0.149,2.027,0.172,2.093,0.198,2.139,0.220,2.183,0.243,2.222,0.265,2.260,0.285,2.296,0.306,2.362,0.346,2.422,0.385,2.477,0.421,2.529,0.460,2.578,0.495,2.624,0.529,2.667,0.561,2.709,0.593,2.749,0.624,2.787,0.657,2.823,0.686,2.859,0.715,6.188,3.326,17.998,5.740,4.323,2.423
40,1.598,0.121,1.459,0.212,1.558,0.251,1.644,0.286,1.722,0.316,1.787,0.352,1.833,0.385,1.877,0.416,1.916,0.446,1.954,0.475,1.989,0.503,2.054,0.557,2.113,0.608,2.168,0.655,2.220,0.706,2.268,0.750,2.313,0.792,2.356,0.833,2.397,0.873,2.436,0.911,2.474,0.952,2.509,0.989,2.544,1.025,5.793,3.895,17.534,6.238,3.944,3.061
41,1.492,0.145,1.353,0.253,1.451,0.299,1.537,0.337,1.614,0.371,1.679,0.411,1.725,0.445,1.768,0.476,1.807,0.508,1.844,0.538,1.879,0.568,1.943,0.626,2.001,0.683,2.055,0.730,2.106,0.783,2.154,0.830,2.198,0.873,2.240,0.916,2.280,0.957,2.319,0.996,2.356,1.039,2.390,1.078,2.424,1.115,5.626,3.993,17.292,6.253,3.770,3.214
42,1.391,0.118,1.252,0.205,1.351,0.245,1.437,0.280,1.514,0.310,1.580,0.346,1.626,0.378,1.669,0.407,1.708,0.436,1.746,0.464,1.781,0.492,1.846,0.545,1.905,0.595,1.959,0.643,2.011,0.695,2.059,0.740,2.104,0.784,2.145,0.827,2.186,0.867,2.225,0.906,2.263,0.949,2.297,0.988,2.332,1.026,5.540,3.962,17.207,5.974,3.698,3.164
43,0.803,0.071,0.666,0.109,0.763,0.143,0.849,0.166,0.926,0.193,0.992,0.223,1.038,0.247,1.081,0.269,1.120,0.290,1.158,0.313,1.193,0.337,1.258,0.389,1.317,0.436,1.371,0.485,1.422,0.532,1.470,0.575,1.515,0.618,1.557,0.659,1.598,0.697,1.637,0.734,1.674,0.775,1.709,0.812,1.743,0.849,4.994,3.775,16.741,5.190,3.125,3.001
44,0.902,0.029,0.765,0.027,0.862,0.051,0.948,0.068,1.025,0.089,1.091,0.117,1.137,0.136,1.180,0.151,1.220,0.164,1.257,0.178,1.293,0.196,1.358,0.237,1.416,0.274,1.470,0.309,1.522,0.348,1.570,0.384,1.614,0.423,1.656,0.462,1.697,0.496,1.736,0.527,1.773,0.562,1.808,0.597,1.842,0.631,5.011,3.497,16.652,4.996,3.181,2.651
45,0.625,0.019,0.487,0.037,0.585,0.035,0.671,0.037,0.749,0.041,0.814,0.048,0.861,0.055,0.904,0.060,0.943,0.068,0.981,0.075,1.017,0.085,1.082,0.104,1.141,0.128,1.195,0.152,1.247,0.183,1.295,0.218,1.341,0.260,1.383,0.303,1.424,0.342,1.463,0.379,1.501,0.416,1.536,0.454,1.571,0.489,4.818,3.187,16.424,4.887,2.977,2.362
46,1.128,0.027,0.989,0.048,1.088,0.057,1.174,0.067,1.251,0.075,1.317,0.085,1.363,0.095,1.407,0.106,1.446,0.118,1.484,0.131,1.519,0.145,1.584,0.174,1.643,0.206,1.699,0.243,1.751,0.282,1.799,0.319,1.845,0.357,1.887,0.394,1.929,0.431,1.968,0.467,2.006,0.503,2.041,0.538,2.076,0.573,5.346,3.399,16.940,5.327,3.503,2.478
47,1.503,0.047,1.364,0.072,1.463,0.096,1.549,0.120,1.626,0.144,1.692,0.170,1.738,0.194,1.781,0.216,1.821,0.237,1.859,0.258,1.894,0.280,1.959,0.319,2.018,0.360,2.074,0.395,2.126,0.436,2.175,0.474,2.220,0.510,2.263,0.546,2.304,0.583,2.344,0.618,2.382,0.655,2.418,0.689,2.453,0.723,5.742,3.544,17.297,5.663,3.896,2.651
48,2.019,0.125,1.880,0.212,1.979,0.257,2.065,0.295,2.141,0.330,2.206,0.368,2.252,0.400,2.295,0.430,2.335,0.460,2.372,0.488,2.407,0.516,2.471,0.570,2.530,0.622,2.584,0.667,2.635,0.717,2.683,0.761,2.728,0.801,2.769,0.841,2.810,0.879,2.849,0.916,2.886,0.956,2.921,0.992,2.956,1.027,6.177,3.812,17.703,6.139,4.326,3.027
49,1.977,0.113,1.838,0.192,1.936,0.233,2.022,0.266,2.099,0.297,2.164,0.332,2.210,0.361,2.253,0.388,2.292,0.416,2.329,0.442,2.365,0.469,2.429,0.520,2.488,0.571,2.542,0.614,2.593,0.661,2.641,0.704,2.686,0.743,2.727,0.782,2.768,0.819,2.807,0.855,2.844,0.895,2.879,0.930,2.913,0.963,6.136,3.735,17.855,6.018,4.279,2.911
50,1.653,0.085,1.514,0.143,1.613,0.175,1.699,0.201,1.777,0.224,1.842,0.251,1.889,0.275,1.932,0.298,1.971,0.322,2.009,0.344,2.045,0.366,2.110,0.409,2.169,0.450,2.224,0.488,2.276,0.529,2.325,0.566,2.370,0.602,2.413,0.637,2.454,0.670,2.494,0.702,2.532,0.737,2.568,0.768,2.603,0.798,5.950,3.385,17.939,5.480,4.057,2.544
51,0.688,0.116,0.549,0.193,0.648,0.241,0.733,0.273,0.810,0.297,0.876,0.333,0.922,0.363,0.965,0.391,1.004,0.419,1.041,0.446,1.077,0.473,1.141,0.522,1.200,0.569,1.254,0.611,1.306,0.657,1.354,0.698,1.399,0.737,1.441,0.775,1.482,0.811,1.521,0.846,1.558,0.885,1.593,0.918,1.628,0.950,4.905,3.450,16.882,5.162,3.022,2.749
52,1.047,0.078,0.909,0.129,1.009,0.162,1.095,0.189,1.173,0.214,1.238,0.244,1.285,0.272,1.329,0.300,1.368,0.327,1.406,0.351,1.442,0.374,1.508,0.418,1.568,0.460,1.623,0.498,1.676,0.540,1.725,0.577,1.771,0.611,1.814,0.645,1.856,0.678,1.896,0.710,1.935,0.745,1.971,0.775,2.007,0.803,5.396,3.122,17.480,4.765,3.493,2.415
53,0.278,0.036,0.172,0.040,0.246,0.054,0.315,0.073,0.377,0.106,0.437,0.221,0.480,0.297,0.521,0.392,0.559,0.441,0.595,0.473,0.629,0.508,0.691,0.574,0.748,0.635,0.800,0.688,0.850,0.744,0.896,0.792,0.940,0.837,0.980,0.882,1.019,0.924,1.056,0.966,1.092,1.011,1.125,1.049,1.159,1.085,4.360,3.563,16.297,5.037,2.458,3.021
54,0.967,0.022,0.828,0.034,0.925,0.049,1.010,0.063,1.086,0.070,1.150,0.084,1.195,0.096,1.238,0.114,1.277,0.155,1.314,0.192,1.349,0.226,1.412,0.290,1.470,0.349,1.524,0.400,1.574,0.452,1.621,0.498,1.665,0.542,1.706,0.583,1.746,0.623,1.784,0.661,1.820,0.702,1.854,0.737,1.888,0.772,5.021,3.440,16.632,5.313,3.175,2.684
55,0.573,0.045,0.433,0.044,0.531,0.093,0.617,0.149,0.694,0.212,0.758,0.271,0.804,0.307,0.847,0.341,0.886,0.373,0.923,0.404,0.958,0.433,1.021,0.487,1.080,0.540,1.134,0.584,1.185,0.628,1.233,0.664,1.278,0.699,1.319,0.736,1.359,0.773,1.398,0.811,1.434,0.851,1.468,0.884,1.503,0.915,4.748,2.913,16.568,4.108,2.867,2.467
56,0.804,0.029,0.677,0.028,0.765,0.051,0.845,0.096,0.918,0.151,0.982,0.215,1.027,0.258,1.069,0.300,1.108,0.339,1.145,0.376,1.179,0.411,1.242,0.477,1.300,0.538,1.352,0.596,1.402,0.656,1.448,0.708,1.492,0.752,1.533,0.791,1.573,0.829,1.611,0.864,1.648,0.902,1.682,0.935,1.716,0.967,4.881,3.432,16.425,4.965,3.012,2.843
57,0.001,0.000,0.000,0.000,0.000,0.000,0.010,0.008,0.046,0.024,0.086,0.033,0.123,0.052,0.160,0.061,0.197,0.074,0.232,0.088,0.265,0.104,0.326,0.140,0.381,0.190,0.432,0.241,0.478,0.286,0.522,0.320,0.563,0.350,0.603,0.376,0.643,0.442,0.681,0.576,0.717,0.660,0.751,0.719,0.785,0.774,3.857,3.304,15.288,4.063,1.991,2.881
58,0.051,0.012,0.026,0.002,0.036,0.004,0.070,0.019,0.113,0.030,0.161,0.047,0.202,0.074,0.241,0.099,0.278,0.116,0.313,0.129,0.347,0.148,0.411,0.192,0.469,0.250,0.522,0.333,0.574,0.433,0.623,0.514,0.668,0.554,0.710,0.586,0.750,0.635,0.788,0.692,0.824,0.738,0.859,0.776,0.893,0.814,4.146,2.817,15.939,3.654,2.266,2.417
59,0.041,0.007,0.019,0.006,0.034,0.007,0.052,0.000,0.081,0.014,0.114,0.026,0.142,0.031,0.172,0.000,0.202,0.059,0.233,0.086,0.263,0.147,0.322,0.208,0.376,0.262,0.427,0.314,0.475,0.366,0.520,0.408,0.562,0.436,0.601,0.463,0.639,0.495,0.674,0.550,0.708,0.595,0.740,0.635,0.771,0.676,3.477,3.549,14.081,4.170,1.745,3.045
60,0.480,0.031,0.352,0.038,0.441,0.054,0.522,0.082,0.597,0.125,0.661,0.177,0.706,0.214,0.748,0.244,0.786,0.278,0.821,0.312,0.855,0.350,0.917,0.417,0.973,0.483,1.024,0.543,1.071,0.603,1.116,0.654,1.158,0.701,1.197,0.748,1.236,0.794,1.273,0.847,1.309,0.894,1.342,0.935,1.375,0.973,4.397,3.642,15.715,4.923,2.547,3.070
61,0.703,0.047,0.572,0.074,0.663,0.089,0.744,0.111,0.817,0.139,0.879,0.181,0.923,0.223,0.964,0.263,1.001,0.299,1.037,0.334,1.071,0.377,1.132,0.440,1.188,0.504,1.239,0.562,1.287,0.619,1.332,0.669,1.375,0.713,1.414,0.757,1.452,0.800,1.488,0.847,1.522,0.893,1.554,0.934,1.586,0.974,4.304,4.206,14.928,5.556,2.560,3.478
62,1.597,0.086,1.457,0.137,1.555,0.176,1.641,0.209,1.717,0.238,1.782,0.273,1.828,0.306,1.871,0.336,1.910,0.366,1.947,0.395,1.982,0.423,2.045,0.477,2.104,0.528,2.157,0.574,2.208,0.622,2.255,0.665,2.299,0.706,2.341,0.745,2.381,0.782,2.419,0.818,2.456,0.857,2.490,0.892,2.524,0.925,5.712,3.622,17.361,5.670,3.852,2.856
63,1.882,0.090,1.742,0.145,1.840,0.184,1.925,0.220,2.002,0.254,2.066,0.292,2.112,0.328,2.154,0.365,2.193,0.401,2.229,0.434,2.264,0.466,2.327,0.528,2.384,0.588,2.437,0.640,2.486,0.697,2.533,0.747,2.576,0.791,2.617,0.832,2.657,0.871,2.695,0.907,2.731,0.947,2.764,0.983,2.798,1.018,5.922,3.795,17.384,5.846,4.066,3.083
64,2.395,0.134,2.255,0.219,2.353,0.275,2.438,0.325,2.514,0.371,2.577,0.421,2.622,0.462,2.664,0.501,2.702,0.539,2.739,0.576,2.773,0.610,2.835,0.677,2.891,0.741,2.943,0.798,2.992,0.858,3.038,0.910,3.080,0.957,3.120,1.002,3.159,1.045,3.196,1.085,3.232,1.130,3.265,1.169,3.298,1.208,6.302,4.243,17.562,6.520,4.451,3.572
65,1.920,0.108,1.780,0.175,1.878,0.221,1.963,0.263,2.038,0.305,2.102,0.353,2.147,0.392,2.189,0.429,2.226,0.467,2.262,0.504,2.296,0.538,2.358,0.605,2.414,0.668,2.465,0.727,2.513,0.787,2.558,0.839,2.601,0.885,2.640,0.929,2.678,0.973,2.715,1.014,2.749,1.059,2.782,1.099,2.814,1.137,5.606,4.414,16.404,6.289,3.837,3.663
66,2.082,0.146,1.942,0.243,2.039,0.300,2.124,0.351,2.200,0.395,2.264,0.444,2.309,0.484,2.352,0.522,2.390,0.560,2.426,0.596,2.460,0.630,2.523,0.696,2.579,0.759,2.631,0.816,2.680,0.877,2.726,0.928,2.769,0.976,2.809,1.023,2.848,1.067,2.885,1.109,2.921,1.155,2.954,1.197,2.987,1.236,6.083,4.202,17.595,6.428,4.196,3.565
67,1.650,0.079,1.511,0.124,1.610,0.159,1.697,0.193,1.774,0.223,1.839,0.258,1.886,0.287,1.929,0.315,1.969,0.342,2.007,0.369,2.043,0.394,2.108,0.442,2.168,0.488,2.223,0.534,2.276,0.581,2.325,0.622,2.371,0.662,2.414,0.701,2.457,0.739,2.497,0.774,2.536,0.814,2.572,0.849,2.608,0.884,5.986,3.667,17.569,6.001,4.107,2.827
68,0.641,0.020,0.520,0.033,0.606,0.038,0.683,0.050,0.756,0.062,0.821,0.067,0.868,0.095,0.911,0.108,0.951,0.119,0.989,0.128,1.024,0.141,1.090,0.168,1.150,0.199,1.205,0.240,1.257,0.288,1.306,0.334,1.352,0.386,1.394,0.436,1.436,0.483,1.476,0.527,1.514,0.573,1.549,0.616,1.585,0.658,4.954,3.554,16.639,5.575,3.070,2.643
69,0.287,0.049,0.218,0.047,0.263,0.078,0.315,0.115,0.384,0.162,0.445,0.256,0.489,0.321,0.531,0.365,0.568,0.402,0.604,0.439,0.637,0.474,0.698,0.540,0.754,0.605,0.804,0.671,0.851,0.738,0.895,0.796,0.937,0.853,0.975,0.909,1.012,0.962,1.048,1.013,1.081,1.069,1.113,1.119,1.144,1.167,4.238,4.477,16.027,6.320,2.287,3.903
70,1.995,0.102,1.855,0.161,1.953,0.207,2.037,0.250,2.113,0.291,2.176,0.337,2.221,0.375,2.263,0.412,2.301,0.448,2.337,0.481,2.370,0.514,2.432,0.577,2.488,0.637,2.539,0.692,2.587,0.752,2.632,0.804,2.675,0.853,2.714,0.901,2.753,0.947,2.789,0.991,2.824,1.039,2.856,1.082,2.888,1.123,5.840,4.374,17.249,6.654,3.951,3.685
71,1.215,0.022,1.075,0.032,1.173,0.044,1.258,0.057,1.333,0.068,1.397,0.086,1.441,0.109,1.483,0.138,1.521,0.166,1.556,0.192,1.590,0.219,1.652,0.270,1.707,0.321,1.758,0.365,1.806,0.415,1.851,0.460,1.893,0.503,1.932,0.545,1.970,0.588,2.006,0.629,2.040,0.673,2.072,0.712,2.104,0.750,4.977,4.170,16.375,6.552,3.096,3.201
72,0.604,0.013,0.465,0.023,0.562,0.027,0.646,0.030,0.722,0.038,0.785,0.046,0.830,0.058,0.871,0.074,0.909,0.090,0.945,0.105,0.978,0.116,1.040,0.146,1.096,0.180,1.146,0.216,1.194,0.263,1.239,0.313,1.281,0.361,1.320,0.407,1.358,0.452,1.395,0.492,1.428,0.533,1.460,0.575,1.493,0.617,4.365,4.081,15.820,6.263,2.440,3.237
73,0.064,0.012,0.022,0.014,0.052,0.015,0.079,0.012,0.115,0.025,0.162,0.028,0.198,0.029,0.233,0.029,0.267,0.031,0.301,0.033,0.335,0.037,0.398,0.043,0.457,0.072,0.512,0.065,0.564,0.062,0.612,0.078,0.657,0.086,0.700,0.117,0.741,0.146,0.780,0.178,0.818,0.218,0.853,0.253,0.888,0.285,4.164,2.864,15.773,4.517,2.319,2.184
74,0.055,0.023,0.010,0.004,0.038,0.016,0.077,0.019,0.119,0.022,0.176,0.026,0.218,0.039,0.260,0.039,0.298,0.042,0.335,0.042,0.370,0.047,0.435,0.054,0.494,0.070,0.548,0.130,0.599,0.198,0.647,0.261,0.691,0.337,0.731,0.401,0.770,0.459,0.808,0.512,0.843,0.571,0.876,0.624,0.909,0.676,4.081,3.452,15.789,5.080,2.207,2.780
75,0.024,0.009,0.007,0.004,0.017,0.006,0.035,0.011,0.062,0.016,0.093,0.021,0.118,0.035,0.143,0.059,0.170,0.077,0.198,0.093,0.225,0.112,0.277,0.152,0.326,0.197,0.373,0.279,0.419,0.354,0.462,0.406,0.503,0.479,0.540,0.566,0.577,0.630,0.613,0.701,0.646,0.764,0.677,0.821,0.709,0.878,3.719,4.098,15.405,5.820,1.782,3.541
76,0.062,0.013,0.018,0.009,0.047,0.011,0.082,0.017,0.128,0.032,0.174,0.044,0.211,0.051,0.247,0.061,0.281,0.082,0.315,0.099,0.349,0.123,0.410,0.136,0.465,0.136,0.516,0.108,0.565,0.093,0.610,0.139,0.653,0.207,0.693,0.259,0.732,0.302,0.770,0.338,0.807,0.366,0.841,0.401,0.875,0.440,4.026,3.131,15.370,5.468,2.101,2.513
77,0.569,0.037,0.430,0.058,0.527,0.078,0.612,0.096,0.687,0.118,0.751,0.141,0.795,0.152,0.837,0.158,0.874,0.165,0.910,0.168,0.944,0.164,1.005,0.163,1.061,0.160,1.112,0.127,1.161,0.072,1.206,0.099,1.249,0.109,1.289,0.119,1.327,0.131,1.365,0.147,1.403,0.173,1.437,0.220,1.471,0.269,4.624,3.345,15.912,5.844,2.715,2.320
78,0.432,0.031,0.293,0.039,0.391,0.058,0.475,0.081,0.551,0.101,0.614,0.121,0.659,0.135,0.701,0.142,0.738,0.146,0.774,0.150,0.807,0.150,0.869,0.149,0.924,0.143,0.975,0.114,1.025,0.066,1.070,0.076,1.114,0.091,1.154,0.111,1.194,0.134,1.231,0.163,1.268,0.220,1.301,0.272,1.335,0.321,4.509,3.278,15.794,5.811,2.603,2.378
79,0.651,0.027,0.511,0.044,0.609,0.057,0.694,0.062,0.769,0.073,0.833,0.084,0.877,0.093,0.919,0.103,0.957,0.112,0.992,0.119,1.026,0.125,1.088,0.142,1.143,0.163,1.194,0.176,1.243,0.172,1.289,0.195,1.332,0.228,1.372,0.266,1.411,0.304,1.448,0.343,1.483,0.383,1.516,0.422,1.550,0.461,4.574,3.872,15.791,6.461,2.708,2.739
80,1.016,0.041,0.877,0.075,0.974,0.086,1.059,0.093,1.134,0.105,1.197,0.112,1.242,0.112,1.283,0.107,1.321,0.105,1.356,0.104,1.390,0.099,1.452,0.095,1.507,0.095,1.559,0.093,1.608,0.090,1.653,0.122,1.696,0.167,1.736,0.224,1.776,0.271,1.814,0.305,1.851,0.315,1.884,0.338,1.918,0.368,5.040,3.553,16.269,6.219,3.142,2.419
81,1.571,0.020,1.431,0.039,1.529,0.043,1.614,0.048,1.689,0.055,1.752,0.062,1.797,0.069,1.838,0.077,1.876,0.088,1.912,0.099,1.946,0.112,2.007,0.144,2.063,0.179,2.115,0.206,2.164,0.228,2.209,0.281,2.252,0.324,2.293,0.361,2.332,0.396,2.370,0.424,2.406,0.443,2.440,0.470,2.473,0.500,5.572,3.685,16.751,6.431,3.684,2.542
82,1.881,0.080,1.741,0.127,1.839,0.164,1.923,0.200,1.999,0.234,2.062,0.274,2.107,0.309,2.149,0.344,2.186,0.379,2.222,0.409,2.256,0.439,2.317,0.498,2.373,0.555,2.424,0.602,2.473,0.655,2.518,0.704,2.561,0.748,2.600,0.790,2.639,0.832,2.676,0.872,2.711,0.914,2.744,0.952,2.777,0.989,5.746,4.237,16.938,6.786,3.886,3.389
83,0.078,0.016,0.026,0.014,0.060,0.017,0.099,0.024,0.149,0.039,0.199,0.050,0.235,0.056,0.271,0.049,0.303,0.045,0.336,0.046,0.366,0.046,0.424,0.055,0.478,0.070,0.527,0.077,0.572,0.069,0.617,0.080,0.658,0.154,0.697,0.224,0.734,0.278,0.770,0.328,0.803,0.385,0.835,0.439,0.867,0.493,3.491,4.548,14.239,7.702,1.775,3.464
84,0.446,0.024,0.307,0.043,0.405,0.037,0.490,0.045,0.565,0.059,0.629,0.069,0.674,0.073,0.716,0.081,0.754,0.092,0.790,0.103,0.824,0.114,0.885,0.135,0.941,0.158,0.991,0.171,1.039,0.177,1.084,0.209,1.127,0.255,1.166,0.307,1.205,0.355,1.241,0.401,1.275,0.457,1.307,0.507,1.340,0.556,4.235,4.133,15.435,6.688,2.376,3.169
85,2.101,0.071,1.961,0.108,2.059,0.143,2.144,0.177,2.219,0.209,2.283,0.246,2.327,0.278,2.369,0.310,2.407,0.341,2.443,0.370,2.477,0.398,2.538,0.453,2.594,0.506,2.646,0.550,2.695,0.597,2.740,0.644,2.783,0.685,2.823,0.724,2.863,0.764,2.900,0.802,2.935,0.840,2.969,0.876,3.002,0.911,5.976,4.228,16.989,6.886,4.143,3.265
86,2.464,0.130,2.324,0.212,2.422,0.266,2.507,0.316,2.582,0.365,2.646,0.418,2.690,0.461,2.732,0.501,2.770,0.540,2.805,0.579,2.839,0.615,2.901,0.685,2.956,0.749,3.008,0.808,3.056,0.868,3.101,0.920,3.143,0.967,3.183,1.012,3.221,1.057,3.258,1.099,3.292,1.144,3.325,1.185,3.357,1.224,6.154,4.619,16.977,6.923,4.377,3.851
87,2.892,0.116,2.752,0.187,2.850,0.236,2.935,0.283,3.011,0.328,3.074,0.378,3.119,0.418,3.161,0.456,3.199,0.494,3.235,0.531,3.269,0.566,3.331,0.635,3.386,0.698,3.438,0.756,3.486,0.815,3.531,0.865,3.574,0.911,3.614,0.956,3.652,1.000,3.689,1.043,3.724,1.088,3.756,1.129,3.789,1.167,6.573,4.660,17.307,7.017,4.816,3.816
88,3.033,0.104,2.894,0.167,2.991,0.213,3.076,0.254,3.152,0.294,3.216,0.339,3.261,0.378,3.302,0.415,3.340,0.452,3.376,0.488,3.410,0.523,3.471,0.591,3.526,0.656,3.577,0.719,3.624,0.783,3.669,0.836,3.711,0.884,3.750,0.931,3.788,0.977,3.823,1.021,3.857,1.069,3.889,1.111,3.921,1.152,6.472,4.965,17.003,7.229,4.791,4.027
89,0.925,0.038,0.786,0.063,0.883,0.080,0.968,0.098,1.043,0.115,1.107,0.134,1.151,0.151,1.193,0.171,1.231,0.189,1.266,0.205,1.300,0.222,1.362,0.258,1.417,0.297,1.469,0.323,1.518,0.334,1.563,0.378,1.607,0.419,1.647,0.458,1.686,0.496,1.724,0.530,1.759,0.557,1.793,0.589,1.826,0.622,4.874,4.008,16.090,6.678,3.003,2.861
90,0.637,0.049,0.497,0.062,0.595,0.093,0.680,0.130,0.755,0.156,0.819,0.187,0.863,0.215,0.905,0.247,0.943,0.275,0.978,0.300,1.012,0.324,1.073,0.372,1.128,0.420,1.179,0.458,1.227,0.495,1.272,0.535,1.315,0.573,1.354,0.614,1.392,0.655,1.428,0.694,1.462,0.733,1.495,0.771,1.527,0.809,4.339,4.487,15.414,7.031,2.529,3.387
91,0.890,0.060,0.751,0.092,0.848,0.116,0.933,0.157,1.009,0.192,1.072,0.226,1.117,0.254,1.159,0.280,1.197,0.307,1.233,0.332,1.266,0.356,1.328,0.405,1.383,0.457,1.433,0.500,1.480,0.548,1.524,0.593,1.566,0.634,1.604,0.676,1.642,0.720,1.677,0.761,1.711,0.804,1.742,0.845,1.773,0.886,4.322,4.947,15.223,7.485,2.570,3.854
92,1.736,0.086,1.596,0.135,1.694,0.174,1.779,0.214,1.854,0.252,1.918,0.294,1.963,0.331,2.004,0.367,2.042,0.402,2.077,0.435,2.111,0.467,2.172,0.530,2.227,0.592,2.278,0.647,2.325,0.705,2.370,0.755,2.412,0.800,2.450,0.846,2.488,0.892,2.524,0.936,2.558,0.982,2.590,1.024,2.621,1.065,5.291,4.879,16.190,7.359,3.530,3.886
93,0.994,0.026,0.855,0.038,0.952,0.050,1.037,0.069,1.113,0.094,1.177,0.121,1.222,0.142,1.264,0.159,1.302,0.172,1.338,0.188,1.372,0.199,1.434,0.229,1.490,0.268,1.541,0.294,1.588,0.327,1.633,0.367,1.675,0.404,1.714,0.446,1.751,0.488,1.787,0.528,1.821,0.569,1.853,0.612,1.885,0.656,4.426,4.856,14.947,8.094,2.752,3.540
94,0.495,0.031,0.357,0.052,0.454,0.065,0.539,0.063,0.615,0.071,0.678,0.065,0.723,0.060,0.765,0.043,0.804,0.036,0.840,0.038,0.874,0.044,0.936,0.069,0.992,0.106,1.042,0.131,1.090,0.158,1.134,0.204,1.176,0.256,1.215,0.313,1.253,0.365,1.289,0.415,1.323,0.470,1.355,0.522,1.387,0.575,4.032,4.666,14.693,7.959,2.310,3.461
95,2.311,0.073,2.172,0.112,2.270,0.150,2.355,0.184,2.431,0.217,2.495,0.254,2.540,0.285,2.581,0.316,2.619,0.346,2.655,0.374,2.689,0.402,2.751,0.457,2.807,0.511,2.857,0.561,2.905,0.616,2.950,0.663,2.992,0.706,3.031,0.748,3.069,0.789,3.105,0.829,3.139,0.871,3.170,0.910,3.202,0.949,5.732,4.904,16.167,7.905,4.072,3.673
96,0.957,0.042,0.818,0.070,0.915,0.089,1.000,0.106,1.076,0.126,1.140,0.149,1.185,0.173,1.227,0.195,1.265,0.217,1.301,0.241,1.335,0.262,1.397,0.308,1.453,0.361,1.504,0.411,1.553,0.464,1.599,0.513,1.641,0.553,1.681,0.591,1.719,0.628,1.755,0.668,1.790,0.709,1.822,0.745,1.855,0.781,4.402,4.029,14.707,5.071,2.762,3.233
97,0.394,0.013,0.296,0.015,0.364,0.020,0.425,0.022,0.484,0.031,0.538,0.035,0.576,0.041,0.613,0.048,0.647,0.056,0.680,0.064,0.712,0.071,0.771,0.084,0.825,0.103,0.874,0.130,0.921,0.168,0.965,0.203,1.007,0.234,1.045,0.262,1.083,0.291,1.119,0.322,1.154,0.356,1.186,0.390,1.219,0.421,3.785,3.104,14.213,4.183,2.140,2.259
98,2.102,0.069,1.964,0.109,2.061,0.141,2.145,0.168,2.220,0.196,2.283,0.228,2.328,0.265,2.369,0.286,2.407,0.313,2.442,0.344,2.476,0.371,2.537,0.427,2.592,0.479,2.642,0.535,2.689,0.591,2.734,0.637,2.776,0.679,2.815,0.720,2.853,0.761,2.889,0.801,2.923,0.844,2.955,0.883,2.987,0.920,5.582,4.408,16.126,5.997,3.880,3.534
99,1.872,0.051,1.733,0.080,1.831,0.102,1.915,0.122,1.991,0.141,2.055,0.163,2.100,0.183,2.141,0.202,2.179,0.223,2.215,0.244,2.248,0.267,2.310,0.311,2.365,0.349,2.415,0.396,2.461,0.447,2.505,0.490,2.547,0.535,2.585,0.577,2.623,0.618,2.658,0.659,2.692,0.702,2.724,0.740,2.756,0.776,5.331,4.246,15.815,6.075,3.631,3.262
100,0.772,0.012,0.663,0.017,0.739,0.018,0.806,0.022,0.866,0.028,0.918,0.035,0.955,0.043,0.991,0.055,1.025,0.060,1.057,0.072,1.088,0.077,1.144,0.091,1.196,0.112,1.244,0.144,1.289,0.183,1.332,0.209,1.374,0.223,1.412,0.241,1.449,0.264,1.484,0.290,1.518,0.321,1.549,0.346,1.580,0.371,4.085,3.228,14.487,4.854,2.396,2.286
101,0.245,0.026,0.152,0.016,0.214,0.026,0.278,0.025,0.344,0.032,0.402,0.032,0.444,0.034,0.484,0.037,0.520,0.042,0.554,0.048,0.586,0.050,0.647,0.062,0.702,0.074,0.752,0.087,0.799,0.103,0.843,0.119,0.884,0.136,0.923,0.150,0.960,0.162,0.995,0.172,1.029,0.182,1.060,0.191,1.091,0.201,3.776,1.926,14.268,3.428,1.978,1.179
102,0.897,0.018,0.764,0.023,0.857,0.029,0.939,0.036,1.012,0.043,1.074,0.051,1.117,0.058,1.158,0.066,1.196,0.074,1.231,0.084,1.265,0.095,1.326,0.116,1.382,0.133,1.432,0.154,1.480,0.176,1.524,0.195,1.566,0.219,1.605,0.243,1.642,0.268,1.678,0.296,1.712,0.328,1.744,0.356,1.775,0.383,4.331,3.534,14.717,5.512,2.649,2.418
103,1.527,0.057,1.388,0.089,1.486,0.114,1.571,0.150,1.647,0.180,1.711,0.214,1.755,0.242,1.797,0.270,1.835,0.294,1.871,0.317,1.905,0.338,1.967,0.382,2.023,0.430,2.073,0.468,2.120,0.511,2.165,0.555,2.207,0.594,2.245,0.635,2.282,0.677,2.318,0.717,2.351,0.759,2.383,0.800,2.414,0.843,4.461,5.845,14.449,9.301,3.052,4.173
104,2.718,0.080,2.578,0.127,2.676,0.164,2.761,0.201,2.837,0.235,2.901,0.274,2.946,0.308,2.988,0.342,3.026,0.375,3.061,0.406,3.095,0.437,3.157,0.497,3.212,0.556,3.262,0.611,3.309,0.670,3.353,0.723,3.395,0.771,3.433,0.817,3.470,0.863,3.505,0.909,3.538,0.956,3.569,1.000,3.600,1.043,5.443,6.148,15.409,9.281,4.166,4.414
105,3.369,0.086,3.230,0.137,3.328,0.175,3.413,0.209,3.489,0.241,3.552,0.279,3.597,0.312,3.639,0.344,3.677,0.377,3.713,0.409,3.747,0.442,3.808,0.505,3.864,0.563,3.914,0.622,3.961,0.685,4.006,0.738,4.047,0.789,4.086,0.837,4.123,0.884,4.158,0.932,4.192,0.981,4.223,1.026,4.254,1.068,6.061,6.134,15.762,9.070,4.861,4.415
106,3.199,0.071,3.059,0.113,3.157,0.143,3.242,0.170,3.318,0.197,3.382,0.228,3.427,0.255,3.469,0.283,3.507,0.312,3.543,0.341,3.577,0.371,3.638,0.428,3.694,0.479,3.744,0.535,3.791,0.593,3.835,0.641,3.877,0.690,3.915,0.735,3.952,0.780,3.987,0.827,4.020,0.876,4.051,0.919,4.082,0.960,5.574,6.419,14.700,9.548,4.573,4.395
107,2.206,0.066,2.067,0.104,2.164,0.132,2.249,0.156,2.325,0.180,2.389,0.208,2.434,0.233,2.476,0.257,2.514,0.283,2.549,0.309,2.583,0.337,2.645,0.389,2.700,0.434,2.750,0.486,2.797,0.539,2.842,0.583,2.883,0.628,2.921,0.671,2.959,0.714,2.994,0.757,3.027,0.803,3.058,0.843,3.090,0.881,5.274,5.100,15.333,7.401,3.784,3.815
108,1.256,0.045,1.117,0.056,1.215,0.073,1.300,0.086,1.376,0.103,1.440,0.121,1.485,0.137,1.527,0.155,1.565,0.175,1.601,0.196,1.635,0.220,1.696,0.261,1.752,0.298,1.803,0.340,1.850,0.381,1.894,0.415,1.936,0.453,1.974,0.487,2.012,0.523,2.047,0.559,2.080,0.598,2.111,0.632,2.142,0.665,3.401,5.321,10.333,9.928,2.624,3.384
109,2.289,0.051,2.150,0.067,2.248,0.087,2.333,0.104,2.409,0.123,2.473,0.144,2.518,0.162,2.560,0.182,2.598,0.204,2.634,0.225,2.668,0.249,2.730,0.292,2.786,0.331,2.837,0.374,2.885,0.417,2.930,0.454,2.972,0.493,3.010,0.529,3.048,0.564,3.084,0.602,3.117,0.640,3.149,0.675,3.180,0.707,4.550,5.264,10.260,11.210,3.769,3.350
110,3.413,0.056,3.274,0.085,3.372,0.109,3.457,0.130,3.533,0.152,3.598,0.177,3.643,0.199,3.685,0.222,3.723,0.247,3.759,0.270,3.793,0.296,3.855,0.343,3.912,0.387,3.963,0.434,4.011,0.482,4.056,0.523,4.098,0.566,4.137,0.605,4.175,0.644,4.210,0.684,4.244,0.727,4.276,0.764,4.307,0.799,5.800,5.683,11.749,11.588,4.954,3.679
111,3.936,0.155,3.799,0.095,3.897,0.121,3.982,0.145,4.058,0.168,4.123,0.195,4.168,0.219,4.210,0.242,4.248,0.266,4.284,0.289,4.319,0.313,4.381,0.358,4.437,0.402,4.488,0.445,4.536,0.490,4.581,0.531,4.624,0.570,4.663,0.608,4.701,0.646,4.737,0.684,4.771,0.724,4.803,0.760,4.835,0.795,6.510,5.751,10.755,13.346,5.556,3.623
112,0.112,0.025,0.040,0.016,0.088,0.026,0.138,0.024,0.187,0.025,0.232,0.028,0.267,0.000,0.302,0.040,0.335,0.045,0.368,0.049,0.399,0.052,0.455,0.062,0.507,0.077,0.554,0.094,0.600,0.111,0.642,0.123,0.682,0.142,0.719,0.158,0.755,0.177,0.789,0.197,0.821,0.222,0.851,0.246,0.881,0.271,2.328,3.572,9.351,8.532,1.371,2.221
113,0.484,0.023,0.345,0.032,0.443,0.037,0.528,0.039,0.604,0.048,0.668,0.059,0.713,0.070,0.755,0.081,0.793,0.094,0.829,0.108,0.862,0.128,0.924,0.165,0.980,0.197,1.030,0.233,1.077,0.266,1.122,0.294,1.163,0.327,1.201,0.357,1.239,0.388,1.274,0.421,1.306,0.455,1.337,0.486,1.368,0.516,2.536,5.119,9.536,9.530,1.760,3.187
114,1.609,0.063,1.470,0.050,1.568,0.067,1.653,0.085,1.729,0.102,1.794,0.120,1.839,0.136,1.881,0.153,1.919,0.171,1.955,0.189,1.990,0.208,2.052,0.245,2.108,0.281,2.159,0.318,2.207,0.356,2.252,0.389,2.295,0.424,2.334,0.457,2.372,0.490,2.408,0.523,2.441,0.558,2.473,0.590,2.505,0.620,4.260,4.348,8.625,11.871,3.222,2.964
115,0.093,0.017,0.030,0.014,0.073,0.015,0.117,0.000,0.164,0.024,0.208,0.021,0.245,0.024,0.281,0.029,0.316,0.033,0.350,0.033,0.382,0.039,0.442,0.042,0.496,0.049,0.546,0.059,0.593,0.068,0.636,0.080,0.678,0.093,0.717,0.102,0.755,0.111,0.791,0.121,0.825,0.134,0.856,0.144,0.888,0.153,2.370,1.475,3.040,12.311,1.551,0.912
116,0.786,0.117,0.649,0.045,0.746,0.060,0.831,0.082,0.907,0.101,0.971,0.116,1.016,0.132,1.058,0.148,1.097,0.163,1.133,0.179,1.167,0.194,1.228,0.226,1.284,0.257,1.335,0.290,1.383,0.322,1.428,0.351,1.469,0.382,1.508,0.412,1.545,0.441,1.581,0.470,1.614,0.500,1.645,0.528,1.677,0.555,3.235,3.468,6.652,12.157,2.265,2.656
117,0.905,0.129,0.767,0.009,0.865,0.012,0.950,0.016,1.027,0.018,1.091,0.022,1.136,0.026,1.178,0.030,1.216,0.034,1.252,0.038,1.287,0.042,1.349,0.050,1.405,0.059,1.456,0.066,1.504,0.075,1.549,0.083,1.591,0.093,1.630,0.102,1.668,0.111,1.704,0.119,1.738,0.128,1.769,0.137,1.801,0.145,3.253,1.345,4.080,13.022,2.466,0.864
118,1.851,0.114,1.713,0.019,1.811,0.029,1.896,0.043,1.972,0.054,2.036,0.065,2.082,0.075,2.124,0.085,2.162,0.096,2.198,0.107,2.232,0.117,2.294,0.140,2.350,0.162,2.401,0.185,2.449,0.209,2.494,0.231,2.536,0.255,2.575,0.278,2.613,0.301,2.649,0.323,2.682,0.347,2.714,0.369,2.746,0.391,4.151,3.353,5.844,13.720,3.382,2.145
119,3.555,0.335,3.422,0.037,3.520,0.050,3.605,0.064,3.681,0.077,3.745,0.093,3.790,0.106,3.833,0.120,3.871,0.134,3.907,0.148,3.941,0.162,4.003,0.189,4.059,0.218,4.110,0.248,4.159,0.278,4.204,0.307,4.246,0.336,4.285,0.365,4.323,0.394,4.359,0.423,4.393,0.454,4.425,0.482,4.456,0.510,5.932,4.641,7.153,14.875,5.142,2.824
120,3.126,0.339,2.991,0.013,3.089,0.014,3.174,0.016,3.250,0.021,3.314,0.026,3.359,0.032,3.402,0.038,3.440,0.043,3.476,0.048,3.510,0.053,3.572,0.064,3.628,0.077,3.679,0.092,3.728,0.106,3.773,0.121,3.815,0.136,3.854,0.154,3.892,0.172,3.928,0.188,3.961,0.206,3.993,0.224,4.025,0.241,5.408,2.745,5.513,14.509,4.688,1.686
121,2.171,0.268,2.035,0.016,2.133,0.018,2.219,0.016,2.295,0.015,2.359,0.019,2.404,0.021,2.446,0.023,2.485,0.027,2.521,0.031,2.555,0.035,2.617,0.041,2.673,0.046,2.724,0.053,2.772,0.058,2.817,0.061,2.859,0.065,2.898,0.067,2.936,0.069,2.972,0.073,3.006,0.078,3.038,0.081,3.069,0.084,4.406,0.838,4.621,13.852,3.714,0.535
122,0.102,0.039,0.051,0.009,0.085,0.015,0.129,0.023,0.185,0.024,0.235,0.021,0.272,0.021,0.307,0.023,0.340,0.022,0.372,0.024,0.403,0.027,0.459,0.041,0.513,0.059,0.564,0.081,0.613,0.089,0.658,0.096,0.700,0.104,0.739,0.112,0.778,0.128,0.814,0.145,0.848,0.157,0.879,0.164,0.911,0.170,2.479,1.563,2.748,11.885,1.633,0.798
123,0.702,0.161,0.568,0.012,0.664,0.013,0.749,0.011,0.826,0.009,0.890,0.010,0.935,0.015,0.977,0.022,1.015,0.027,1.051,0.037,1.085,0.042,1.148,0.048,1.204,0.057,1.255,0.086,1.303,0.098,1.348,0.108,1.390,0.119,1.429,0.127,1.467,0.138,1.503,0.151,1.537,0.165,1.568,0.175,1.600,0.182,2.924,1.325,3.161,13.452,2.241,0.779
124,1.035,0.618,0.889,0.024,0.987,0.030,1.072,0.034,1.148,0.038,1.213,0.044,1.258,0.049,1.300,0.053,1.338,0.059,1.374,0.064,1.409,0.070,1.471,0.080,1.527,0.090,1.579,0.101,1.627,0.110,1.672,0.119,1.715,0.127,1.754,0.135,1.792,0.144,1.828,0.153,1.862,0.162,1.894,0.169,1.926,0.177,3.627,1.243,5.549,10.364,2.680,0.852
125,0.568,0.442,0.434,0.018,0.532,0.019,0.617,0.021,0.693,0.021,0.757,0.024,0.802,0.027,0.844,0.031,0.882,0.036,0.919,0.043,0.953,0.050,1.015,0.068,1.071,0.083,1.123,0.094,1.171,0.101,1.216,0.108,1.258,0.115,1.298,0.120,1.336,0.128,1.372,0.138,1.406,0.146,1.438,0.151,1.470,0.155,3.080,1.192,3.165,12.337,2.207,0.616
126,1.788,0.682,1.658,0.032,1.756,0.036,1.841,0.035,1.918,0.034,1.982,0.038,2.027,0.040,2.069,0.041,2.107,0.046,2.143,0.050,2.178,0.054,2.240,0.060,2.296,0.063,2.347,0.068,2.395,0.070,2.440,0.071,2.482,0.073,2.521,0.073,2.559,0.073,2.595,0.075,2.629,0.077,2.660,0.078,2.692,0.080,4.097,0.898,4.388,14.191,3.362,0.644
127,3.164,0.488,3.038,0.011,3.136,0.013,3.221,0.015,3.297,0.020,3.361,0.024,3.406,0.029,3.449,0.035,3.487,0.038,3.523,0.042,3.557,0.046,3.619,0.056,3.675,0.068,3.726,0.080,3.774,0.093,3.820,0.107,3.862,0.122,3.901,0.140,3.939,0.159,3.975,0.174,4.008,0.192,4.040,0.209,4.072,0.227,5.534,2.671,5.472,14.787,4.766,1.687
128,3.445,0.171,3.323,0.059,3.422,0.076,3.507,0.093,3.583,0.109,3.647,0.128,3.692,0.144,3.735,0.161,3.773,0.177,3.809,0.193,3.843,0.208,3.906,0.240,3.962,0.272,4.013,0.303,4.061,0.337,4.107,0.367,4.149,0.398,4.188,0.428,4.227,0.459,4.263,0.488,4.297,0.521,4.329,0.550,4.361,0.579,6.031,4.840,5.428,16.072,5.123,2.991
129,3.795,0.243,3.672,0.085,3.770,0.107,3.855,0.127,3.931,0.146,3.996,0.169,4.041,0.190,4.083,0.209,4.121,0.229,4.158,0.249,4.192,0.269,4.254,0.308,4.311,0.344,4.362,0.381,4.411,0.419,4.456,0.453,4.499,0.486,4.538,0.518,4.577,0.549,4.613,0.581,4.647,0.616,4.680,0.646,4.712,0.676,6.449,5.243,5.986,16.207,5.501,3.090
130,3.526,0.038,3.387,0.062,3.485,0.082,3.570,0.101,3.647,0.120,3.711,0.142,3.756,0.161,3.798,0.178,3.836,0.194,3.872,0.210,3.906,0.224,3.968,0.253,4.024,0.284,4.075,0.311,4.123,0.342,4.168,0.372,4.210,0.400,4.249,0.429,4.287,0.458,4.322,0.486,4.356,0.516,4.388,0.545,4.420,0.575,6.209,5.040,12.941,11.253,5.129,2.893
131,3.101,0.014,2.962,0.021,3.060,0.029,3.145,0.041,3.221,0.051,3.285,0.063,3.330,0.073,3.372,0.081,3.410,0.085,3.446,0.090,3.480,0.093,3.542,0.102,3.598,0.116,3.648,0.126,3.696,0.139,3.741,0.153,3.782,0.166,3.821,0.184,3.858,0.201,3.894,0.216,3.927,0.234,3.959,0.253,3.990,0.274,5.494,4.298,12.899,10.123,4.591,1.910
132,1.580,0.046,1.441,0.070,1.539,0.095,1.624,0.122,1.700,0.149,1.764,0.177,1.809,0.201,1.851,0.222,1.889,0.241,1.924,0.259,1.958,0.272,2.019,0.302,2.075,0.342,2.125,0.370,2.172,0.404,2.217,0.442,2.258,0.477,2.296,0.519,2.333,0.559,2.368,0.599,2.401,0.641,2.431,0.684,2.462,0.727,3.256,7.367,12.379,10.829,2.849,4.267
133,0.732,0.023,0.593,0.032,0.691,0.036,0.776,0.069,0.852,0.083,0.916,0.099,0.961,0.114,1.003,0.121,1.041,0.112,1.077,0.108,1.111,0.099,1.172,0.106,1.228,0.119,1.278,0.130,1.325,0.143,1.370,0.160,1.412,0.179,1.450,0.215,1.488,0.251,1.523,0.276,1.555,0.310,1.586,0.349,1.617,0.395,2.252,7.485,11.031,10.827,2.134,3.594
134,0.535,0.039,0.396,0.049,0.494,0.069,0.579,0.099,0.655,0.124,0.719,0.147,0.764,0.167,0.806,0.179,0.843,0.182,0.879,0.187,0.913,0.179,0.975,0.188,1.031,0.221,1.081,0.236,1.129,0.258,1.173,0.295,1.215,0.336,1.253,0.391,1.290,0.439,1.326,0.483,1.359,0.533,1.390,0.583,1.421,0.637,3.082,6.361,12.640,9.998,1.867,4.424
135,0.675,0.012,0.536,0.024,0.634,0.024,0.719,0.021,0.794,0.024,0.858,0.031,0.903,0.037,0.945,0.041,0.983,0.051,1.019,0.065,1.053,0.083,1.114,0.110,1.170,0.123,1.220,0.142,1.267,0.154,1.312,0.161,1.353,0.163,1.392,0.158,1.429,0.158,1.464,0.165,1.497,0.169,1.528,0.171,1.559,0.172,2.350,5.901,10.746,9.690,1.994,1.357
136,0.079,0.016,0.038,0.008,0.062,0.009,0.099,0.013,0.138,0.015,0.176,0.017,0.204,0.021,0.234,0.024,0.264,0.029,0.296,0.041,0.327,0.050,0.387,0.071,0.442,0.078,0.492,0.108,0.540,0.127,0.584,0.143,0.626,0.155,0.665,0.158,0.702,0.168,0.737,0.186,0.770,0.198,0.801,0.209,0.832,0.218,1.643,5.726,10.054,9.275,1.300,1.336
137,0.109,0.005,0.066,0.011,0.095,0.004,0.125,0.006,0.157,0.009,0.190,0.019,0.220,0.021,0.249,0.025,0.276,0.023,0.305,0.031,0.333,0.030,0.387,0.028,0.440,0.031,0.489,0.040,0.537,0.045,0.582,0.056,0.623,0.065,0.662,0.075,0.700,0.085,0.736,0.094,0.769,0.103,0.801,0.111,0.833,0.120,2.762,2.600,8.629,10.018,1.591,0.812
138,2.068,0.013,1.929,0.016,2.027,0.022,2.112,0.026,2.188,0.031,2.252,0.039,2.297,0.044,2.340,0.049,2.378,0.054,2.414,0.059,2.448,0.064,2.510,0.073,2.566,0.081,2.617,0.090,2.665,0.099,2.711,0.107,2.753,0.114,2.792,0.121,2.830,0.128,2.866,0.135,2.899,0.143,2.931,0.150,2.963,0.158,4.865,3.202,10.460,10.583,3.702,0.948
139,0.834,0.008,0.704,0.012,0.796,0.013,0.876,0.014,0.949,0.018,1.013,0.026,1.058,0.031,1.100,0.036,1.138,0.041,1.174,0.046,1.208,0.052,1.270,0.062,1.327,0.070,1.378,0.080,1.426,0.089,1.471,0.098,1.512,0.106,1.551,0.112,1.589,0.118,1.625,0.126,1.659,0.133,1.691,0.139,1.723,0.144,3.595,2.846,9.844,9.776,2.426,0.717
140,3.294,0.074,3.155,0.062,3.253,0.080,3.338,0.095,3.415,0.110,3.479,0.129,3.524,0.145,3.566,0.159,3.604,0.173,3.641,0.187,3.675,0.200,3.737,0.225,3.794,0.251,3.845,0.274,3.893,0.299,3.939,0.323,3.981,0.345,4.020,0.368,4.059,0.390,4.095,0.412,4.129,0.437,4.161,0.459,4.193,0.483,6.022,4.463,9.226,13.446,4.980,2.239
141,0.084,0.026,0.034,0.014,0.068,0.015,0.110,0.018,0.157,0.020,0.205,0.020,0.242,0.025,0.280,0.024,0.314,0.023,0.348,0.023,0.379,0.027,0.439,0.033,0.494,0.037,0.545,0.046,0.593,0.055,0.639,0.063,0.681,0.070,0.721,0.080,0.759,0.095,0.796,0.107,0.830,0.119,0.863,0.131,0.895,0.142,2.711,1.648,3.031,6.954,1.704,1.051
142,0.859,0.036,0.722,0.014,0.819,0.017,0.904,0.020,0.980,0.024,1.044,0.028,1.089,0.032,1.132,0.036,1.170,0.038,1.206,0.045,1.240,0.052,1.303,0.061,1.359,0.074,1.411,0.086,1.459,0.096,1.505,0.105,1.547,0.114,1.586,0.125,1.625,0.137,1.661,0.148,1.695,0.160,1.727,0.172,1.759,0.183,3.352,1.709,1.180,10.085,2.522,1.020
143,2.052,0.145,1.913,0.013,2.012,0.018,2.097,0.021,2.173,0.025,2.237,0.029,2.282,0.032,2.325,0.035,2.363,0.038,2.399,0.042,2.433,0.045,2.496,0.051,2.552,0.057,2.604,0.063,2.652,0.069,2.698,0.075,2.740,0.080,2.779,0.085,2.818,0.090,2.854,0.096,2.888,0.102,2.920,0.107,2.952,0.113,4.547,1.202,3.885,14.072,3.703,0.554
144,3.084,0.242,2.947,0.032,3.045,0.042,3.130,0.049,3.206,0.056,3.271,0.066,3.316,0.074,3.358,0.082,3.396,0.090,3.433,0.098,3.467,0.107,3.529,0.121,3.586,0.135,3.637,0.148,3.686,0.162,3.731,0.175,3.773,0.186,3.813,0.197,3.851,0.207,3.887,0.219,3.921,0.231,3.953,0.241,3.985,0.252,5.575,2.598,5.327,14.825,4.734,0.981
145,0.956,0.268,0.822,0.013,0.920,0.020,1.005,0.022,1.081,0.026,1.146,0.030,1.191,0.034,1.233,0.038,1.271,0.041,1.308,0.044,1.342,0.048,1.405,0.054,1.461,0.061,1.513,0.068,1.561,0.074,1.607,0.080,1.649,0.085,1.689,0.091,1.727,0.096,1.764,0.102,1.798,0.108,1.830,0.114,1.862,0.120,3.505,0.855,3.350,13.462,2.631,0.652
146,0.478,0.259,0.348,0.024,0.446,0.018,0.531,0.018,0.607,0.019,0.671,0.022,0.717,0.024,0.759,0.026,0.797,0.028,0.834,0.031,0.868,0.034,0.931,0.037,0.987,0.042,1.039,0.046,1.088,0.050,1.134,0.053,1.176,0.057,1.216,0.061,1.255,0.067,1.291,0.072,1.326,0.077,1.358,0.083,1.390,0.089,3.229,0.874,3.306,12.149,2.205,0.781
147,1.322,0.332,1.193,0.010,1.291,0.013,1.376,0.015,1.452,0.017,1.517,0.020,1.562,0.021,1.604,0.024,1.643,0.027,1.679,0.031,1.713,0.034,1.776,0.040,1.833,0.043,1.885,0.046,1.933,0.049,1.979,0.051,2.022,0.052,2.062,0.051,2.101,0.049,2.137,0.051,2.172,0.051,2.204,0.049,2.237,0.049,4.206,0.387,4.298,12.693,3.084,0.459
148,2.531,0.420,2.402,0.027,2.500,0.035,2.585,0.040,2.661,0.046,2.726,0.053,2.771,0.059,2.813,0.065,2.852,0.073,2.888,0.079,2.922,0.086,2.985,0.099,3.042,0.109,3.094,0.119,3.143,0.129,3.188,0.138,3.231,0.145,3.271,0.151,3.310,0.156,3.346,0.164,3.381,0.171,3.414,0.176,3.446,0.181,5.453,1.150,4.809,13.930,4.300,0.431
149,2.597,0.349,2.468,0.014,2.566,0.018,2.651,0.021,2.728,0.024,2.792,0.028,2.837,0.032,2.879,0.035,2.918,0.039,2.954,0.044,2.989,0.048,3.051,0.055,3.108,0.060,3.160,0.066,3.208,0.071,3.254,0.076,3.297,0.079,3.336,0.081,3.375,0.082,3.412,0.085,3.446,0.087,3.479,0.089,3.511,0.091,5.363,0.775,4.227,14.694,4.340,0.201
150,2.974,0.432,2.843,0.027,2.942,0.034,3.027,0.039,3.103,0.045,3.168,0.053,3.213,0.059,3.255,0.064,3.294,0.072,3.330,0.078,3.364,0.085,3.427,0.098,3.484,0.107,3.535,0.117,3.584,0.128,3.630,0.136,3.673,0.144,3.712,0.150,3.751,0.155,3.787,0.162,3.822,0.169,3.855,0.174,3.887,0.180,5.761,1.452,4.646,15.057,4.717,0.383
151,3.065,0.464,2.938,0.056,3.037,0.071,3.122,0.082,3.198,0.094,3.263,0.109,3.308,0.122,3.350,0.134,3.389,0.147,3.425,0.160,3.459,0.173,3.522,0.197,3.579,0.218,3.630,0.240,3.679,0.262,3.725,0.281,3.768,0.299,3.807,0.316,3.846,0.332,3.883,0.349,3.917,0.368,3.950,0.384,3.983,0.399,5.956,2.914,4.861,15.144,4.828,1.475
152,3.448,0.307,3.321,0.073,3.419,0.092,3.504,0.109,3.581,0.125,3.645,0.145,3.690,0.162,3.732,0.178,3.771,0.195,3.807,0.212,3.841,0.229,3.904,0.261,3.960,0.291,4.012,0.320,4.061,0.351,4.106,0.379,4.149,0.405,4.188,0.431,4.227,0.456,4.263,0.482,4.298,0.509,4.330,0.534,4.363,0.558,6.219,4.354,5.569,15.506,5.180,2.446
153,2.972,0.282,2.843,0.071,2.941,0.090,3.026,0.108,3.102,0.124,3.167,0.144,3.212,0.161,3.254,0.177,3.293,0.194,3.329,0.210,3.363,0.227,3.426,0.258,3.483,0.288,3.534,0.317,3.583,0.348,3.629,0.376,3.671,0.403,3.711,0.428,3.750,0.454,3.786,0.479,3.821,0.507,3.854,0.531,3.886,0.555,5.980,3.909,11.076,7.628,4.762,2.403
154,3.043,0.254,2.919,0.047,3.017,0.061,3.103,0.075,3.179,0.088,3.243,0.103,3.288,0.117,3.330,0.130,3.369,0.143,3.405,0.155,3.439,0.168,3.502,0.193,3.558,0.218,3.609,0.244,3.658,0.271,3.703,0.295,3.746,0.321,3.785,0.346,3.823,0.373,3.860,0.397,3.894,0.424,3.926,0.448,3.958,0.473,5.778,3.974,5.930,13.751,4.761,2.533
155,1.556,0.759,1.428,0.028,1.526,0.031,1.611,0.031,1.687,0.032,1.751,0.035,1.797,0.037,1.839,0.039,1.877,0.043,1.913,0.047,1.947,0.052,2.009,0.057,2.066,0.060,2.117,0.064,2.165,0.068,2.210,0.070,2.252,0.071,2.292,0.069,2.330,0.068,2.366,0.070,2.400,0.072,2.431,0.073,2.463,0.074,4.000,0.745,3.565,14.346,3.178,0.607
156,1.594,0.728,1.462,0.013,1.560,0.016,1.646,0.017,1.722,0.019,1.786,0.022,1.831,0.025,1.873,0.027,1.912,0.030,1.948,0.032,1.982,0.035,2.044,0.041,2.101,0.046,2.152,0.051,2.200,0.057,2.246,0.062,2.288,0.068,2.328,0.074,2.366,0.083,2.402,0.089,2.436,0.097,2.468,0.105,2.501,0.113,4.245,1.263,3.985,13.260,3.281,0.957
157,1.434,1.155,1.386,0.074,1.484,0.092,1.569,0.108,1.645,0.122,1.709,0.140,1.754,0.155,1.796,0.169,1.834,0.183,1.870,0.197,1.905,0.210,1.967,0.236,2.023,0.261,2.074,0.286,2.122,0.313,2.168,0.337,2.210,0.361,2.249,0.385,2.287,0.410,2.323,0.432,2.357,0.456,2.389,0.479,2.421,0.500,4.432,3.201,10.199,6.725,3.211,2.346
158,2.324,0.452,2.197,0.026,2.295,0.033,2.380,0.040,2.457,0.048,2.521,0.056,2.566,0.064,2.608,0.071,2.647,0.078,2.683,0.085,2.717,0.091,2.779,0.105,2.836,0.120,2.887,0.135,2.935,0.151,2.981,0.166,3.023,0.182,3.062,0.200,3.101,0.218,3.137,0.234,3.171,0.252,3.203,0.269,3.235,0.287,4.998,2.689,5.342,13.169,4.020,1.799
159,2.109,0.931,2.055,0.087,2.153,0.108,2.238,0.128,2.314,0.146,2.378,0.168,2.423,0.187,2.466,0.205,2.504,0.223,2.540,0.240,2.574,0.257,2.637,0.291,2.693,0.323,2.744,0.354,2.792,0.387,2.838,0.417,2.880,0.446,2.919,0.475,2.958,0.503,2.994,0.530,3.028,0.559,3.061,0.585,3.093,0.611,5.244,3.749,11.716,6.404,3.953,2.590
160,2.266,0.355,2.136,0.052,2.234,0.066,2.319,0.079,2.396,0.092,2.460,0.106,2.505,0.118,2.548,0.131,2.586,0.143,2.622,0.155,2.657,0.168,2.719,0.191,2.776,0.213,2.828,0.234,2.877,0.256,2.923,0.275,2.965,0.294,3.005,0.311,3.044,0.328,3.081,0.346,3.115,0.364,3.148,0.381,3.181,0.397,5.324,2.535,11.100,6.827,4.068,1.464
161,1.469,0.715,1.363,0.083,1.461,0.103,1.546,0.123,1.623,0.143,1.687,0.163,1.732,0.182,1.774,0.201,1.812,0.219,1.848,0.236,1.883,0.254,1.945,0.286,2.001,0.318,2.052,0.347,2.101,0.379,2.146,0.407,2.189,0.434,2.228,0.460,2.266,0.485,2.303,0.510,2.337,0.536,2.369,0.560,2.402,0.583,4.689,3.068,11.366,5.951,3.312,2.088
162,1.177,2.282,1.247,0.105,1.345,0.128,1.430,0.152,1.506,0.173,1.570,0.197,1.615,0.219,1.657,0.240,1.695,0.261,1.732,0.281,1.766,0.300,1.828,0.337,1.884,0.372,1.935,0.405,1.983,0.440,2.028,0.472,2.070,0.503,2.109,0.532,2.148,0.560,2.184,0.588,2.218,0.617,2.250,0.643,2.282,0.668,4.677,3.049,11.518,5.635,3.206,2.251
163,1.561,0.270,1.432,0.012,1.530,0.016,1.616,0.019,1.692,0.023,1.756,0.027,1.802,0.030,1.844,0.033,1.882,0.037,1.919,0.041,1.953,0.045,2.016,0.052,2.073,0.057,2.124,0.062,2.173,0.067,2.219,0.071,2.262,0.074,2.302,0.076,2.340,0.076,2.377,0.080,2.412,0.082,2.445,0.084,2.477,0.086,4.551,0.482,9.611,5.803,3.330,0.428
164,0.663,0.110,0.533,0.015,0.631,0.012,0.716,0.010,0.793,0.008,0.857,0.007,0.902,0.008,0.945,0.010,0.983,0.010,1.019,0.010,1.054,0.010,1.117,0.011,1.173,0.013,1.225,0.015,1.274,0.018,1.320,0.022,1.363,0.026,1.402,0.031,1.441,0.037,1.478,0.041,1.513,0.046,1.545,0.051,1.578,0.054,3.653,0.875,8.945,2.964,2.440,0.796
165,0.096,0.026,0.030,0.021,0.078,0.015,0.129,0.019,0.184,0.017,0.235,0.016,0.275,0.017,0.313,0.016,0.348,0.019,0.383,0.020,0.417,0.015,0.480,0.016,0.536,0.013,0.588,0.015,0.637,0.017,0.683,0.019,0.726,0.021,0.765,0.023,0.804,0.028,0.841,0.031,0.876,0.035,0.909,0.037,0.941,0.040,3.107,0.685,9.350,1.578,1.850,0.520
166,1.424,0.400,1.300,0.036,1.398,0.046,1.483,0.057,1.559,0.067,1.624,0.077,1.669,0.087,1.711,0.096,1.750,0.105,1.786,0.114,1.820,0.124,1.883,0.140,1.940,0.157,1.991,0.172,2.040,0.188,2.086,0.202,2.129,0.215,2.169,0.228,2.207,0.238,2.244,0.252,2.279,0.265,2.312,0.277,2.344,0.289,4.540,1.602,10.959,4.648,3.254,0.939
167,0.692,1.345,0.692,0.083,0.789,0.107,0.874,0.132,0.950,0.148,1.014,0.168,1.058,0.189,1.100,0.208,1.139,0.226,1.175,0.243,1.209,0.259,1.271,0.289,1.327,0.319,1.378,0.346,1.426,0.371,1.472,0.394,1.514,0.417,1.553,0.439,1.591,0.457,1.628,0.479,1.662,0.502,1.694,0.521,1.726,0.541,3.999,2.379,10.698,4.877,2.623,1.690
168,0.210,0.041,0.155,0.007,0.205,0.010,0.258,0.012,0.305,0.010,0.346,0.010,0.377,0.018,0.410,0.022,0.442,0.022,0.474,0.027,0.505,0.028,0.561,0.032,0.613,0.048,0.663,0.092,0.711,0.134,0.756,0.143,0.799,0.154,0.838,0.167,0.877,0.167,0.913,0.181,0.947,0.196,0.979,0.210,1.012,0.224,3.267,1.511,9.832,3.786,1.942,0.807
169,0.733,0.159,0.603,0.017,0.701,0.014,0.786,0.016,0.862,0.017,0.926,0.019,0.972,0.021,1.014,0.024,1.052,0.027,1.089,0.030,1.123,0.032,1.186,0.037,1.243,0.042,1.295,0.047,1.343,0.052,1.389,0.057,1.432,0.061,1.472,0.065,1.511,0.066,1.548,0.071,1.583,0.076,1.615,0.081,1.648,0.086,3.827,0.649,10.148,2.922,2.561,0.390
170,0.536,0.561,0.382,0.018,0.480,0.012,0.565,0.013,0.641,0.013,0.705,0.014,0.751,0.016,0.793,0.017,0.831,0.018,0.867,0.019,0.902,0.019,0.964,0.021,1.020,0.025,1.072,0.028,1.120,0.031,1.166,0.034,1.208,0.037,1.248,0.042,1.286,0.048,1.322,0.052,1.357,0.057,1.389,0.062,1.421,0.067,3.280,0.658,7.525,5.595,2.223,0.607
171,1.003,1.101,0.893,0.066,0.991,0.084,1.076,0.096,1.152,0.108,1.216,0.125,1.261,0.137,1.303,0.148,1.341,0.159,1.378,0.170,1.412,0.181,1.474,0.203,1.530,0.224,1.581,0.247,1.630,0.270,1.675,0.290,1.717,0.310,1.756,0.331,1.794,0.354,1.830,0.374,1.864,0.395,1.896,0.415,1.928,0.434,3.917,2.860,9.425,6.472,2.700,2.157
172,0.918,1.408,1.078,0.056,1.176,0.081,1.261,0.092,1.337,0.105,1.401,0.124,1.446,0.137,1.488,0.149,1.526,0.163,1.562,0.175,1.596,0.187,1.658,0.214,1.714,0.238,1.765,0.265,1.813,0.293,1.858,0.315,1.900,0.337,1.939,0.361,1.976,0.388,2.012,0.410,2.046,0.434,2.078,0.457,2.110,0.477,4.035,3.348,9.816,6.415,2.777,2.509
173,0.349,1.245,0.321,0.054,0.410,0.084,0.489,0.089,0.562,0.108,0.626,0.131,0.671,0.143,0.713,0.155,0.751,0.170,0.787,0.181,0.821,0.192,0.883,0.220,0.939,0.242,0.990,0.270,1.038,0.296,1.083,0.314,1.125,0.333,1.164,0.355,1.202,0.381,1.238,0.400,1.271,0.422,1.303,0.445,1.335,0.464,3.255,3.030,8.690,6.377,2.010,2.429
174,0.498,0.357,0.322,0.030,0.419,0.033,0.505,0.038,0.581,0.047,0.645,0.056,0.690,0.062,0.732,0.068,0.771,0.074,0.807,0.079,0.841,0.085,0.903,0.097,0.960,0.109,1.011,0.123,1.060,0.136,1.105,0.147,1.147,0.158,1.187,0.172,1.225,0.189,1.261,0.201,1.295,0.215,1.327,0.229,1.360,0.241,3.307,1.810,8.039,5.239,2.141,1.447
175,0.124,0.050,0.082,0.009,0.123,0.011,0.165,0.011,0.209,0.014,0.252,0.013,0.285,0.015,0.317,0.018,0.347,0.020,0.376,0.021,0.404,0.023,0.456,0.031,0.504,0.039,0.548,0.050,0.590,0.060,0.630,0.067,0.667,0.076,0.702,0.088,0.737,0.104,0.770,0.115,0.801,0.128,0.831,0.141,0.861,0.153,2.737,2.039,7.584,5.091,1.534,1.655
176,0.000,0.000,0.000,0.000,0.000,0.000,0.000,0.000,0.000,0.000,0.000,0.000,0.001,0.000,0.015,0.012,0.035,0.020,0.053,0.023,0.075,0.028,0.124,0.029,0.175,0.041,0.224,0.049,0.273,0.071,0.320,0.112,0.366,0.163,0.409,0.193,0.451,0.211,0.491,0.229,0.530,0.247,0.566,0.260,0.602,0.273,3.848,2.763,16.573,4.401,2.033,1.863
177,0.000,0.000,0.000,0.000,0.000,0.000,0.000,0.000,0.000,0.000,0.001,0.000,0.001,0.001,0.003,0.002,0.005,0.003,0.008,0.005,0.011,0.005,0.020,0.006,0.032,0.012,0.047,0.015,0.065,0.017,0.087,0.027,0.113,0.043,0.141,0.044,0.171,0.048,0.202,0.059,0.233,0.069,0.263,0.076,0.294,0.081,3.459,1.965,15.483,3.405,1.684,1.252
178,0.000,0.000,0.000,0.000,0.000,0.000,0.000,0.000,0.000,0.000,0.001,0.001,0.001,0.000,0.003,0.001,0.004,0.002,0.006,0.003,0.009,0.003,0.018,0.006,0.029,0.006,0.039,0.009,0.059,0.000,0.084,0.016,0.111,0.029,0.141,0.036,0.172,0.042,0.205,0.048,0.238,0.052,0.271,0.054,0.304,0.056,3.668,0.228,15.736,0.702,1.788,0.202
179,0.000,0.000,0.000,0.000,0.000,0.000,0.000,0.000,0.000,0.000,0.000,0.000,0.000,0.000,0.002,0.002,0.008,0.007,0.022,0.012,0.040,0.021,0.086,0.042,0.141,0.061,0.192,0.069,0.243,0.087,0.291,0.096,0.337,0.108,0.379,0.124,0.421,0.154,0.462,0.192,0.501,0.216,0.538,0.228,0.574,0.240,3.988,0.976,16.160,1.804,2.090,0.786
180,0.000,0.000,0.000,0.000,0.000,0.000,0.000,0.000,0.000,0.000,0.000,0.000,0.000,0.000,0.001,0.001,0.002,0.002,0.003,0.002,0.005,0.005,0.017,0.011,0.038,0.013,0.060,0.019,0.085,0.018,0.112,0.020,0.140,0.020,0.168,0.021,0.197,0.025,0.228,0.036,0.259,0.035,0.290,0.039,0.322,0.047,3.745,0.732,15.904,1.147,1.833,0.593
181,0.000,0.000,0.000,0.000,0.000,0.000,0.000,0.000,0.000,0.000,0.000,0.000,0.001,0.002,0.004,0.007,0.008,0.011,0.013,0.010,0.018,0.011,0.028,0.010,0.040,0.018,0.053,0.028,0.073,0.051,0.105,0.088,0.141,0.128,0.178,0.260,0.215,0.445,0.249,0.618,0.282,0.718,0.314,0.785,0.346,0.842,3.396,3.303,14.946,3.787,1.488,3.148
182,0.000,0.000,0.000,0.000,0.000,0.000,0.000,0.000,0.000,0.000,0.001,0.000,0.001,0.001,0.002,0.002,0.005,0.004,0.010,0.005,0.014,0.006,0.028,0.011,0.046,0.015,0.070,0.000,0.102,0.055,0.134,0.078,0.171,0.088,0.207,0.096,0.243,0.123,0.279,0.171,0.313,0.222,0.346,0.284,0.378,0.349,3.515,2.590,15.097,2.883,1.643,2.333
183,0.000,0.000,0.000,0.000,0.000,0.000,0.000,0.000,0.000,0.000,0.000,0.000,0.000,0.000,0.000,0.000,0.000,0.000,0.000,0.000,0.000,0.000,0.001,0.000,0.004,0.000,0.009,0.000,0.015,0.004,0.021,0.007,0.030,0.007,0.040,0.009,0.054,0.015,0.069,0.017,0.087,0.020,0.107,0.027,0.127,0.046,3.218,1.568,14.559,1.709,1.343,1.399
184,0.001,0.000,0.000,0.000,0.000,0.000,0.001,0.000,0.001,0.000,0.001,0.000,0.002,0.000,0.003,0.000,0.006,0.003,0.011,0.007,0.018,0.009,0.039,0.015,0.069,0.024,0.103,0.046,0.138,0.095,0.175,0.135,0.214,0.176,0.251,0.220,0.287,0.250,0.322,0.298,0.356,0.354,0.387,0.378,0.419,0.400,2.955,2.394,13.511,3.772,1.273,1.882
185,0.000,0.000,0.000,0.000,0.000,0.000,0.000,0.000,0.000,0.000,0.001,0.000,0.001,0.000,0.001,0.000,0.002,0.002,0.004,0.000,0.006,0.003,0.013,0.006,0.024,0.010,0.036,0.012,0.050,0.015,0.068,0.020,0.087,0.023,0.108,0.031,0.132,0.038,0.157,0.044,0.183,0.050,0.208,0.056,0.234,0.062,2.691,1.235,12.962,2.932,1.039,0.899
186,0.000,0.000,0.000,0.000,0.000,0.000,0.000,0.000,0.001,0.002,0.003,0.002,0.007,0.000,0.012,0.006,0.018,0.009,0.026,0.009,0.035,0.009,0.051,0.010,0.069,0.012,0.087,0.008,0.105,0.011,0.128,0.018,0.155,0.018,0.181,0.019,0.207,0.018,0.232,0.018,0.256,0.019,0.278,0.022,0.302,0.026,1.664,1.756,2.718,10.131,0.875,0.495
187,0.000,0.000,0.000,0.000,0.000,0.000,0.000,0.000,0.000,0.000,0.000,0.001,0.003,0.002,0.009,0.009,0.017,0.007,0.028,0.009,0.040,0.015,0.074,0.019,0.112,0.023,0.152,0.042,0.194,0.051,0.237,0.056,0.278,0.066,0.316,0.072,0.353,0.089,0.389,0.117,0.422,0.153,0.454,0.171,0.486,0.180,1.845,2.285,1.768,12.901,1.136,1.268
188,0.000,0.000,0.000,0.000,0.000,0.000,0.000,0.000,0.001,0.001,0.002,0.001,0.004,0.002,0.005,0.001,0.007,0.001,0.008,0.002,0.010,0.002,0.013,0.002,0.030,0.028,0.073,0.036,0.114,0.042,0.155,0.040,0.194,0.037,0.231,0.052,0.268,0.077,0.304,0.112,0.338,0.128,0.370,0.132,0.402,0.136,2.068,1.401,2.591,11.420,1.158,0.637
189,0.000,0.000,0.000,0.000,0.000,0.000,0.000,0.000,0.000,0.000,0.000,0.000,0.000,0.000,0.000,0.001,0.001,0.001,0.002,0.002,0.004,0.003,0.008,0.005,0.014,0.005,0.021,0.006,0.030,0.010,0.042,0.011,0.055,0.011,0.069,0.000,0.087,0.021,0.110,0.027,0.134,0.030,0.158,0.032,0.183,0.033,1.751,1.770,2.746,9.500,0.879,0.836
190,0.000,0.000,0.000,0.000,0.000,0.000,0.000,0.000,0.000,0.000,0.004,0.003,0.008,0.005,0.015,0.005,0.021,0.005,0.027,0.005,0.032,0.004,0.043,0.004,0.066,0.016,0.099,0.025,0.134,0.028,0.172,0.034,0.210,0.042,0.249,0.040,0.286,0.068,0.322,0.074,0.356,0.083,0.388,0.093,0.421,0.110,2.369,1.117,6.694,3.313,1.202,1.039
191,0.000,0.000,0.000,0.000,0.000,0.000,0.000,0.000,0.000,0.000,0.000,0.000,0.001,0.000,0.002,0.001,0.004,0.003,0.008,0.005,0.014,0.005,0.024,0.005,0.034,0.005,0.044,0.004,0.056,0.011,0.075,0.015,0.096,0.018,0.118,0.016,0.141,0.018,0.163,0.019,0.185,0.020,0.205,0.021,0.230,0.031,2.168,1.259,6.691,3.307,0.991,1.017
192,0.002,0.000,0.001,0.000,0.002,0.000,0.003,0.000,0.005,0.001,0.008,0.002,0.011,0.004,0.016,0.004,0.019,0.003,0.023,0.004,0.027,0.006,0.037,0.004,0.046,0.006,0.059,0.005,0.074,0.008,0.088,0.007,0.105,0.010,0.122,0.012,0.139,0.014,0.156,0.021,0.175,0.023,0.195,0.035,0.216,0.035,3.455,2.334,15.520,3.409,1.609,1.775
193,0.000,0.000,0.000,0.000,0.000,0.000,0.000,0.000,0.000,0.000,0.000,0.000,0.000,0.000,0.000,0.000,0.000,0.000,0.000,0.000,0.000,0.000,0.000,0.000,0.000,0.000,0.002,0.002,0.004,0.002,0.007,0.003,0.011,0.004,0.020,0.011,0.034,0.017,0.054,0.021,0.078,0.031,0.103,0.034,0.129,0.041,3.307,2.069,14.804,2.892,1.503,1.894
194,0.000,0.000,0.000,0.000,0.000,0.000,0.000,0.000,0.000,0.000,0.000,0.000,0.000,0.001,0.005,0.005,0.012,0.009,0.028,0.017,0.048,0.028,0.099,0.036,0.153,0.049,0.206,0.072,0.257,0.082,0.304,0.111,0.349,0.145,0.391,0.196,0.432,0.243,0.471,0.293,0.509,0.335,0.544,0.394,0.580,0.446,3.777,2.683,15.323,3.327,1.970,2.346
195,0.000,0.000,0.000,0.000,0.000,0.000,0.000,0.000,0.000,0.000,0.000,0.000,0.000,0.000,0.000,0.000,0.000,0.000,0.000,0.000,0.003,0.006,0.011,0.004,0.019,0.004,0.027,0.008,0.039,0.016,0.060,0.025,0.083,0.044,0.112,0.068,0.141,0.101,0.174,0.124,0.206,0.155,0.237,0.227,0.269,0.289,3.418,2.184,14.771,2.348,1.643,2.071
196,0.000,0.000,0.000,0.000,0.000,0.000,0.000,0.000,0.000,0.000,0.000,0.000,0.000,0.000,0.000,0.000,0.000,0.000,0.001,0.001,0.002,0.002,0.009,0.004,0.024,0.008,0.051,0.020,0.083,0.023,0.119,0.032,0.154,0.040,0.191,0.059,0.231,0.101,0.269,0.158,0.306,0.204,0.341,0.221,0.377,0.248,3.594,2.479,15.220,3.330,1.773,2.213
197,0.000,0.000,0.000,0.000,0.000,0.000,0.000,0.000,0.000,0.000,0.000,0.000,0.000,0.000,0.001,0.000,0.003,0.002,0.007,0.000,0.024,0.024,0.081,0.035,0.137,0.037,0.188,0.035,0.236,0.040,0.282,0.081,0.326,0.087,0.369,0.075,0.410,0.088,0.449,0.102,0.487,0.098,0.522,0.090,0.557,0.081,3.807,2.641,15.360,4.239,1.980,2.048
198,0.000,0.000,0.000,0.000,0.000,0.000,0.000,0.000,0.000,0.000,0.000,0.000,0.000,0.000,0.001,0.000,0.003,0.003,0.005,0.000,0.011,0.008,0.028,0.014,0.047,0.015,0.070,0.027,0.102,0.031,0.137,0.049,0.174,0.077,0.212,0.107,0.249,0.135,0.285,0.173,0.320,0.207,0.353,0.242,0.386,0.279,3.616,2.857,15.276,4.352,1.741,2.350
199,0.000,0.000,0.000,0.000,0.000,0.000,0.000,0.000,0.000,0.000,0.000,0.000,0.000,0.000,0.000,0.000,0.000,0.000,0.000,0.000,0.000,0.000,0.001,0.000,0.001,0.000,0.001,0.001,0.002,0.001,0.003,0.001,0.005,0.003,0.012,0.000,0.025,0.000,0.041,0.018,0.060,0.000,0.079,0.030,0.100,0.000,3.292,2.451,14.934,3.955,1.409,2.003
200,0.000,0.000,0.000,0.000,0.000,0.000,0.000,0.000,0.000,0.000,0.000,0.000,0.000,0.000,0.001,0.000,0.004,0.005,0.010,0.007,0.017,0.008,0.047,0.016,0.087,0.032,0.129,0.110,0.170,0.195,0.212,0.272,0.250,0.392,0.288,0.485,0.326,0.552,0.362,0.619,0.395,0.689,0.427,0.738,0.458,0.783,3.557,3.506,15.161,5.249,1.586,3.224
201,0.000,0.000,0.000,0.000,0.000,0.000,0.000,0.000,0.000,0.000,0.000,0.000,0.000,0.001,0.007,0.012,0.019,0.016,0.038,0.021,0.054,0.022,0.087,0.021,0.122,0.033,0.161,0.036,0.202,0.025,0.243,0.036,0.287,0.034,0.327,0.036,0.366,0.051,0.404,0.080,0.441,0.110,0.475,0.135,0.509,0.165,3.749,2.836,15.148,5.576,1.831,2.152
202,0.000,0.000,0.000,0.000,0.000,0.000,0.000,0.000,0.000,0.000,0.000,0.000,0.000,0.000,0.000,0.000,0.000,0.000,0.000,0.000,0.000,0.000,0.009,0.004,0.020,0.007,0.034,0.010,0.051,0.019,0.075,0.038,0.099,0.074,0.128,0.103,0.165,0.000,0.200,0.146,0.234,0.167,0.266,0.201,0.298,0.251,3.490,2.825,15.176,4.598,1.564,2.362
203,0.000,0.000,0.000,0.000,0.000,0.000,0.000,0.000,0.000,0.000,0.000,0.000,0.000,0.000,0.000,0.000,0.001,0.000,0.002,0.003,0.003,0.001,0.006,0.001,0.009,0.001,0.012,0.002,0.017,0.005,0.024,0.007,0.035,0.014,0.049,0.017,0.067,0.000,0.087,0.025,0.108,0.025,0.131,0.033,0.153,0.047,3.339,2.745,14.875,4.958,1.408,2.227
204,0.000,0.000,0.000,0.000,0.000,0.000,0.000,0.000,0.000,0.000,0.000,0.000,0.000,0.000,0.000,0.000,0.000,0.000,0.000,0.000,0.000,0.000,0.001,0.001,0.003,0.003,0.010,0.006,0.017,0.005,0.031,0.012,0.051,0.017,0.073,0.023,0.097,0.025,0.122,0.027,0.146,0.035,0.174,0.049,0.203,0.080,3.333,3.288,15.007,6.174,1.398,2.595
205,0.000,0.000,0.000,0.000,0.000,0.000,0.000,0.000,0.000,0.000,0.000,0.000,0.001,0.000,0.001,0.000,0.002,0.002,0.004,0.005,0.007,0.007,0.018,0.008,0.031,0.010,0.050,0.015,0.073,0.021,0.098,0.023,0.124,0.030,0.152,0.045,0.180,0.054,0.207,0.063,0.233,0.080,0.259,0.095,0.287,0.120,2.286,5.509,12.153,8.904,0.985,3.275
206,0.000,0.000,0.000,0.000,0.000,0.000,0.000,0.000,0.000,0.000,0.000,0.000,0.000,0.001,0.001,0.001,0.004,0.004,0.009,0.007,0.017,0.015,0.041,0.022,0.072,0.031,0.110,0.040,0.152,0.042,0.193,0.057,0.231,0.080,0.269,0.101,0.305,0.114,0.339,0.131,0.372,0.141,0.403,0.148,0.435,0.157,1.633,2.258,10.020,7.585,0.938,1.449
207,0.000,0.000,0.000,0.000,0.000,0.000,0.000,0.000,0.001,0.000,0.003,0.001,0.005,0.004,0.009,0.003,0.012,0.003,0.015,0.005,0.019,0.006,0.028,0.004,0.038,0.004,0.052,0.011,0.067,0.012,0.084,0.019,0.103,0.025,0.125,0.027,0.148,0.032,0.170,0.030,0.195,0.034,0.219,0.037,0.244,0.037,1.808,2.477,8.526,8.604,0.862,0.942
208,0.000,0.000,0.000,0.000,0.000,0.000,0.000,0.000,0.001,0.001,0.003,0.001,0.004,0.001,0.007,0.002,0.008,0.001,0.010,0.002,0.012,0.001,0.018,0.005,0.029,0.009,0.044,0.011,0.059,0.013,0.076,0.018,0.093,0.017,0.111,0.022,0.130,0.029,0.152,0.046,0.181,0.048,0.208,0.054,0.236,0.060,1.943,2.267,0.395,4.899,1.019,1.166
209,0.000,0.000,0.000,0.000,0.000,0.000,0.000,0.000,0.000,0.000,0.001,0.001,0.003,0.002,0.005,0.002,0.008,0.003,0.012,0.004,0.019,0.011,0.037,0.014,0.060,0.016,0.085,0.026,0.114,0.026,0.142,0.031,0.172,0.041,0.206,0.051,0.240,0.067,0.275,0.081,0.308,0.103,0.340,0.135,0.372,0.166,2.161,1.785,1.755,10.381,1.172,1.162
210,0.000,0.000,0.000,0.000,0.000,0.000,0.000,0.000,0.000,0.000,0.000,0.000,0.000,0.000,0.000,0.000,0.000,0.000,0.000,0.001,0.001,0.000,0.002,0.002,0.004,0.003,0.006,0.003,0.011,0.005,0.015,0.003,0.020,0.003,0.025,0.004,0.031,0.004,0.042,0.007,0.058,0.015,0.076,0.026,0.098,0.037,1.881,2.052,1.322,7.832,0.889,1.189
211,0.000,0.000,0.000,0.000,0.000,0.000,0.000,0.000,0.000,0.000,0.001,0.001,0.001,0.001,0.003,0.001,0.004,0.001,0.005,0.001,0.007,0.005,0.019,0.017,0.035,0.014,0.052,0.016,0.068,0.012,0.083,0.010,0.097,0.009,0.118,0.019,0.141,0.026,0.168,0.034,0.197,0.036,0.226,0.041,0.256,0.046,2.252,1.267,5.048,5.361,1.094,0.809
212,0.000,0.000,0.000,0.000,0.000,0.000,0.000,0.000,0.000,0.000,0.000,0.000,0.001,0.001,0.002,0.001,0.004,0.003,0.008,0.004,0.012,0.004,0.023,0.009,0.038,0.007,0.054,0.009,0.074,0.013,0.095,0.014,0.116,0.014,0.139,0.024,0.163,0.022,0.189,0.029,0.215,0.034,0.243,0.039,0.271,0.049,2.437,0.903,8.647,1.125,1.170,0.611
