Hydraulic data input file for inSALMO,"Spawn Area 4 site, Clear Creek",,,,,,,,,,,,,,,,,,,,,,,,,,,,,,,,,,,,,,,,,,,,,,,,,,,
Created from Clear Creek River2D data,,,,8/29/2013 7:55,,,,,,,,,,,,,,,,,,,,,,,,,,,,,,,,,,,,,,,,,,,,,,,,
flows,1.42,,2.12,,2.83,,3.54,,4.25,,4.96,,5.66,,6.37,,7.08,,7.79,,8.5,,9.91,,11.33,,12.74,,14.16,,15.57,,16.99,,18.41,,19.82,,21.24,,22.65,,24.07,,25.5,,56.63,,141.6,,1416,
poly-id,depth@50,veloc@50,depth@075,veloc@075,depth@100,veloc@100,depth@125,veloc@125,depth@150,veloc@150,depth@175,veloc@175,depth@200,veloc@200,depth@225,veloc@225,depth@250,veloc@250,depth@275,veloc@275,depth@300,veloc@300,depth@350,veloc@350,depth@400,veloc@400,depth@450,veloc@450,depth@500,veloc@500,depth@550,veloc@550,depth@600,veloc@600,depth@650,veloc@650,depth@700,veloc@700,depth@750,veloc@750,depth@800,veloc@800,depth@850,veloc@850,depth@900,veloc@900,depth@2000,veloc@2000,depth@5000,veloc@5000,depth@50000,veloc@50000
1,0.0026,0.0005,0.0162,0.0025,0.0325,0.0036,0.0491,0.0058,0.0657,0.0118,0.0890,0.0327,0.1147,0.0545,0.1423,0.0668,0.1668,0.0809,0.1904,0.0886,0.2129,0.1019,0.2536,0.1580,0.2927,0.2100,0.3311,0.2937,0.3708,0.4091,0.4054,0.4965,0.4384,0.5549,0.4695,0.5983,0.4990,0.6379,0.5276,0.6738,0.5571,0.7109,0.5835,0.7461,0.6089,0.7820,1.0661,1.2551,1.9387,1.9633,8.6840,4.3489
2,0.1347,0.0246,0.1990,0.0426,0.2484,0.0674,0.2902,0.0925,0.3277,0.1221,0.3675,0.1513,0.3999,0.1705,0.4295,0.1860,0.4559,0.1976,0.4808,0.2101,0.5048,0.2234,0.5488,0.2516,0.5897,0.2808,0.6292,0.3111,0.6694,0.3441,0.7042,0.3750,0.7366,0.4070,0.7667,0.4418,0.7959,0.4740,0.8240,0.5074,0.8531,0.5442,0.8793,0.5788,0.9049,0.6118,1.3623,1.1419,2.2354,1.9092,9.0994,4.0911
3,0.1203,0.0699,0.1795,0.1404,0.2265,0.2131,0.2661,0.2668,0.3013,0.3200,0.3387,0.3833,0.3696,0.4428,0.3978,0.4911,0.4234,0.5225,0.4470,0.5546,0.4695,0.5883,0.5101,0.6535,0.5486,0.7083,0.5866,0.7563,0.6258,0.7992,0.6602,0.8337,0.6929,0.8646,0.7239,0.8918,0.7534,0.9201,0.7821,0.9462,0.8117,0.9742,0.8381,0.9998,0.8635,1.0249,1.3211,1.4791,2.1948,2.1197,8.9065,4.4896
4,0.0607,0.0277,0.1258,0.0723,0.1783,0.1911,0.2135,0.2958,0.2431,0.3999,0.2760,0.4854,0.3046,0.5432,0.3323,0.5930,0.3574,0.6279,0.3810,0.6571,0.4041,0.6823,0.4457,0.7308,0.4831,0.7838,0.5208,0.8294,0.5609,0.8667,0.5959,0.8973,0.6293,0.9233,0.6606,0.9478,0.6905,0.9724,0.7197,0.9944,0.7500,1.0168,0.7773,1.0365,0.8030,1.0595,1.2655,1.4558,2.1479,2.0378,8.7649,4.6320
5,0.3620,0.0550,0.4282,0.0863,0.4787,0.1129,0.5212,0.1385,0.5593,0.1616,0.5994,0.1851,0.6320,0.2054,0.6618,0.2226,0.6883,0.2352,0.7134,0.2511,0.7376,0.2683,0.7819,0.3051,0.8231,0.3437,0.8630,0.3832,0.9034,0.4238,0.9385,0.4605,0.9712,0.4976,1.0017,0.5352,1.0311,0.5708,1.0595,0.6054,1.0890,0.6412,1.1157,0.6718,1.1417,0.6995,1.6013,1.2485,2.4784,1.9793,9.3740,4.0388
6,0.3969,0.1426,0.4623,0.1908,0.5121,0.2345,0.5538,0.2752,0.5910,0.3134,0.6303,0.3541,0.6622,0.3869,0.6915,0.4134,0.7177,0.4333,0.7423,0.4570,0.7659,0.4824,0.8090,0.5342,0.8492,0.5847,0.8882,0.6328,0.9280,0.6795,0.9629,0.7181,0.9954,0.7567,1.0259,0.7941,1.0553,0.8297,1.0837,0.8638,1.1131,0.8985,1.1395,0.9288,1.1650,0.9563,1.6231,1.4803,2.4975,2.1536,9.3064,4.2982
7,0.5840,0.1284,0.6500,0.1744,0.7004,0.2162,0.7428,0.2549,0.7807,0.2914,0.8207,0.3310,0.8532,0.3630,0.8829,0.3905,0.9094,0.4133,0.9343,0.4385,0.9585,0.4645,1.0026,0.5173,1.0436,0.5695,1.0835,0.6198,1.1240,0.6700,1.1592,0.7135,1.1922,0.7562,1.2230,0.7978,1.2527,0.8371,1.2814,0.8745,1.3111,0.9120,1.3379,0.9435,1.3638,0.9716,1.8248,1.5402,2.7037,2.2122,9.5723,4.1714
8,0.5816,0.2367,0.6464,0.3022,0.6957,0.3603,0.7369,0.4140,0.7736,0.4636,0.8124,0.5146,0.8441,0.5531,0.8733,0.5844,0.8994,0.6090,0.9238,0.6376,0.9473,0.6675,0.9900,0.7264,1.0298,0.7820,1.0687,0.8319,1.1086,0.8793,1.1434,0.9195,1.1761,0.9583,1.2068,0.9952,1.2363,1.0311,1.2648,1.0650,1.2943,1.0996,1.3209,1.1298,1.3465,1.1579,1.8054,1.6920,2.6835,2.3410,9.4783,4.3849
9,0.9789,0.1628,1.0451,0.2184,1.0958,0.2694,1.1384,0.3169,1.1765,0.3608,1.2167,0.4073,1.2495,0.4435,1.2794,0.4762,1.3061,0.5060,1.3312,0.5358,1.3555,0.5648,1.3999,0.6213,1.4413,0.6750,1.4815,0.7243,1.5224,0.7746,1.5580,0.8190,1.5914,0.8615,1.6227,0.9023,1.6527,0.9415,1.6817,0.9786,1.7118,1.0162,1.7388,1.0480,1.7650,1.0770,2.2285,1.6480,3.1111,2.3151,9.9849,4.1672
10,0.8408,0.1805,0.9063,0.2475,0.9563,0.2954,0.9984,0.3430,1.0360,0.3870,1.0757,0.4323,1.1081,0.4680,1.1376,0.5019,1.1639,0.5337,1.1886,0.5648,1.2125,0.5949,1.2561,0.6528,1.2968,0.7066,1.3364,0.7549,1.3769,0.8029,1.4122,0.8449,1.4454,0.8849,1.4765,0.9228,1.5063,0.9595,1.5352,0.9943,1.5651,1.0299,1.5919,1.0610,1.6178,1.0897,2.0795,1.6182,2.9621,2.2970,9.7930,4.2660
11,0.5984,0.1255,0.6642,0.1826,0.7144,0.2311,0.7566,0.2751,0.7944,0.3159,0.8344,0.3604,0.8669,0.3938,0.8965,0.4290,0.9228,0.4654,0.9475,0.4984,0.9714,0.5292,1.0152,0.5874,1.0560,0.6406,1.0958,0.6885,1.1364,0.7369,1.1718,0.7796,1.2050,0.8198,1.2362,0.8575,1.2661,0.8941,1.2950,0.9287,1.3249,0.9641,1.3518,0.9950,1.3778,1.0235,1.8390,1.5027,2.7226,2.2095,9.5617,4.2017
12,0.2497,0.0477,0.3077,0.0770,0.3548,0.1086,0.3952,0.1343,0.4327,0.1837,0.4727,0.2477,0.5053,0.2731,0.5347,0.3069,0.5606,0.3488,0.5851,0.3848,0.6091,0.4167,0.6528,0.4764,0.6937,0.5295,0.7335,0.5775,0.7739,0.6273,0.8090,0.6719,0.8422,0.7121,0.8734,0.7487,0.9033,0.7841,0.9322,0.8177,0.9620,0.8519,0.9888,0.8831,1.0146,0.9124,1.4733,1.3305,2.3576,2.0690,9.2024,4.1381
13,0.3466,0.0571,0.4129,0.0891,0.4636,0.1185,0.5063,0.1468,0.5444,0.1751,0.5847,0.2095,0.6174,0.2405,0.6474,0.2821,0.6739,0.3298,0.6990,0.3696,0.7232,0.4059,0.7677,0.4712,0.8090,0.5281,0.8491,0.5815,0.8898,0.6347,0.9252,0.6794,0.9585,0.7202,0.9898,0.7587,1.0197,0.7960,1.0486,0.8317,1.0783,0.8691,1.1052,0.9019,1.1312,0.9317,1.5892,1.3275,2.4706,2.0964,9.3498,4.0640
14,0.1455,0.0244,0.2043,0.0391,0.2539,0.0583,0.2964,0.0717,0.3344,0.0882,0.3745,0.1138,0.4071,0.1381,0.4367,0.1802,0.4628,0.2358,0.4876,0.2773,0.5118,0.3111,0.5558,0.3666,0.5970,0.4135,0.6369,0.4593,0.6771,0.5079,0.7122,0.5474,0.7454,0.5821,0.7766,0.6139,0.8065,0.6447,0.8352,0.6743,0.8647,0.7059,0.8912,0.7382,0.9170,0.7689,1.3735,1.0757,2.2548,1.8635,9.1251,4.0071
15,0.0024,0.0008,0.0102,0.0045,0.0285,0.0052,0.0463,0.0044,0.0621,0.0055,0.0839,0.0134,0.1067,0.0196,0.1313,0.0401,0.1557,0.0655,0.1804,0.0931,0.2043,0.1219,0.2482,0.1558,0.2892,0.1979,0.3289,0.2432,0.3690,0.2821,0.4040,0.3184,0.4372,0.3579,0.4683,0.3943,0.4980,0.4268,0.5266,0.4562,0.5557,0.4849,0.5820,0.5212,0.6077,0.5583,1.0633,0.8559,1.9420,1.6952,8.8204,3.9488
16,0.0667,0.0063,0.1111,0.0099,0.1470,0.0116,0.1779,0.0150,0.2039,0.0200,0.2311,0.0295,0.2551,0.0439,0.2780,0.0719,0.2997,0.1103,0.3207,0.1459,0.3415,0.1783,0.3808,0.2398,0.4187,0.3181,0.4570,0.3958,0.4970,0.4660,0.5323,0.5379,0.5655,0.6001,0.5965,0.6623,0.6262,0.7192,0.6550,0.7639,0.6850,0.7994,0.7119,0.8259,0.7378,0.8480,1.2069,1.1533,2.1042,1.7384,8.8708,4.2231
17,0.2769,0.0502,0.3427,0.0851,0.3927,0.1238,0.4346,0.1612,0.4723,0.1972,0.5124,0.2366,0.5449,0.2616,0.5743,0.2916,0.5996,0.3378,0.6236,0.3778,0.6471,0.4103,0.6902,0.4699,0.7304,0.5251,0.7697,0.5746,0.8103,0.6195,0.8454,0.6608,0.8784,0.7001,0.9095,0.7363,0.9394,0.7712,0.9684,0.8037,0.9984,0.8362,1.0253,0.8652,1.0512,0.8927,1.5138,1.3325,2.4036,2.0455,9.2170,4.2165
18,0.1648,0.0542,0.2108,0.0903,0.2475,0.1253,0.2786,0.1572,0.3064,0.1906,0.3358,0.2313,0.3635,0.3321,0.3918,0.4617,0.4157,0.6619,0.4384,0.7244,0.4604,0.7447,0.5005,0.7991,0.5378,0.8556,0.5747,0.9061,0.6135,0.9504,0.6477,0.9865,0.6796,1.0232,0.7094,1.0587,0.7380,1.0938,0.7659,1.1264,0.7949,1.1590,0.8209,1.1874,0.8461,1.2142,1.2997,1.6665,2.1764,2.3448,8.9821,4.4079
19,0.2171,0.0425,0.2787,0.0791,0.3251,0.1078,0.3635,0.1400,0.3973,0.1702,0.4327,0.1968,0.4623,0.2115,0.4913,0.2190,0.5205,0.2469,0.5459,0.2926,0.5692,0.3200,0.6114,0.3862,0.6506,0.4509,0.6895,0.5083,0.7300,0.5651,0.7657,0.6084,0.7990,0.6483,0.8301,0.6867,0.8598,0.7238,0.8887,0.7587,0.9187,0.7937,0.9457,0.8240,0.9716,0.8528,1.4389,1.2964,2.3271,2.0148,9.0860,4.3179
20,0.1428,0.0474,0.2085,0.0791,0.2583,0.1228,0.2999,0.1634,0.3373,0.1957,0.3772,0.2273,0.4096,0.2552,0.4391,0.2883,0.4644,0.3341,0.4882,0.3762,0.5116,0.4108,0.5545,0.4695,0.5947,0.5232,0.6341,0.5700,0.6750,0.6051,0.7099,0.6422,0.7429,0.6780,0.7739,0.7098,0.8038,0.7395,0.8329,0.7661,0.8630,0.7918,0.8899,0.8164,0.9158,0.8410,1.3769,1.1594,2.2668,1.8618,9.0898,4.1179
21,0.1116,0.0487,0.1613,0.1380,0.2049,0.2469,0.2425,0.3824,0.2757,0.4257,0.3109,0.4702,0.3406,0.4992,0.3688,0.5328,0.3950,0.5689,0.4198,0.5792,0.4434,0.5802,0.4851,0.6131,0.5235,0.6605,0.5615,0.7053,0.6011,0.7538,0.6359,0.7944,0.6687,0.8295,0.6993,0.8636,0.7285,0.8975,0.7569,0.9294,0.7865,0.9615,0.8131,0.9890,0.8388,1.0153,1.3056,1.4171,2.1931,2.1019,8.9395,4.4084
22,0.1005,0.0711,0.1588,0.1434,0.2047,0.2291,0.2435,0.3003,0.2776,0.3533,0.3138,0.4109,0.3441,0.4510,0.3735,0.4837,0.4016,0.5025,0.4268,0.5276,0.4500,0.5556,0.4912,0.6135,0.5298,0.6670,0.5682,0.7110,0.6084,0.7523,0.6442,0.7794,0.6774,0.8079,0.7083,0.8374,0.7379,0.8669,0.7667,0.8945,0.7965,0.9217,0.8234,0.9452,0.8494,0.9680,1.3169,1.2822,2.2071,1.9469,8.9795,4.2673
23,0.1363,0.0846,0.1959,0.1347,0.2410,0.1817,0.2798,0.2214,0.3126,0.2688,0.3467,0.3250,0.3761,0.3520,0.4036,0.3810,0.4290,0.4246,0.4530,0.4766,0.4770,0.5222,0.5219,0.5905,0.5631,0.6419,0.6024,0.6850,0.6424,0.7324,0.6772,0.7770,0.7101,0.8122,0.7410,0.8440,0.7705,0.8749,0.7993,0.9030,0.8292,0.9304,0.8562,0.9537,0.8822,0.9762,1.3568,1.2534,2.2546,1.8740,9.0047,4.2891
24,0.3816,0.1664,0.4435,0.2195,0.4901,0.2584,0.5285,0.2878,0.5624,0.3121,0.5980,0.3342,0.6278,0.3473,0.6570,0.3785,0.6857,0.4196,0.7107,0.4473,0.7340,0.4775,0.7762,0.5376,0.8153,0.5957,0.8539,0.6469,0.8941,0.6947,0.9294,0.7349,0.9625,0.7727,0.9934,0.8087,1.0230,0.8441,1.0518,0.8774,1.0816,0.9109,1.1084,0.9399,1.1343,0.9673,1.6001,1.4405,2.4880,2.1359,9.2436,4.3889
25,0.1613,0.0790,0.2048,0.1669,0.2420,0.1851,0.2734,0.2276,0.3012,0.2696,0.3315,0.3410,0.3575,0.3793,0.3820,0.4289,0.4061,0.4733,0.4289,0.5206,0.4505,0.5630,0.4892,0.6476,0.5262,0.8258,0.5627,0.9182,0.6014,0.9659,0.6354,1.0072,0.6675,1.0455,0.6976,1.0820,0.7263,1.1182,0.7543,1.1517,0.7834,1.1853,0.8096,1.2143,0.8349,1.2415,1.2934,1.7184,2.1788,2.3761,8.9542,4.5369
26,0.5581,0.3460,0.6202,0.4224,0.6672,0.4856,0.7062,0.5438,0.7407,0.5990,0.7771,0.6561,0.8072,0.6972,0.8357,0.7271,0.8622,0.7440,0.8864,0.7665,0.9096,0.7906,0.9516,0.8389,0.9907,0.8866,1.0291,0.9292,1.0689,0.9685,1.1038,1.0019,1.1366,1.0334,1.1674,1.0641,1.1968,1.0950,1.2254,1.1241,1.2550,1.1536,1.2816,1.1795,1.3073,1.2040,1.7702,1.6674,2.6546,2.3057,9.3883,4.5001
27,0.3787,0.3234,0.4409,0.4014,0.4880,0.4635,0.5270,0.5221,0.5616,0.5769,0.5984,0.6326,0.6286,0.6750,0.6568,0.7096,0.6825,0.7350,0.7063,0.7622,0.7292,0.7900,0.7707,0.8447,0.8093,0.8960,0.8474,0.9414,0.8869,0.9832,0.9214,1.0188,0.9541,1.0509,0.9849,1.0812,1.0142,1.1121,1.0427,1.1409,1.0723,1.1706,1.0988,1.1966,1.1244,1.2217,1.5841,1.6949,2.4648,2.3104,9.1712,4.5728
28,0.3012,0.4262,0.3606,0.4945,0.4073,0.6047,0.4453,0.6395,0.4797,0.6722,0.5170,0.7023,0.5466,0.7357,0.5743,0.7632,0.5996,0.7833,0.6232,0.8045,0.6462,0.8241,0.6883,0.8583,0.7273,0.8957,0.7656,0.9325,0.8053,0.9673,0.8402,0.9978,0.8731,1.0271,0.9038,1.0566,0.9332,1.0863,0.9617,1.1150,0.9912,1.1441,1.0179,1.1689,1.0437,1.1918,1.5079,1.6468,2.3998,2.2748,9.0863,4.6339
29,0.4376,0.2536,0.4987,0.3184,0.5445,0.3762,0.5822,0.4289,0.6153,0.4786,0.6503,0.5298,0.6794,0.5644,0.7068,0.5897,0.7325,0.6048,0.7567,0.6270,0.7800,0.6504,0.8222,0.6933,0.8618,0.7406,0.9007,0.7852,0.9406,0.8251,0.9757,0.8596,1.0087,0.8928,1.0396,0.9254,1.0690,0.9579,1.0977,0.9886,1.1274,1.0197,1.1542,1.0466,1.1800,1.0719,1.6452,1.5481,2.5314,2.2196,9.2459,4.5146
30,0.3698,0.3292,0.4298,0.3986,0.4753,0.4586,0.5132,0.5083,0.5469,0.5518,0.5830,0.5943,0.6125,0.6272,0.6402,0.6506,0.6657,0.6649,0.6896,0.6829,0.7127,0.7006,0.7550,0.7331,0.7943,0.7719,0.8328,0.8110,0.8726,0.8473,0.9076,0.8796,0.9406,0.9106,0.9714,0.9416,1.0009,0.9725,1.0295,1.0020,1.0592,1.0319,1.0861,1.0576,1.1119,1.0816,1.5790,1.5435,2.4709,2.1965,9.1705,4.5543
31,0.3646,0.1658,0.4247,0.2199,0.4702,0.2666,0.5084,0.3057,0.5416,0.3418,0.5766,0.3825,0.6062,0.4074,0.6340,0.4373,0.6599,0.4722,0.6841,0.5001,0.7077,0.5202,0.7508,0.5502,0.7909,0.5843,0.8300,0.6237,0.8703,0.6657,0.9055,0.7047,0.9387,0.7390,0.9697,0.7717,0.9994,0.8040,1.0282,0.8347,1.0582,0.8656,1.0852,0.8923,1.1112,0.9176,1.5830,1.3424,2.4792,2.0193,9.2074,4.4148
32,0.3318,0.1402,0.3912,0.1789,0.4354,0.2227,0.4741,0.2447,0.5041,0.3245,0.5340,0.4248,0.5624,0.4671,0.5892,0.5068,0.6138,0.5487,0.6363,0.5924,0.6587,0.6273,0.7002,0.6926,0.7395,0.7514,0.7783,0.7957,0.8189,0.8304,0.8549,0.8558,0.8892,0.8739,0.9213,0.8882,0.9516,0.9051,0.9807,0.9256,1.0106,0.9493,1.0374,0.9714,1.0633,0.9939,1.5294,1.3617,2.4272,1.9646,9.1354,4.4580
33,0.1990,0.0856,0.2583,0.1654,0.3031,0.2125,0.3418,0.2282,0.3718,0.2939,0.4017,0.3768,0.4299,0.4179,0.4565,0.4568,0.4808,0.4970,0.5030,0.5397,0.5252,0.5712,0.5659,0.6319,0.6042,0.6976,0.6425,0.7450,0.6830,0.7802,0.7192,0.8111,0.7537,0.8439,0.7861,0.8781,0.8167,0.9124,0.8458,0.9437,0.8757,0.9730,0.9025,0.9975,0.9282,1.0202,1.3912,1.3731,2.2899,1.9381,9.0048,4.4348
34,0.1506,0.0401,0.2089,0.0825,0.2532,0.1494,0.2906,0.2370,0.3193,0.2992,0.3470,0.3769,0.3752,0.3980,0.4021,0.4250,0.4268,0.4595,0.4497,0.4953,0.4723,0.5269,0.5144,0.5815,0.5542,0.6275,0.5933,0.6686,0.6339,0.7072,0.6697,0.7372,0.7037,0.7599,0.7354,0.7802,0.7653,0.8037,0.7941,0.8303,0.8239,0.8602,0.8507,0.8874,0.8766,0.9138,1.3441,1.3371,2.2406,1.9980,8.9426,4.4901
35,0.1794,0.3144,0.2420,0.4021,0.2924,0.4914,0.3367,0.5840,0.3778,0.6140,0.4207,0.6217,0.4521,0.6353,0.4810,0.6502,0.5070,0.6673,0.5311,0.6874,0.5545,0.7061,0.5975,0.7381,0.6374,0.7731,0.6764,0.8084,0.7170,0.8413,0.7526,0.8702,0.7863,0.8963,0.8178,0.9214,0.8477,0.9472,0.8766,0.9734,0.9065,1.0008,0.9335,1.0248,0.9596,1.0471,1.4282,1.4785,2.3234,2.1367,8.9794,4.6418
36,0.1366,0.2084,0.2002,0.3141,0.2502,0.4053,0.2967,0.5193,0.3364,0.6252,0.3762,0.6623,0.4110,0.6644,0.4438,0.6531,0.4740,0.6372,0.5024,0.6201,0.5289,0.6159,0.5764,0.6215,0.6189,0.6447,0.6602,0.6743,0.7027,0.7071,0.7398,0.7374,0.7750,0.7637,0.8083,0.7839,0.8404,0.7995,0.8715,0.8134,0.9037,0.8270,0.9327,0.8379,0.9608,0.8472,1.4576,1.1282,2.3754,1.8071,8.9751,4.6512
37,0.0781,0.0093,0.1209,0.0317,0.1602,0.0473,0.2032,0.0599,0.2465,0.1197,0.2926,0.1584,0.3269,0.1485,0.3557,0.1357,0.3804,0.1221,0.4019,0.1120,0.4233,0.1198,0.4635,0.1556,0.5017,0.2002,0.5400,0.2489,0.5805,0.3033,0.6165,0.3532,0.6505,0.4020,0.6820,0.4518,0.7114,0.5054,0.7397,0.5608,0.7690,0.6202,0.7951,0.6748,0.8201,0.7273,1.2652,1.3446,2.1823,2.0545,8.8277,4.8252
38,0.0008,0.0001,0.0021,0.0009,0.0037,0.0008,0.0055,0.0011,0.0072,0.0021,0.0096,0.0022,0.0116,0.0025,0.0134,0.0037,0.0150,0.0042,0.0165,0.0052,0.0182,0.0075,0.0219,0.0079,0.0262,0.0113,0.0305,0.0140,0.0361,0.0213,0.0417,0.0237,0.0469,0.0292,0.0524,0.0386,0.0577,0.0450,0.0641,0.0557,0.0713,0.0640,0.0781,0.0768,0.0864,0.0940,0.3902,0.9211,1.2634,2.1749,7.8477,5.0589
39,0.3244,0.2201,0.3754,0.3003,0.4148,0.3455,0.4485,0.3681,0.4805,0.3811,0.5164,0.3773,0.5463,0.3828,0.5753,0.3897,0.6024,0.3980,0.6278,0.4058,0.6510,0.4179,0.6927,0.4503,0.7296,0.4798,0.7647,0.5251,0.8007,0.5772,0.8316,0.6254,0.8606,0.6663,0.8884,0.6983,0.9157,0.7276,0.9418,0.7615,0.9686,0.7853,0.9928,0.8085,1.0165,0.8296,1.4423,1.3527,2.3800,2.2219,8.9331,5.0540
40,0.4269,0.5842,0.4893,0.6822,0.5371,0.7600,0.5785,0.8350,0.6156,0.8890,0.6551,0.9295,0.6877,0.9495,0.7187,0.9615,0.7472,0.9678,0.7740,0.9724,0.7989,0.9827,0.8437,1.0050,0.8835,1.0360,0.9220,1.0723,0.9619,1.1111,0.9967,1.1468,1.0293,1.1800,1.0600,1.2077,1.0894,1.2321,1.1176,1.2571,1.1466,1.2834,1.1728,1.3062,1.1982,1.3264,1.6630,1.7220,2.5801,2.2760,9.1691,4.8617
41,0.3379,0.5450,0.4042,0.6139,0.4565,0.6614,0.5022,0.6887,0.5433,0.7066,0.5855,0.7305,0.6176,0.7490,0.6472,0.7657,0.6740,0.7796,0.6989,0.7936,0.7229,0.8085,0.7667,0.8357,0.8066,0.8681,0.8457,0.9018,0.8862,0.9344,0.9218,0.9628,0.9553,0.9898,0.9867,1.0155,1.0167,1.0408,1.0456,1.0665,1.0756,1.0934,1.1026,1.1168,1.1288,1.1380,1.5967,1.5734,2.4940,2.2047,9.1123,4.7298
42,0.3615,0.6880,0.4249,0.7877,0.4741,0.8556,0.5165,0.8994,0.5549,0.9305,0.5954,0.9594,0.6269,0.9864,0.6563,1.0094,0.6833,1.0276,0.7084,1.0440,0.7324,1.0612,0.7762,1.0919,0.8157,1.1267,0.8543,1.1618,0.8943,1.1955,0.9293,1.2246,0.9622,1.2528,0.9930,1.2800,1.0223,1.3068,1.0506,1.3340,1.0799,1.3623,1.1063,1.3868,1.1319,1.4089,1.5903,1.8441,2.4927,2.3707,9.1008,4.8169
43,0.1136,0.1832,0.1730,0.3208,0.2197,0.4262,0.2600,0.5048,0.2964,0.5624,0.3349,0.6222,0.3654,0.6700,0.3940,0.7122,0.4203,0.7493,0.4449,0.7822,0.4686,0.8140,0.5120,0.8697,0.5511,0.9236,0.5892,0.9757,0.6290,1.0252,0.6639,1.0665,0.6967,1.1043,0.7273,1.1402,0.7564,1.1747,0.7846,1.2078,0.8139,1.2411,0.8403,1.2699,0.8661,1.2960,1.3209,1.7707,2.2189,2.3014,8.8270,4.7814
44,0.0020,0.0011,0.0225,0.0063,0.0580,0.0666,0.0914,0.1677,0.1228,0.3326,0.1588,0.4060,0.1886,0.4907,0.2167,0.5537,0.2429,0.6042,0.2675,0.6482,0.2919,0.6865,0.3375,0.7458,0.3768,0.8056,0.4149,0.8642,0.4550,0.9211,0.4905,0.9646,0.5236,1.0045,0.5537,1.0457,0.5825,1.0845,0.6106,1.1204,0.6398,1.1564,0.6665,1.1865,0.6929,1.2096,1.1454,1.6679,2.0447,2.1530,8.6393,4.7163
45,0.0098,0.0006,0.0316,0.0067,0.0701,0.0409,0.1056,0.0624,0.1372,0.0803,0.1712,0.1302,0.2008,0.2651,0.2284,0.3789,0.2531,0.4271,0.2758,0.4787,0.2971,0.5373,0.3353,0.6434,0.3729,0.7120,0.4106,0.7700,0.4506,0.8211,0.4852,0.8623,0.5191,0.8898,0.5512,0.9126,0.5814,0.9375,0.6108,0.9595,0.6410,0.9840,0.6679,1.0078,0.6933,1.0327,1.1538,1.4418,2.0298,2.0559,8.6596,4.6086
46,0.0077,0.0002,0.0518,0.0012,0.1063,0.0292,0.1386,0.0969,0.1600,0.2646,0.1843,0.3567,0.2113,0.4502,0.2390,0.4965,0.2651,0.5294,0.2899,0.5557,0.3140,0.5835,0.3592,0.6484,0.3980,0.7001,0.4362,0.7434,0.4762,0.7894,0.5111,0.8267,0.5431,0.8660,0.5722,0.9089,0.6003,0.9483,0.6279,0.9856,0.6565,1.0250,0.6843,1.0443,0.7129,1.0447,1.1658,1.4743,2.0585,1.9616,8.6479,4.6293
47,0.0022,0.0000,0.0077,0.0006,0.0419,0.0087,0.0646,0.0201,0.0846,0.0413,0.1106,0.0530,0.1357,0.0624,0.1605,0.0783,0.1838,0.0962,0.2059,0.1296,0.2281,0.1968,0.2722,0.4262,0.3108,0.5577,0.3487,0.6041,0.3889,0.6427,0.4241,0.6750,0.4572,0.7046,0.4873,0.7392,0.5162,0.7755,0.5445,0.8107,0.5740,0.8473,0.6013,0.8787,0.6282,0.9087,1.0842,1.3670,1.9747,1.8797,8.5506,4.6066
48,0.0343,0.0019,0.0500,0.0031,0.0654,0.0174,0.0862,0.0181,0.1083,0.0266,0.1372,0.0477,0.1623,0.0675,0.1870,0.0955,0.2101,0.1294,0.2326,0.1655,0.2545,0.2072,0.2940,0.3155,0.3309,0.4494,0.3680,0.5500,0.4062,0.6366,0.4385,0.7043,0.4682,0.7782,0.4974,0.8762,0.5255,0.9683,0.5515,1.0426,0.5783,1.0991,0.6019,1.1396,0.6239,1.1730,1.0353,1.8648,1.9234,2.4000,7.9090,5.6424
49,0.1544,0.0299,0.2109,0.0701,0.2561,0.1199,0.2956,0.1731,0.3321,0.2448,0.3716,0.3379,0.4032,0.4072,0.4330,0.4665,0.4603,0.5203,0.4859,0.5689,0.5095,0.6166,0.5515,0.7095,0.5909,0.7975,0.6288,0.8721,0.6675,0.9471,0.7010,1.0108,0.7326,1.0708,0.7631,1.1229,0.7918,1.1707,0.8185,1.2188,0.8464,1.2644,0.8711,1.3053,0.8950,1.3452,1.3420,1.8491,2.2646,2.2636,8.7804,4.8976
50,0.2874,0.1450,0.3445,0.1943,0.3887,0.2481,0.4272,0.3032,0.4628,0.3616,0.5016,0.4260,0.5326,0.4756,0.5616,0.5274,0.5879,0.5762,0.6127,0.6222,0.6357,0.6685,0.6767,0.7623,0.7138,0.8536,0.7495,0.9349,0.7862,1.0162,0.8184,1.0839,0.8492,1.1402,0.8786,1.1864,0.9060,1.2338,0.9317,1.2823,0.9577,1.3360,0.9807,1.3866,1.0026,1.4371,1.4426,1.9527,2.3549,2.4258,8.7233,5.2904
51,0.2388,0.1565,0.2962,0.2080,0.3408,0.2610,0.3797,0.3167,0.4158,0.3759,0.4548,0.4419,0.4859,0.4932,0.5152,0.5436,0.5420,0.5923,0.5672,0.6375,0.5905,0.6830,0.6322,0.7728,0.6705,0.8485,0.7072,0.9219,0.7451,0.9966,0.7780,1.0601,0.8090,1.1169,0.8384,1.1668,0.8660,1.2153,0.8921,1.2635,0.9190,1.3134,0.9432,1.3578,0.9665,1.4012,1.4038,1.9540,2.3121,2.4718,8.7151,5.2798
52,0.3387,0.1948,0.3974,0.2616,0.4435,0.3430,0.4840,0.4244,0.5216,0.5016,0.5621,0.5805,0.5942,0.6358,0.6245,0.6847,0.6523,0.7285,0.6785,0.7658,0.7027,0.8042,0.7464,0.8757,0.7865,0.9359,0.8250,0.9945,0.8646,1.0539,0.8990,1.1054,0.9310,1.1539,0.9613,1.1952,0.9901,1.2345,1.0175,1.2745,1.0458,1.3144,1.0712,1.3505,1.0958,1.3849,1.5385,1.9236,2.4557,2.4073,8.9538,5.0628
53,0.5976,0.5037,0.6572,0.6327,0.7038,0.7278,0.7442,0.8046,0.7814,0.8635,0.8213,0.9139,0.8532,0.9480,0.8833,0.9758,0.9108,0.9978,0.9368,1.0148,0.9609,1.0359,1.0043,1.0763,1.0435,1.1142,1.0812,1.1542,1.1203,1.1956,1.1543,1.2333,1.1860,1.2700,1.2158,1.3018,1.2442,1.3323,1.2712,1.3643,1.2991,1.3977,1.3240,1.4285,1.3481,1.4578,1.7813,1.9693,2.7034,2.4526,9.1905,5.1271
54,0.8162,0.3642,0.8744,0.4679,0.9198,0.5388,0.9595,0.5902,0.9958,0.6263,1.0348,0.6541,1.0655,0.6718,1.0942,0.6863,1.1205,0.7014,1.1456,0.7089,1.1689,0.7240,1.2109,0.7602,1.2489,0.7915,1.2855,0.8251,1.3237,0.8618,1.3567,0.8960,1.3874,0.9283,1.4161,0.9545,1.4433,0.9795,1.4693,1.0058,1.4963,1.0343,1.5204,1.0615,1.5438,1.0885,1.9683,1.5345,2.8746,2.1796,9.3731,5.1178
55,0.6468,0.3211,0.7078,0.4027,0.7547,0.4504,0.7947,0.4831,0.8312,0.4983,0.8705,0.5063,0.9029,0.5126,0.9339,0.5143,0.9628,0.5133,0.9897,0.5167,1.0144,0.5262,1.0587,0.5513,1.0982,0.5723,1.1365,0.6001,1.1764,0.6351,1.2111,0.6682,1.2435,0.6979,1.2743,0.7200,1.3037,0.7394,1.3316,0.7615,1.3599,0.7856,1.3853,0.8079,1.4098,0.8292,1.8394,1.2841,2.8181,1.9089,9.2904,4.9288
56,0.1086,0.0294,0.1601,0.0451,0.2010,0.0729,0.2386,0.1070,0.2732,0.1196,0.3114,0.1350,0.3432,0.1583,0.3734,0.1889,0.4020,0.2197,0.4293,0.2493,0.4542,0.2680,0.4988,0.2885,0.5389,0.3121,0.5779,0.3391,0.6185,0.3684,0.6537,0.3966,0.6865,0.4255,0.7175,0.4530,0.7472,0.4792,0.7752,0.5044,0.8036,0.5328,0.8290,0.5608,0.8533,0.5894,1.2806,1.0022,2.2432,1.6777,8.6778,4.9267
57,0.2820,0.0525,0.3383,0.0691,0.3815,0.0850,0.4183,0.0946,0.4519,0.0964,0.4883,0.0965,0.5190,0.0950,0.5489,0.0907,0.5769,0.0842,0.6032,0.0854,0.6272,0.0860,0.6706,0.0945,0.7099,0.1028,0.7481,0.1146,0.7879,0.1316,0.8225,0.1483,0.8548,0.1631,0.8853,0.1732,0.9146,0.1809,0.9422,0.1903,0.9703,0.2009,0.9953,0.2107,1.0195,0.2203,1.4362,0.4259,2.4094,1.5289,8.7876,4.9164
58,0.4299,0.0308,0.4872,0.0418,0.5313,0.0593,0.5689,0.0801,0.6036,0.0881,0.6413,0.0911,0.6726,0.0848,0.7027,0.0789,0.7308,0.0852,0.7576,0.1010,0.7821,0.1106,0.8259,0.1287,0.8652,0.1465,0.9033,0.1628,0.9430,0.1754,0.9775,0.1840,1.0097,0.1928,1.0403,0.2034,1.0698,0.2179,1.0977,0.2276,1.1260,0.2352,1.1515,0.2432,1.1760,0.2521,1.6111,0.4710,2.6245,1.2896,9.1675,4.7674
59,0.0007,0.0004,0.0014,0.0008,0.0022,0.0009,0.0031,0.0018,0.0041,0.0018,0.0057,0.0031,0.0072,0.0025,0.0087,0.0021,0.0103,0.0078,0.0121,0.0086,0.0139,0.0081,0.0177,0.0101,0.0215,0.0124,0.0257,0.0149,0.0308,0.0206,0.0354,0.0214,0.0398,0.0246,0.0441,0.0257,0.0489,0.0407,0.0540,0.0465,0.0597,0.0645,0.0655,0.0722,0.0714,0.0830,0.3387,0.7980,1.2171,1.8786,8.1163,5.2026
60,0.0155,0.0045,0.0229,0.0114,0.0285,0.0244,0.0414,0.2522,0.0767,0.3517,0.1122,0.5743,0.1436,0.4915,0.1722,0.4664,0.1977,0.4703,0.2209,0.4868,0.2437,0.5163,0.2856,0.5807,0.3251,0.6415,0.3642,0.6946,0.4048,0.7410,0.4407,0.7765,0.4746,0.8047,0.5063,0.8303,0.5362,0.8581,0.5651,0.8878,0.5949,0.9198,0.6217,0.9487,0.6475,0.9765,1.1110,1.4466,2.0057,2.1026,8.6795,4.5987
61,0.0026,0.0015,0.0170,0.0078,0.0354,0.0230,0.0608,0.0374,0.0862,0.0670,0.1136,0.1345,0.1374,0.2074,0.1615,0.2927,0.1816,0.3907,0.1964,0.5709,0.2140,0.6200,0.2485,0.6674,0.2822,0.7190,0.3169,0.7692,0.3546,0.8189,0.3884,0.8640,0.4204,0.9085,0.4505,0.9508,0.4790,0.9910,0.5066,1.0287,0.5352,1.0682,0.5610,1.1052,0.5858,1.1417,1.0023,1.7744,1.9317,2.2266,8.4540,5.0103
62,0.0084,0.0008,0.0264,0.0023,0.0534,0.0094,0.0779,0.0181,0.0983,0.0265,0.1244,0.0499,0.1499,0.0704,0.1723,0.0916,0.1915,0.1134,0.2085,0.1364,0.2257,0.1667,0.2560,0.2421,0.2870,0.2891,0.3198,0.3141,0.3556,0.3433,0.3877,0.3742,0.4180,0.4117,0.4463,0.4595,0.4733,0.5185,0.4991,0.5787,0.5257,0.6331,0.5497,0.6747,0.5734,0.7078,0.9767,1.3296,1.8515,2.3434,8.0211,5.7325
63,0.1643,0.0801,0.2262,0.1058,0.2726,0.1287,0.3122,0.1547,0.3425,0.1881,0.3717,0.2376,0.3973,0.2945,0.4205,0.3551,0.4404,0.4190,0.4569,0.4878,0.4744,0.5462,0.5068,0.6549,0.5390,0.7441,0.5728,0.8137,0.6098,0.8720,0.6430,0.9202,0.6745,0.9654,0.7041,1.0093,0.7323,1.0529,0.7595,1.0953,0.7875,1.1367,0.8127,1.1716,0.8370,1.2034,1.2524,1.8154,2.1717,2.2755,8.7218,4.9649
64,0.0431,0.0173,0.1229,0.0726,0.1730,0.1161,0.2126,0.1457,0.2425,0.1814,0.2742,0.2245,0.3012,0.2707,0.3257,0.3135,0.3469,0.3494,0.3645,0.3767,0.3822,0.4131,0.4130,0.4964,0.4436,0.5704,0.4761,0.6385,0.5118,0.7049,0.5439,0.7569,0.5744,0.8058,0.6032,0.8546,0.6307,0.9046,0.6568,0.9572,0.6834,1.0115,0.7076,1.0555,0.7315,1.0906,1.1356,1.7587,1.9909,2.5438,8.1723,5.8125
65,0.0113,0.0029,0.0353,0.0045,0.0509,0.0074,0.0660,0.0144,0.0784,0.0241,0.0916,0.0336,0.1062,0.0556,0.1208,0.0807,0.1345,0.1702,0.1471,0.1975,0.1618,0.2866,0.1894,0.4653,0.2201,0.6176,0.2532,0.6825,0.2899,0.7082,0.3222,0.7496,0.3528,0.7944,0.3816,0.8412,0.4093,0.8874,0.4356,0.9350,0.4625,0.9883,0.4869,1.0395,0.5110,1.0915,0.9149,1.8481,1.7878,2.5282,8.0841,5.5732
66,0.0003,0.0000,0.0004,0.0000,0.0005,0.0000,0.0009,0.0003,0.0015,0.0003,0.0022,0.0002,0.0032,0.0022,0.0050,0.0032,0.0079,0.0118,0.0119,0.0105,0.0172,0.0261,0.0299,0.0812,0.0449,0.2073,0.0622,0.2067,0.0842,0.2530,0.1056,0.2760,0.1264,0.3105,0.1462,0.3612,0.1656,0.4136,0.1845,0.4608,0.2046,0.5195,0.2238,0.5833,0.2429,0.6443,0.6210,1.8167,1.4800,2.5246,7.6175,5.8671
67,0.0060,0.0037,0.0267,0.0032,0.0456,0.0064,0.0676,0.0239,0.0932,0.0422,0.1233,0.0533,0.1470,0.0818,0.1683,0.1175,0.1883,0.1945,0.2084,0.2601,0.2290,0.3587,0.2686,0.5643,0.3062,0.6934,0.3432,0.7558,0.3830,0.8101,0.4170,0.8673,0.4485,0.9329,0.4779,1.0031,0.5056,1.0641,0.5320,1.1163,0.5591,1.1663,0.5833,1.2106,0.6066,1.2516,1.0231,1.7740,1.9134,2.3319,8.3426,5.3015
68,0.1268,0.0329,0.1816,0.0529,0.2255,0.0778,0.2642,0.1087,0.3000,0.1275,0.3386,0.1388,0.3690,0.1639,0.3973,0.1948,0.4230,0.2389,0.4476,0.3272,0.4706,0.3949,0.5122,0.5258,0.5497,0.6199,0.5863,0.7016,0.6248,0.7722,0.6585,0.8299,0.6896,0.8785,0.7186,0.9177,0.7457,0.9564,0.7715,0.9919,0.7981,1.0256,0.8218,1.0561,0.8446,1.0848,1.2585,1.4231,2.1413,1.9740,8.5563,5.2726
69,0.3475,0.0587,0.4043,0.0921,0.4485,0.1059,0.4872,0.1132,0.5228,0.1193,0.5612,0.1271,0.5914,0.1456,0.6196,0.1655,0.6452,0.1916,0.6696,0.2407,0.6922,0.2622,0.7330,0.2820,0.7699,0.2956,0.8054,0.3069,0.8421,0.3225,0.8738,0.3367,0.9032,0.3513,0.9308,0.3644,0.9567,0.3777,0.9816,0.3969,1.0074,0.4106,1.0303,0.4235,1.0523,0.4365,1.4563,0.6140,2.3243,1.2804,8.7342,5.0606
70,0.6269,0.0825,0.6827,0.1120,0.7266,0.1308,0.7652,0.1389,0.8008,0.1450,0.8393,0.1495,0.8698,0.1462,0.8981,0.1419,0.9239,0.1363,0.9487,0.1433,0.9714,0.1547,1.0120,0.1766,1.0489,0.1956,1.0844,0.2122,1.1212,0.2279,1.1529,0.2405,1.1821,0.2513,1.2097,0.2598,1.2357,0.2677,1.2605,0.2755,1.2861,0.2835,1.3088,0.2909,1.3307,0.2982,1.7309,0.3836,2.5845,0.9045,8.8652,5.0110
71,0.3914,0.0950,0.4493,0.1118,0.4942,0.1182,0.5334,0.1184,0.5696,0.1208,0.6084,0.1210,0.6391,0.1318,0.6676,0.1466,0.6936,0.1717,0.7186,0.2289,0.7420,0.2650,0.7850,0.3047,0.8234,0.3519,0.8603,0.3924,0.8986,0.4251,0.9320,0.4246,0.9631,0.4141,0.9921,0.4035,1.0194,0.4030,1.0455,0.4043,1.0724,0.4046,1.0963,0.4061,1.1194,0.4082,1.5350,0.4305,2.4074,1.1099,8.7736,5.2346
72,0.5954,0.2169,0.6532,0.2796,0.6981,0.3277,0.7373,0.3626,0.7735,0.3878,0.8123,0.4046,0.8430,0.4069,0.8716,0.4048,0.8979,0.3991,0.9232,0.3930,0.9469,0.3911,0.9898,0.3917,1.0286,0.3970,1.0658,0.4014,1.1042,0.4069,1.1374,0.4112,1.1681,0.4158,1.1969,0.4184,1.2241,0.4218,1.2501,0.4274,1.2769,0.4369,1.3007,0.4477,1.3238,0.4600,1.7379,0.6446,2.6128,1.3056,9.0023,5.2400
73,0.5922,0.3611,0.6500,0.4711,0.6948,0.5577,0.7339,0.6274,0.7699,0.6814,0.8087,0.7282,0.8393,0.7592,0.8677,0.7851,0.8937,0.8058,0.9185,0.8220,0.9417,0.8412,0.9840,0.8797,1.0223,0.9140,1.0590,0.9499,1.0969,0.9878,1.1301,1.0203,1.1612,1.0501,1.1904,1.0743,1.2180,1.0983,1.2443,1.1244,1.2714,1.1543,1.2955,1.1837,1.3187,1.2137,1.7385,1.6748,2.6126,2.2963,8.9459,5.4998
74,0.3900,0.3058,0.4473,0.4077,0.4917,0.4931,0.5306,0.5683,0.5665,0.6338,0.6053,0.6999,0.6360,0.7518,0.6647,0.8001,0.6909,0.8440,0.7157,0.8817,0.7388,0.9175,0.7805,0.9808,0.8185,1.0384,0.8549,1.0960,0.8925,1.1548,0.9254,1.2042,0.9562,1.2497,0.9855,1.2897,1.0130,1.3294,1.0391,1.3692,1.0660,1.4103,1.0900,1.4481,1.1131,1.4850,1.5387,2.0477,2.4276,2.6404,8.7732,5.5001
75,0.1951,0.2001,0.2485,0.2656,0.2895,0.3350,0.3268,0.3990,0.3616,0.4613,0.3990,0.5283,0.4283,0.5803,0.4555,0.6292,0.4803,0.6754,0.5036,0.7191,0.5257,0.7572,0.5656,0.8248,0.6015,0.8949,0.6366,0.9590,0.6731,1.0233,0.7047,1.0798,0.7340,1.1368,0.7622,1.1912,0.7892,1.2400,0.8148,1.2859,0.8408,1.3326,0.8633,1.3761,0.8845,1.4197,1.2780,2.1264,2.1284,2.7940,7.7119,6.6753
76,0.3401,0.2686,0.3953,0.3500,0.4380,0.4190,0.4759,0.4757,0.5110,0.5286,0.5488,0.5874,0.5787,0.6371,0.6065,0.6854,0.6318,0.7310,0.6556,0.7739,0.6779,0.8130,0.7183,0.8827,0.7549,0.9480,0.7904,1.0107,0.8270,1.0741,0.8592,1.1286,0.8894,1.1784,0.9184,1.2211,0.9460,1.2616,0.9721,1.3010,0.9989,1.3427,1.0226,1.3820,1.0451,1.4215,1.4631,2.0344,2.3209,2.7567,8.1631,6.3718
77,0.5368,0.2969,0.5926,0.3802,0.6359,0.4476,0.6740,0.5040,0.7094,0.5551,0.7475,0.6083,0.7775,0.6499,0.8055,0.6884,0.8309,0.7233,0.8548,0.7564,0.8772,0.7877,0.9180,0.8454,0.9549,0.8975,0.9906,0.9468,1.0275,0.9967,1.0600,1.0387,1.0907,1.0757,1.1200,1.1060,1.1478,1.1349,1.1743,1.1638,1.2016,1.1958,1.2258,1.2269,1.2490,1.2589,1.6734,1.7716,2.5287,2.5199,8.4420,6.2115
78,0.3779,0.2273,0.4335,0.2920,0.4767,0.3488,0.5147,0.3992,0.5500,0.4366,0.5881,0.4666,0.6180,0.4850,0.6458,0.5007,0.6711,0.5152,0.6948,0.5331,0.7172,0.5521,0.7581,0.5958,0.7952,0.6358,0.8307,0.6698,0.8672,0.7025,0.8997,0.7343,0.9306,0.7640,0.9601,0.7909,0.9879,0.8164,1.0144,0.8418,1.0418,0.8704,1.0662,0.8971,1.0895,0.9253,1.5161,1.2524,2.3699,1.9119,8.3332,6.0379
79,0.1426,0.0382,0.1961,0.0801,0.2380,0.1229,0.2740,0.1911,0.3075,0.2501,0.3445,0.2916,0.3733,0.3235,0.4001,0.3513,0.4248,0.3746,0.4489,0.3898,0.4717,0.4055,0.5132,0.4321,0.5510,0.4467,0.5879,0.4489,0.6265,0.4337,0.6604,0.4215,0.6919,0.4162,0.7214,0.4168,0.7489,0.4234,0.7750,0.4356,0.8020,0.4593,0.8259,0.4880,0.8487,0.5233,1.2751,1.2220,2.1316,1.9595,8.0239,6.1363
80,0.0000,0.0001,0.0114,0.0013,0.0649,0.0596,0.0988,0.1413,0.1227,0.2409,0.1550,0.3331,0.1835,0.4049,0.2109,0.4638,0.2343,0.5068,0.2538,0.5289,0.2732,0.5516,0.3091,0.5678,0.3436,0.5805,0.3785,0.6192,0.4149,0.6650,0.4469,0.6992,0.4768,0.7311,0.5049,0.7609,0.5313,0.7936,0.5563,0.8290,0.5822,0.8670,0.6054,0.8994,0.6281,0.9245,1.0454,1.6039,1.9013,2.4415,7.7364,6.2691
81,0.0536,0.0032,0.0638,0.0106,0.0736,0.0443,0.0914,0.0788,0.1200,0.0900,0.1531,0.0950,0.1791,0.1082,0.2034,0.1260,0.2256,0.1502,0.2470,0.1817,0.2674,0.2174,0.3043,0.2940,0.3375,0.3687,0.3696,0.4395,0.4030,0.4877,0.4317,0.5239,0.4588,0.5527,0.4861,0.5690,0.5134,0.5853,0.5401,0.6198,0.5681,0.6761,0.5934,0.7276,0.6178,0.7732,1.0507,1.4159,1.8808,2.2421,7.4813,6.6922
82,0.0001,0.0000,0.0001,0.0000,0.0001,0.0001,0.0003,0.0002,0.0016,0.0005,0.0033,0.0005,0.0051,0.0012,0.0074,0.0024,0.0103,0.0036,0.0141,0.0054,0.0190,0.0109,0.0323,0.0144,0.0487,0.0363,0.0648,0.0582,0.0846,0.1028,0.1036,0.1508,0.1218,0.2004,0.1402,0.2738,0.1582,0.3316,0.1759,0.4085,0.1949,0.4657,0.2124,0.5115,0.2301,0.5405,0.6251,1.5616,1.4455,2.5987,6.9232,6.9069
83,0.0202,0.0010,0.0358,0.0012,0.0589,0.0059,0.0865,0.0162,0.1120,0.0210,0.1429,0.0293,0.1721,0.0443,0.1967,0.0700,0.2153,0.1036,0.2308,0.1396,0.2475,0.1852,0.2881,0.2927,0.3322,0.3910,0.3680,0.4408,0.4036,0.4893,0.4344,0.5331,0.4617,0.5795,0.4867,0.6296,0.5098,0.6821,0.5309,0.7409,0.5518,0.8092,0.5702,0.8763,0.5883,0.9435,1.0001,1.5541,1.8309,2.5698,7.4684,6.5822
84,0.0000,0.0000,0.0001,0.0000,0.0011,0.0024,0.0085,0.0017,0.0217,0.0079,0.0456,0.0179,0.0739,0.0362,0.0986,0.0840,0.1208,0.1364,0.1422,0.1839,0.1631,0.2322,0.2008,0.3081,0.2312,0.3931,0.2543,0.4694,0.2816,0.5420,0.3072,0.6086,0.3313,0.6649,0.3545,0.7103,0.3776,0.7452,0.4023,0.7717,0.4289,0.7983,0.4545,0.8175,0.4797,0.8266,0.9611,1.2735,1.8419,2.2429,7.2223,6.7510
85,0.3712,0.2798,0.4233,0.3565,0.4649,0.4273,0.5033,0.4898,0.5382,0.5416,0.5748,0.5920,0.6035,0.6315,0.6302,0.6682,0.6544,0.7018,0.6770,0.7336,0.6984,0.7630,0.7371,0.8170,0.7716,0.8726,0.8046,0.9298,0.8386,0.9854,0.8679,1.0344,0.8954,1.0802,0.9230,1.1167,0.9502,1.1459,0.9766,1.1707,1.0043,1.1952,1.0291,1.2167,1.0530,1.2383,1.4796,1.6346,2.3048,2.4535,7.7748,6.9323
86,0.1600,0.1451,0.1986,0.2479,0.2330,0.3410,0.2672,0.4554,0.2980,0.5188,0.3334,0.6950,0.3608,0.7863,0.3865,0.8360,0.4097,0.8815,0.4315,0.9243,0.4520,0.9638,0.4893,1.0351,0.5225,1.1026,0.5544,1.1687,0.5875,1.2345,0.6162,1.2923,0.6432,1.3451,0.6703,1.3848,0.6971,1.4160,0.7231,1.4429,0.7502,1.4697,0.7745,1.4936,0.7978,1.5176,1.2133,2.0053,2.0254,2.8911,7.4339,7.2120
87,0.3069,0.3865,0.3572,0.4971,0.3976,0.5712,0.4344,0.6240,0.4685,0.6732,0.5044,0.7319,0.5325,0.7807,0.5587,0.8274,0.5825,0.8704,0.6047,0.9111,0.6257,0.9485,0.6639,1.0156,0.6981,1.0797,0.7310,1.1429,0.7651,1.2061,0.7950,1.2609,0.8230,1.3119,0.8507,1.3523,0.8775,1.3868,0.9036,1.4175,0.9305,1.4489,0.9547,1.4771,0.9778,1.5050,1.3910,2.0553,2.1981,2.9504,7.4756,7.3079
88,0.0751,0.0927,0.1127,0.1748,0.1471,0.2819,0.1820,0.4148,0.2146,0.5406,0.2498,0.6383,0.2773,0.7009,0.3027,0.7587,0.3259,0.8105,0.3476,0.8587,0.3682,0.9029,0.4058,0.9807,0.4393,1.0533,0.4711,1.1249,0.5044,1.1969,0.5338,1.2582,0.5612,1.3160,0.5887,1.3641,0.6152,1.4074,0.6410,1.4461,0.6677,1.4852,0.6916,1.5197,0.7145,1.5528,1.1190,2.1722,1.9058,3.1176,6.9909,7.6415
89,0.2195,0.3897,0.2710,0.4889,0.3112,0.5575,0.3483,0.6099,0.3819,0.6629,0.4180,0.7206,0.4463,0.7676,0.4726,0.8129,0.4966,0.8547,0.5191,0.8945,0.5405,0.9307,0.5795,0.9954,0.6142,1.0589,0.6477,1.1214,0.6828,1.1840,0.7139,1.2366,0.7428,1.2876,0.7712,1.3302,0.7983,1.3696,0.8245,1.4058,0.8513,1.4434,0.8752,1.4772,0.8982,1.5101,1.3023,2.1427,2.1028,3.0380,7.1763,7.5725
90,0.0040,0.0070,0.0224,0.0287,0.0518,0.0405,0.0779,0.0482,0.1037,0.0739,0.1353,0.0978,0.1608,0.1102,0.1844,0.1308,0.2060,0.1620,0.2264,0.2082,0.2456,0.2737,0.2811,0.4765,0.3128,0.6974,0.3418,0.8220,0.3745,0.9149,0.4081,0.9926,0.4386,1.0699,0.4702,1.1309,0.4995,1.1918,0.5286,1.2487,0.5578,1.3041,0.5839,1.3482,0.6089,1.3859,1.0003,2.0447,1.7159,2.7759,5.9696,6.9252
91,0.1571,0.4022,0.2033,0.4578,0.2411,0.5096,0.2763,0.5630,0.3090,0.6134,0.3440,0.6660,0.3714,0.7072,0.3968,0.7479,0.4200,0.7858,0.4419,0.8217,0.4627,0.8555,0.5010,0.9169,0.5352,0.9747,0.5677,1.0336,0.6018,1.0945,0.6322,1.1461,0.6606,1.1958,0.6892,1.2392,0.7165,1.2807,0.7433,1.3176,0.7710,1.3555,0.7958,1.3889,0.8197,1.4203,1.2404,2.0109,2.0302,3.0013,6.8440,7.8291
92,0.1902,0.3837,0.2387,0.4803,0.2784,0.5423,0.3157,0.5931,0.3491,0.6448,0.3844,0.7034,0.4118,0.7513,0.4374,0.7937,0.4608,0.8318,0.4827,0.8675,0.5036,0.9004,0.5419,0.9568,0.5760,1.0107,0.6078,1.0702,0.6407,1.1314,0.6692,1.1852,0.6958,1.2364,0.7222,1.2814,0.7479,1.3219,0.7731,1.3574,0.7996,1.3918,0.8237,1.4204,0.8470,1.4469,1.2777,1.8534,2.0845,2.7536,7.1794,7.4970
93,0.0146,0.0020,0.0216,0.0090,0.0483,0.0897,0.0900,0.1183,0.1242,0.3375,0.1570,0.4484,0.1827,0.5316,0.2075,0.6084,0.2310,0.6751,0.2537,0.7318,0.2756,0.7778,0.3133,0.8642,0.3454,0.9611,0.3738,1.0487,0.4041,1.1238,0.4297,1.1851,0.4534,1.2404,0.4768,1.2926,0.5002,1.3381,0.5244,1.3751,0.5507,1.4100,0.5759,1.4350,0.6013,1.4550,1.0834,1.6707,1.9164,2.4296,7.1586,7.2169
94,0.1529,0.1056,0.2044,0.2082,0.2470,0.4555,0.2868,0.5791,0.3205,0.6595,0.3536,0.7340,0.3795,0.7884,0.4044,0.8356,0.4275,0.8751,0.4494,0.9093,0.4705,0.9397,0.5083,1.0035,0.5412,1.0682,0.5703,1.1345,0.6007,1.1972,0.6264,1.2517,0.6504,1.3027,0.6741,1.3512,0.6977,1.3940,0.7218,1.4288,0.7480,1.4612,0.7729,1.4843,0.7977,1.5031,1.2713,1.7005,2.0980,2.4826,7.2851,7.3316
95,0.3394,0.5959,0.3903,0.7259,0.4327,0.7963,0.4702,0.8683,0.5027,0.9226,0.5337,0.9868,0.5579,1.0357,0.5813,1.0783,0.6031,1.1153,0.6239,1.1495,0.6442,1.1799,0.6802,1.2424,0.7111,1.2999,0.7386,1.3555,0.7674,1.4107,0.7921,1.4574,0.8150,1.5028,0.8379,1.5447,0.8614,1.5817,0.8862,1.6094,0.9133,1.6348,0.9397,1.6514,0.9662,1.6642,1.4616,1.8099,2.2793,2.6242,7.2778,7.5128
96,0.1083,0.1373,0.1626,0.2627,0.2051,0.3657,0.2453,0.4797,0.2798,0.5901,0.3125,0.6769,0.3380,0.7345,0.3627,0.7830,0.3855,0.8275,0.4072,0.8697,0.4284,0.9106,0.4662,0.9902,0.4981,1.0603,0.5256,1.1324,0.5549,1.2038,0.5797,1.2686,0.6029,1.3293,0.6267,1.3851,0.6509,1.4349,0.6758,1.4769,0.7031,1.5142,0.7294,1.5400,0.7554,1.5621,1.2284,1.8387,2.0347,2.7465,7.0048,7.5866
97,0.1384,0.0783,0.1778,0.1158,0.2152,0.1585,0.2468,0.1996,0.2751,0.2365,0.3019,0.2833,0.3233,0.3251,0.3444,0.3749,0.3643,0.4318,0.3831,0.4953,0.4015,0.5641,0.4331,0.7031,0.4601,0.8262,0.4843,0.9237,0.5088,1.0170,0.5303,1.0801,0.5495,1.1323,0.5684,1.1716,0.5881,1.2120,0.6115,1.2396,0.6374,1.2646,0.6631,1.2908,0.6900,1.3262,1.2223,1.8328,2.0175,2.8214,6.7759,7.8304
98,0.0164,0.0029,0.0249,0.0050,0.0337,0.0135,0.0535,0.0433,0.0736,0.0808,0.0963,0.1278,0.1158,0.1350,0.1356,0.1879,0.1550,0.2505,0.1736,0.3259,0.1916,0.4355,0.2233,0.6103,0.2504,0.6900,0.2738,0.7663,0.2995,0.8762,0.3210,0.9443,0.3410,1.0081,0.3613,1.0700,0.3832,1.1405,0.4065,1.1889,0.4326,1.2355,0.4584,1.2770,0.4846,1.3197,0.9815,1.8585,1.7761,2.8636,6.7052,7.7107
99,0.0000,0.0000,0.0002,0.0001,0.0003,0.0001,0.0007,0.0016,0.0011,0.0002,0.0020,0.0017,0.0029,0.0036,0.0043,0.0025,0.0061,0.0111,0.0090,0.0114,0.0128,0.0257,0.0207,0.0410,0.0309,0.0569,0.0427,0.1158,0.0563,0.1481,0.0700,0.1891,0.0842,0.2648,0.1014,0.3294,0.1186,0.4284,0.1368,0.4588,0.1563,0.5137,0.1755,0.5786,0.1955,0.6434,0.6281,1.7622,1.3949,3.0603,6.2585,7.9295
100,0.0073,0.0038,0.0213,0.0354,0.0434,0.0976,0.0688,0.1728,0.0989,0.2134,0.1311,0.2898,0.1574,0.4421,0.1829,0.5381,0.2066,0.6147,0.2291,0.6785,0.2504,0.7427,0.2891,0.8614,0.3247,0.9328,0.3589,0.9931,0.3947,1.0515,0.4264,1.0995,0.4557,1.1456,0.4844,1.1900,0.5118,1.2340,0.5387,1.2726,0.5666,1.3114,0.5916,1.3457,0.6156,1.3783,1.0501,1.8943,1.8555,2.8772,6.7813,7.7364
101,0.0215,0.0052,0.0312,0.0080,0.0417,0.0231,0.0577,0.0934,0.0774,0.0495,0.1010,0.0636,0.1202,0.1011,0.1391,0.1324,0.1565,0.1831,0.1740,0.2335,0.1920,0.3035,0.2248,0.4630,0.2537,0.5881,0.2834,0.6814,0.3157,0.7555,0.3470,0.8257,0.3780,0.9007,0.4096,0.9595,0.4395,1.0141,0.4694,1.0653,0.5001,1.1152,0.5286,1.1541,0.5571,1.1853,1.0303,1.7673,1.7997,2.9463,6.4576,8.0220
102,0.0009,0.0001,0.0094,0.0027,0.0262,0.0068,0.0619,0.0225,0.0906,0.0819,0.1146,0.1326,0.1336,0.1792,0.1514,0.2316,0.1695,0.2952,0.1890,0.3681,0.2092,0.4401,0.2445,0.5772,0.2764,0.7176,0.3069,0.8263,0.3390,0.9268,0.3653,1.0287,0.3893,1.1781,0.4128,1.2766,0.4370,1.3221,0.4624,1.3622,0.4898,1.4012,0.5163,1.4305,0.5434,1.4520,1.0524,1.6374,1.8818,2.4430,7.2354,7.0894
103,0.0003,0.0000,0.0028,0.0001,0.0058,0.0060,0.0151,0.0090,0.0284,0.0133,0.0546,0.0322,0.0755,0.0455,0.0976,0.0850,0.1220,0.1445,0.1462,0.2017,0.1724,0.2475,0.2210,0.3632,0.2648,0.4906,0.3100,0.5947,0.3538,0.7137,0.3927,0.8864,0.4257,1.0746,0.4580,1.1730,0.4906,1.2231,0.5257,1.2556,0.5632,1.2774,0.5980,1.2925,0.6311,1.3071,1.1594,1.5899,1.9868,2.4589,6.7576,7.8202
104,0.0315,0.0098,0.0597,0.0198,0.0840,0.0790,0.1032,0.1238,0.1231,0.2389,0.1483,0.4435,0.1712,0.5842,0.1945,0.6842,0.2196,0.7489,0.2441,0.8103,0.2694,0.8629,0.3187,0.9564,0.3655,1.0461,0.4145,1.1175,0.4596,1.1848,0.4986,1.2226,0.5312,1.2656,0.5677,1.3044,0.6046,1.3315,0.6432,1.3442,0.6820,1.3613,0.7176,1.3774,0.7520,1.3938,1.2930,1.6725,2.1117,2.5263,6.8355,7.8811
105,0.0398,0.0607,0.0543,0.0935,0.0851,0.1985,0.1187,0.3124,0.1518,0.4981,0.1787,0.6394,0.1988,0.8541,0.2182,0.9257,0.2369,1.0061,0.2544,1.1213,0.2723,1.1915,0.3050,1.3027,0.3342,1.3880,0.3628,1.4533,0.3929,1.5199,0.4190,1.5740,0.4429,1.6253,0.4675,1.6695,0.4929,1.7071,0.5202,1.7354,0.5494,1.7632,0.5774,1.7834,0.6056,1.7983,1.1263,1.8808,1.9523,2.6719,7.0511,7.5624
106,0.0148,0.0283,0.0180,0.0530,0.0256,0.1158,0.0333,0.1160,0.0401,0.1342,0.0499,0.1278,0.0688,0.4047,0.0933,0.3690,0.1157,0.6524,0.1376,0.8615,0.1616,0.9303,0.2091,1.0292,0.2528,1.1074,0.2998,1.1645,0.3450,1.2275,0.3865,1.2736,0.4224,1.3193,0.4604,1.3537,0.4973,1.3826,0.5362,1.4022,0.5756,1.4199,0.6122,1.4309,0.6473,1.4397,1.1870,1.6809,2.0048,2.5946,6.7262,7.9693
107,0.0000,0.0000,0.0056,0.0014,0.0227,0.0247,0.0452,0.1155,0.0743,0.2565,0.1106,0.4620,0.1449,0.5649,0.1779,0.6520,0.2090,0.7169,0.2364,0.7932,0.2664,0.8516,0.3220,0.9593,0.3692,1.0745,0.4221,1.1622,0.4737,1.2169,0.5260,1.1979,0.5701,1.1796,0.6081,1.2288,0.6434,1.2863,0.6833,1.3129,0.7259,1.3224,0.7652,1.3257,0.8024,1.3308,1.3433,1.6184,2.1503,2.5437,6.5135,8.3153
108,0.3831,0.5269,0.4241,0.7832,0.4646,0.9689,0.5019,1.1117,0.5375,1.1686,0.5761,1.2802,0.6078,1.3267,0.6379,1.3604,0.6650,1.3996,0.6893,1.4431,0.7153,1.4688,0.7642,1.5060,0.8074,1.5334,0.8543,1.5322,0.8999,1.5342,0.9433,1.5144,0.9822,1.4920,1.0199,1.4707,1.0550,1.4583,1.0920,1.4369,1.1307,1.4108,1.1672,1.3809,1.2025,1.3542,1.7388,1.4728,2.5573,2.5027,7.0830,8.0058
109,0.0983,0.1095,0.1307,0.1691,0.1565,0.2779,0.1789,0.3554,0.2027,0.3983,0.2278,0.4374,0.2487,0.4706,0.2685,0.4982,0.2858,0.5196,0.3012,0.5421,0.3172,0.5619,0.3476,0.6024,0.3768,0.6461,0.4076,0.6781,0.4402,0.7040,0.4711,0.7175,0.5005,0.7336,0.5313,0.7502,0.5620,0.7697,0.5944,0.7846,0.6281,0.7975,0.6596,0.8046,0.6905,0.8124,1.2147,1.2932,2.0385,2.5699,6.5389,7.9621
110,0.1295,0.3360,0.1743,0.4692,0.2119,0.5731,0.2456,0.6649,0.2767,0.7382,0.3100,0.8135,0.3367,0.8721,0.3614,0.9248,0.3839,0.9720,0.4050,1.0158,0.4253,1.0552,0.4628,1.1244,0.4961,1.1871,0.5283,1.2445,0.5626,1.3009,0.5943,1.3440,0.6250,1.3803,0.6556,1.4135,0.6841,1.4484,0.7124,1.4792,0.7415,1.5107,0.7679,1.5370,0.7940,1.5589,1.2397,2.0219,2.0212,3.0346,6.7138,7.9389
111,0.1904,0.4429,0.2411,0.5521,0.2822,0.6398,0.3184,0.7037,0.3513,0.7592,0.3864,0.8181,0.4140,0.8638,0.4394,0.9076,0.4625,0.9485,0.4843,0.9882,0.5049,1.0260,0.5431,1.0980,0.5773,1.1664,0.6093,1.2327,0.6431,1.2979,0.6742,1.3499,0.7035,1.3978,0.7336,1.4340,0.7622,1.4681,0.7904,1.4963,0.8190,1.5256,0.8445,1.5513,0.8690,1.5753,1.2762,2.1420,2.0297,3.0691,6.5380,7.7362
112,0.0757,0.1094,0.1276,0.3363,0.1694,0.4566,0.2061,0.5335,0.2397,0.5996,0.2756,0.6631,0.3042,0.7091,0.3305,0.7511,0.3542,0.7922,0.3764,0.8346,0.3974,0.8792,0.4352,0.9844,0.4689,1.1086,0.5016,1.2009,0.5347,1.2397,0.5637,1.2550,0.5935,1.3335,0.6216,1.3576,0.6482,1.3880,0.6764,1.4134,0.7074,1.4459,0.7356,1.4799,0.7635,1.5113,1.2137,2.0052,1.9431,2.5003,6.1508,6.2428
113,0.2144,0.5911,0.2666,0.7025,0.3078,0.7902,0.3437,0.8614,0.3766,0.9261,0.4115,0.9945,0.4390,1.0466,0.4643,1.0946,0.4871,1.1386,0.5084,1.1808,0.5286,1.2199,0.5655,1.2935,0.5983,1.3623,0.6301,1.4244,0.6633,1.4880,0.6938,1.5392,0.7245,1.5784,0.7545,1.6175,0.7826,1.6566,0.8113,1.6884,0.8417,1.7158,0.8694,1.7365,0.8971,1.7514,1.3551,2.1032,2.1101,2.9741,6.4807,7.4859
114,0.0893,0.0087,0.1213,0.0130,0.1482,0.0190,0.1746,0.0424,0.2033,0.0406,0.2341,0.0553,0.2599,0.0654,0.2843,0.0862,0.3070,0.1149,0.3272,0.1546,0.3482,0.2152,0.3871,0.4180,0.4226,0.6860,0.4668,0.9175,0.5113,1.0423,0.5549,1.0813,0.5947,1.1021,0.6322,1.1324,0.6666,1.1950,0.7021,1.2451,0.7391,1.3007,0.7743,1.3523,0.8087,1.3959,1.3370,1.8503,2.0971,2.1904,6.3645,5.6613
115,0.0094,0.0227,0.0484,0.0792,0.0805,0.0954,0.1092,0.1391,0.1368,0.1887,0.1677,0.2397,0.1932,0.2838,0.2177,0.3230,0.2401,0.3741,0.2610,0.4413,0.2810,0.5154,0.3169,0.7077,0.3493,0.9265,0.3813,1.0707,0.4142,1.0787,0.4429,1.0361,0.4722,1.2122,0.4990,1.2121,0.5245,1.2227,0.5513,1.2309,0.5824,1.2633,0.6107,1.3086,0.6391,1.3557,1.1003,1.9773,1.8286,2.3336,6.0181,5.9236
116,0.0319,0.0464,0.0541,0.1511,0.0834,0.3237,0.1080,0.5804,0.1332,0.7185,0.1616,0.7716,0.1859,0.9067,0.2097,0.9575,0.2316,0.9993,0.2517,1.0372,0.2729,1.0730,0.3136,1.1317,0.3509,1.1795,0.3916,1.2046,0.4329,1.2295,0.4721,1.2392,0.5081,1.2545,0.5438,1.2734,0.5775,1.2953,0.6127,1.3100,0.6490,1.3228,0.6832,1.3276,0.7166,1.3328,1.2404,1.6816,2.0340,2.8142,6.5480,8.0702
117,0.1897,0.5633,0.2363,0.7089,0.2734,0.8226,0.3085,0.9084,0.3431,0.9772,0.3800,1.0468,0.4109,1.0976,0.4398,1.1433,0.4667,1.1826,0.4908,1.2224,0.5159,1.2577,0.5625,1.3266,0.6038,1.3932,0.6491,1.4394,0.6940,1.4856,0.7367,1.5141,0.7760,1.5448,0.8134,1.5736,0.8472,1.6042,0.8821,1.6269,0.9185,1.6475,0.9534,1.6585,0.9876,1.6675,1.5151,1.9221,2.2944,2.7237,6.5915,7.2275
118,0.0424,0.0326,0.0569,0.0362,0.0753,0.0391,0.1013,0.0547,0.1332,0.0529,0.1673,0.0657,0.1971,0.0913,0.2286,0.1454,0.2612,0.2069,0.2884,0.2569,0.3195,0.3496,0.3787,0.6008,0.4296,0.8118,0.4855,0.9257,0.5348,0.9997,0.5813,1.0363,0.6271,1.0692,0.6749,1.1053,0.7156,1.1402,0.7544,1.1794,0.7938,1.2268,0.8337,1.2620,0.8737,1.2866,1.4231,1.7023,2.2152,2.2354,6.6599,5.4737
119,0.1124,0.4656,0.1622,0.5807,0.2146,0.6320,0.2650,0.6692,0.3123,0.7153,0.3615,0.7791,0.4013,0.8382,0.4389,0.8880,0.4743,0.9311,0.5044,0.9724,0.5378,1.0024,0.5989,1.0515,0.6491,1.1021,0.7038,1.1395,0.7530,1.1909,0.8000,1.2275,0.8455,1.2468,0.8902,1.2562,0.9285,1.2780,0.9662,1.3050,1.0051,1.3311,1.0437,1.3403,1.0821,1.3435,1.6263,1.6637,2.4290,2.6148,6.8425,7.4112
120,0.1801,0.5208,0.2176,0.6331,0.2615,0.7059,0.3060,0.7699,0.3504,0.8146,0.3981,0.8604,0.4367,0.9012,0.4738,0.9355,0.5092,0.9659,0.5393,1.0034,0.5734,1.0485,0.6362,1.1571,0.6863,1.2649,0.7405,1.3459,0.7888,1.4155,0.8355,1.4522,0.8819,1.4666,0.9297,1.4632,0.9710,1.4730,1.0097,1.4956,1.0486,1.5244,1.0876,1.5354,1.1268,1.5368,1.6717,1.8078,2.4474,2.4902,6.8527,6.2507
121,0.1574,0.2395,0.2341,0.2648,0.2940,0.3464,0.3500,0.4650,0.4020,0.4998,0.4557,0.5286,0.4983,0.5534,0.5381,0.5809,0.5757,0.6085,0.6066,0.6393,0.6433,0.6963,0.7107,0.8552,0.7630,0.9784,0.8212,1.0553,0.8717,1.1194,0.9179,1.1652,0.9638,1.1986,1.0120,1.2188,1.0511,1.2477,1.0898,1.2773,1.1297,1.3115,1.1706,1.3305,1.2113,1.3408,1.7668,1.6622,2.5876,2.2004,7.0994,5.6392
122,0.2265,0.3834,0.3090,0.4262,0.3722,0.4955,0.4296,0.5560,0.4812,0.6063,0.5344,0.6639,0.5766,0.7134,0.6173,0.7583,0.6564,0.7932,0.6880,0.8351,0.7246,0.8729,0.7907,0.9464,0.8438,1.0113,0.9020,1.0644,0.9526,1.1239,1.0007,1.1699,1.0473,1.2062,1.0942,1.2271,1.1332,1.2583,1.1717,1.2884,1.2108,1.3208,1.2507,1.3343,1.2908,1.3395,1.8453,1.6260,2.6888,2.3171,7.3974,6.3765
123,0.8562,0.5998,0.9475,0.7751,1.0110,0.9147,1.0659,1.0061,1.1154,1.0297,1.1659,1.0414,1.2060,1.0356,1.2436,1.0379,1.2783,1.0477,1.3083,1.0669,1.3405,1.0764,1.3994,1.1001,1.4487,1.1336,1.5019,1.1511,1.5510,1.1788,1.5978,1.1834,1.6428,1.1541,1.6850,1.1323,1.7215,1.1396,1.7584,1.1529,1.7973,1.1580,1.8356,1.1433,1.8731,1.1241,2.4171,1.3707,3.2451,2.4505,7.5894,7.9941
124,0.4795,0.4851,0.5704,0.5385,0.6339,0.6412,0.6883,0.7318,0.7369,0.7671,0.7871,0.8037,0.8271,0.8323,0.8647,0.8568,0.8996,0.8825,0.9295,0.9109,0.9619,0.9305,1.0213,0.9677,1.0709,1.0112,1.1244,1.0431,1.1734,1.0860,1.2202,1.1070,1.2655,1.0917,1.3083,1.0822,1.3451,1.1001,1.3820,1.1254,1.4209,1.1438,1.4593,1.1411,1.4971,1.1325,2.0401,1.4412,2.8536,2.5073,7.1617,7.9088
125,0.1959,0.3777,0.2657,0.5979,0.3184,0.7434,0.3698,0.9290,0.4209,1.0794,0.4723,1.1036,0.5136,1.1048,0.5521,1.1119,0.5875,1.1238,0.6176,1.1447,0.6505,1.1529,0.7105,1.1694,0.7600,1.1964,0.8136,1.2101,0.8624,1.2390,0.9095,1.2466,0.9558,1.2210,0.9993,1.1994,1.0360,1.2062,1.0727,1.2208,1.1117,1.2283,1.1506,1.2138,1.1890,1.1925,1.7340,1.4020,2.5566,2.4691,6.9871,8.0722
126,0.0027,0.0002,0.0073,0.0008,0.0127,0.0025,0.0309,0.0159,0.0630,0.0317,0.1101,0.1127,0.1505,0.2236,0.1887,0.3660,0.2237,0.4331,0.2532,0.4856,0.2858,0.5204,0.3449,0.5694,0.3924,0.6224,0.4435,0.6843,0.4903,0.7908,0.5372,0.9379,0.5857,1.0692,0.6298,1.1222,0.6648,1.1902,0.6999,1.2627,0.7383,1.3117,0.7779,1.3286,0.8174,1.3332,1.3654,1.6525,2.1895,2.4667,6.4521,8.2625
127,0.0509,0.0210,0.1053,0.0469,0.1537,0.0914,0.2043,0.1592,0.2535,0.2620,0.3040,0.4230,0.3455,0.4947,0.3842,0.5603,0.4197,0.5976,0.4495,0.6413,0.4822,0.6777,0.5415,0.7499,0.5895,0.8444,0.6414,0.9387,0.6890,1.0423,0.7367,1.1209,0.7848,1.1306,0.8282,1.1419,0.8638,1.2007,0.8997,1.2649,0.9389,1.3057,0.9788,1.3119,1.0180,1.3100,1.5644,1.6025,2.3846,2.4626,6.6395,8.3041
128,0.2472,0.0708,0.3310,0.0878,0.3900,0.1088,0.4458,0.1735,0.4970,0.2502,0.5503,0.3633,0.5929,0.4355,0.6320,0.4916,0.6680,0.5284,0.6985,0.5726,0.7315,0.6179,0.7916,0.7074,0.8412,0.8096,0.8948,0.9091,0.9445,1.0013,0.9933,1.0423,1.0401,1.0169,1.0825,1.0289,1.1189,1.0779,1.1561,1.1315,1.1962,1.1652,1.2356,1.1710,1.2737,1.1713,1.8179,1.4484,2.6415,2.3691,6.8716,8.2160
129,0.1126,0.1613,0.1907,0.2853,0.2487,0.3410,0.3017,0.4029,0.3518,0.5135,0.4035,0.5966,0.4455,0.6628,0.4844,0.7137,0.5201,0.7603,0.5502,0.8064,0.5833,0.8434,0.6436,0.9050,0.6932,0.9698,0.7470,1.0310,0.7962,1.0974,0.8440,1.1291,0.8905,1.1159,0.9336,1.1165,0.9701,1.1464,1.0070,1.1842,1.0465,1.2111,1.0857,1.2108,1.1242,1.2011,1.6682,1.4294,2.4815,2.4180,6.7397,8.1814
130,0.3018,0.5282,0.3867,0.6660,0.4495,0.7346,0.5047,0.7983,0.5542,0.8529,0.6056,0.9079,0.6464,0.9515,0.6854,0.9897,0.7221,1.0197,0.7527,1.0532,0.7876,1.0723,0.8510,1.1036,0.9020,1.1420,0.9580,1.1648,1.0074,1.2069,1.0545,1.2362,1.1015,1.2366,1.1484,1.2203,1.1873,1.2297,1.2247,1.2537,1.2629,1.2814,1.3017,1.2858,1.3411,1.2786,1.8904,1.5547,2.7138,2.5119,7.3337,7.3555
131,0.2921,0.3596,0.3814,0.5263,0.4452,0.6330,0.4994,0.7131,0.5473,0.7827,0.5980,0.8268,0.6388,0.8575,0.6781,0.8772,0.7139,0.8996,0.7440,0.9270,0.7779,0.9410,0.8395,0.9684,0.8891,1.0154,0.9423,1.0601,0.9896,1.1213,1.0347,1.1641,1.0829,1.1462,1.1298,1.1217,1.1669,1.1432,1.2024,1.1837,1.2397,1.2212,1.2788,1.2246,1.3186,1.2098,1.8674,1.4384,2.6866,2.3938,7.0336,7.9118
132,0.4360,0.2067,0.5280,0.3167,0.5945,0.3974,0.6507,0.4649,0.6989,0.5336,0.7505,0.5823,0.7915,0.6196,0.8312,0.6420,0.8672,0.6682,0.8979,0.6965,0.9320,0.7139,0.9941,0.7464,1.0449,0.7957,1.0995,0.8450,1.1485,0.9063,1.1945,0.9565,1.2421,0.9561,1.2889,0.9403,1.3270,0.9632,1.3638,1.0060,1.4015,1.0524,1.4397,1.0700,1.4786,1.0681,2.0309,1.3311,2.8862,2.1799,7.6562,7.2220
133,0.4726,0.6613,0.5587,0.7957,0.6220,0.8789,0.6780,0.9364,0.7278,0.9793,0.7792,1.0182,0.8197,1.0460,0.8584,1.0699,0.8950,1.0882,0.9254,1.1132,0.9601,1.1223,1.0232,1.1389,1.0743,1.1678,1.1306,1.1791,1.1803,1.2113,1.2278,1.2303,1.2747,1.2195,1.3215,1.1930,1.3604,1.1962,1.3979,1.2156,1.4358,1.2405,1.4744,1.2416,1.5137,1.2293,2.0637,1.4726,2.8969,2.4221,7.6458,7.3352
134,0.0005,0.0004,0.0029,0.0003,0.0050,0.0003,0.0068,0.0005,0.0129,0.0026,0.0352,0.0057,0.0634,0.0195,0.0990,0.0343,0.1329,0.0601,0.1623,0.0989,0.1949,0.1131,0.2555,0.1277,0.3046,0.1321,0.3567,0.1387,0.4025,0.1739,0.4448,0.2479,0.4927,0.4344,0.5413,0.6669,0.5764,0.7567,0.6083,0.7876,0.6418,0.8188,0.6801,0.8850,0.7218,0.9581,1.2801,1.5296,2.1269,2.3412,6.7067,7.6754
135,0.2129,0.0259,0.2979,0.0403,0.3617,0.0575,0.4157,0.0850,0.4618,0.1196,0.5130,0.1623,0.5535,0.1970,0.5935,0.2179,0.6295,0.2484,0.6601,0.2831,0.6943,0.3167,0.7565,0.3678,0.8065,0.4287,0.8598,0.4952,0.9071,0.5739,0.9516,0.6624,1.0023,0.7503,1.0522,0.7977,1.0905,0.8511,1.1261,0.9184,1.1621,0.9853,1.2000,1.0269,1.2401,1.0457,1.7962,1.4025,2.6523,2.1562,7.4621,7.1968
136,0.0095,0.0012,0.0165,0.0023,0.0240,0.0073,0.0307,0.0188,0.0455,0.0505,0.0803,0.0632,0.1151,0.0699,0.1508,0.1021,0.1870,0.1910,0.2184,0.2885,0.2536,0.3322,0.3177,0.4801,0.3713,0.6783,0.4295,0.7803,0.4788,0.8564,0.5269,0.9050,0.5728,0.9391,0.6190,0.9783,0.6584,1.0255,0.6968,1.0740,0.7347,1.1237,0.7726,1.1558,0.8111,1.1779,1.3612,1.5566,2.2316,2.2224,7.4721,6.8265
137,0.4913,0.5056,0.5755,0.5970,0.6400,0.6567,0.7000,0.6862,0.7521,0.7286,0.8053,0.7797,0.8478,0.8220,0.8887,0.8582,0.9282,0.8874,0.9598,0.9212,0.9966,0.9425,1.0636,0.9707,1.1163,1.0050,1.1746,1.0269,1.2252,1.0643,1.2738,1.0933,1.3203,1.1147,1.3668,1.1200,1.4063,1.1367,1.4453,1.1559,1.4845,1.1806,1.5239,1.1895,1.5634,1.1907,2.1190,1.4530,2.9908,2.1816,8.0362,6.6649
138,0.2774,0.1397,0.3606,0.2918,0.4209,0.4236,0.4727,0.5430,0.5181,0.6291,0.5673,0.6973,0.6089,0.7208,0.6496,0.7248,0.6857,0.7455,0.7147,0.7841,0.7486,0.8022,0.8110,0.8244,0.8620,0.8624,0.9178,0.8984,0.9666,0.9561,1.0113,1.0160,1.0564,1.0587,1.1027,1.0770,1.1410,1.1105,1.1773,1.1593,1.2133,1.2146,1.2504,1.2457,1.2890,1.2585,1.8381,1.5716,2.6901,2.3131,7.8802,6.9710
139,0.1091,0.0718,0.1747,0.1468,0.2307,0.2464,0.2805,0.3619,0.3250,0.4649,0.3730,0.5619,0.4139,0.6341,0.4549,0.6909,0.4933,0.7484,0.5244,0.7956,0.5597,0.8309,0.6240,0.8691,0.6759,0.9138,0.7326,0.9634,0.7822,1.0194,0.8290,1.0716,0.8749,1.0970,0.9213,1.1014,0.9602,1.1203,0.9976,1.1511,1.0351,1.1912,1.0731,1.2121,1.1121,1.2190,1.6632,1.5036,2.5236,2.2799,7.6377,6.9934
140,0.0026,0.0003,0.0107,0.0123,0.0293,0.0412,0.0548,0.0896,0.0821,0.0830,0.1153,0.2780,0.1496,0.2245,0.1868,0.3246,0.2234,0.4331,0.2538,0.5795,0.2891,0.6282,0.3537,0.7281,0.4058,0.8143,0.4634,0.9151,0.5132,0.9926,0.5599,1.0446,0.6063,1.0918,0.6534,1.1065,0.6924,1.1283,0.7296,1.1604,0.7666,1.2023,0.8047,1.2251,0.8440,1.2335,1.3947,1.5233,2.2422,2.3224,7.2534,7.0960
141,0.0009,0.0001,0.0011,0.0003,0.0013,0.0006,0.0015,0.0007,0.0017,0.0010,0.0019,0.0014,0.0029,0.0180,0.0071,0.0334,0.0126,0.0418,0.0272,0.3531,0.0449,0.2199,0.0822,0.3465,0.1165,0.3976,0.1579,0.5662,0.1943,0.6679,0.2388,1.2966,0.2855,1.3633,0.3341,1.3206,0.3737,1.3171,0.4110,1.3365,0.4478,1.3701,0.4862,1.3813,0.5262,1.3753,1.0776,1.6034,1.9070,2.4611,6.9766,7.1892
142,0.2251,0.1365,0.2886,0.1263,0.3440,0.1554,0.3946,0.2096,0.4400,0.2650,0.4871,0.3684,0.5245,0.4539,0.5609,0.5361,0.5966,0.6001,0.6261,0.6796,0.6605,0.7045,0.7232,0.7708,0.7735,0.8029,0.8297,0.8425,0.8784,0.8865,0.9269,0.9777,0.9735,1.0325,1.0206,1.0417,1.0604,1.0627,1.0988,1.0897,1.1370,1.1226,1.1757,1.1377,1.2149,1.1422,1.7663,1.4319,2.6161,2.2405,7.6181,6.9960
143,0.2452,0.1372,0.3272,0.2739,0.3863,0.3867,0.4375,0.4986,0.4836,0.6075,0.5333,0.6801,0.5745,0.7075,0.6153,0.7322,0.6547,0.7584,0.6865,0.7927,0.7225,0.8053,0.7884,0.8341,0.8423,0.8805,0.9003,0.9183,0.9497,0.9750,0.9985,1.0012,1.0447,1.0278,1.0912,1.0460,1.1307,1.0725,1.1695,1.1025,1.2080,1.1386,1.2464,1.1607,1.2852,1.1749,1.8369,1.4966,2.7091,2.1720,7.8952,6.8213
144,0.2905,0.2626,0.3751,0.3637,0.4406,0.4218,0.5012,0.4286,0.5541,0.4429,0.6077,0.4895,0.6498,0.5400,0.6905,0.5887,0.7294,0.6405,0.7606,0.6928,0.7966,0.7332,0.8627,0.7777,0.9161,0.8094,0.9744,0.8439,1.0243,0.8927,1.0728,0.9281,1.1192,0.9634,1.1655,0.9803,1.2051,1.0027,1.2443,1.0234,1.2836,1.0485,1.3228,1.0619,1.3621,1.0702,1.9172,1.3659,2.7980,2.0690,8.0052,6.6333
145,0.0864,0.0319,0.1310,0.0580,0.1697,0.0823,0.2097,0.1094,0.2510,0.1608,0.2954,0.2009,0.3318,0.2534,0.3683,0.3447,0.4048,0.4546,0.4349,0.5556,0.4710,0.6656,0.5386,0.7795,0.5895,0.8760,0.6485,0.9410,0.7001,0.9868,0.7481,1.0361,0.7931,1.0874,0.8400,1.1138,0.8802,1.1366,0.9207,1.1535,0.9610,1.1740,1.0015,1.1841,1.0420,1.1904,1.6008,1.4679,2.4857,2.1017,7.7371,6.5879
146,0.1218,0.0240,0.1881,0.0806,0.2399,0.2117,0.2935,0.3636,0.3424,0.5107,0.3930,0.6047,0.4320,0.6854,0.4704,0.7573,0.5084,0.8143,0.5382,0.8705,0.5745,0.8986,0.6407,0.9410,0.6955,0.9782,0.7554,1.0051,0.8046,1.0563,0.8526,1.0936,0.8993,1.1213,0.9470,1.1329,0.9866,1.1583,1.0262,1.1798,1.0657,1.2046,1.1052,1.2174,1.1448,1.2263,1.7007,1.5174,2.5894,2.1357,7.9219,6.6274
147,0.2751,0.2848,0.3595,0.3687,0.4247,0.4622,0.4879,0.5445,0.5404,0.5894,0.5937,0.6408,0.6357,0.6848,0.6763,0.7260,0.7156,0.7584,0.7476,0.7915,0.7855,0.8184,0.8547,0.8764,0.9078,0.9465,0.9668,1.0005,1.0181,1.0566,1.0677,1.0950,1.1150,1.1304,1.1609,1.1640,1.1999,1.1961,1.2389,1.2238,1.2782,1.2566,1.3179,1.2768,1.3578,1.2900,1.9174,1.5785,2.8021,2.0878,7.7487,5.8586
148,0.0293,0.0013,0.0427,0.0072,0.0696,0.0405,0.1213,0.0845,0.1673,0.0867,0.2139,0.0977,0.2504,0.1179,0.2871,0.1667,0.3233,0.2225,0.3534,0.2797,0.3898,0.3533,0.4580,0.5432,0.5111,0.6748,0.5705,0.7516,0.6222,0.8158,0.6728,0.8758,0.7206,0.9277,0.7662,0.9577,0.8049,0.9794,0.8438,1.0077,0.8829,1.0422,0.9223,1.0699,0.9620,1.0937,1.5233,1.5342,2.4134,1.9534,7.3101,5.1623
149,0.4371,0.4625,0.5206,0.5582,0.5854,0.6236,0.6483,0.6551,0.7010,0.6928,0.7539,0.7400,0.7955,0.7815,0.8356,0.8202,0.8753,0.8524,0.9080,0.8795,0.9476,0.8899,1.0179,0.9116,1.0708,0.9535,1.1304,0.9794,1.1824,1.0130,1.2314,1.0450,1.2775,1.0764,1.3234,1.0979,1.3632,1.1181,1.4035,1.1327,1.4439,1.1529,1.4841,1.1641,1.5243,1.1705,2.0872,1.4099,2.9886,1.9754,8.3342,6.1113
150,0.3819,0.1663,0.4642,0.2313,0.5286,0.2727,0.5919,0.2821,0.6445,0.2882,0.6965,0.3086,0.7368,0.3242,0.7753,0.3368,0.8140,0.3711,0.8483,0.4101,0.8911,0.4588,0.9638,0.5488,1.0174,0.6225,1.0780,0.6858,1.1311,0.7335,1.1804,0.7810,1.2261,0.8324,1.2727,0.8687,1.3134,0.8934,1.3544,0.9129,1.3953,0.9355,1.4359,0.9511,1.4762,0.9631,2.0404,1.2543,2.9451,1.8613,8.2953,6.2048
151,0.3669,0.4455,0.4507,0.5460,0.5161,0.6137,0.5784,0.6644,0.6306,0.7136,0.6834,0.7672,0.7251,0.8115,0.7655,0.8512,0.8053,0.8791,0.8375,0.9068,0.8767,0.9192,0.9466,0.9527,0.9995,1.0057,1.0593,1.0420,1.1112,1.0849,1.1604,1.1222,1.2070,1.1582,1.2527,1.1895,1.2921,1.2170,1.3325,1.2337,1.3728,1.2577,1.4127,1.2757,1.4526,1.2882,2.0173,1.5274,2.9246,1.9915,8.2879,5.7576
152,0.3122,0.1584,0.3973,0.2214,0.4650,0.3337,0.5278,0.4141,0.5804,0.4667,0.6333,0.5249,0.6748,0.5756,0.7152,0.6201,0.7551,0.6514,0.7874,0.6840,0.8259,0.7143,0.8953,0.7909,0.9489,0.8619,1.0093,0.9124,1.0614,0.9647,1.1109,1.0110,1.1577,1.0563,1.2035,1.0931,1.2430,1.1226,1.2836,1.1405,1.3236,1.1694,1.3630,1.1949,1.4024,1.2150,1.9672,1.5256,2.8772,1.9292,8.1527,5.3792
153,0.0199,0.0014,0.0541,0.0132,0.0998,0.0149,0.1439,0.0275,0.1843,0.0542,0.2259,0.1099,0.2586,0.2152,0.2913,0.3935,0.3276,0.5203,0.3572,0.5698,0.3932,0.6118,0.4614,0.7505,0.5131,0.9063,0.5720,0.9922,0.6239,1.0529,0.6725,1.1097,0.7193,1.1563,0.7651,1.1958,0.8040,1.2315,0.8450,1.2566,0.8860,1.2812,0.9261,1.3005,0.9664,1.3146,1.5374,1.6306,2.4593,1.9897,7.9716,5.1883
154,0.1944,0.0135,0.2537,0.0436,0.3047,0.0746,0.3550,0.1246,0.3982,0.2034,0.4424,0.3019,0.4772,0.3857,0.5106,0.4552,0.5443,0.6310,0.5716,0.6702,0.6086,0.7888,0.6773,0.8608,0.7289,0.9312,0.7881,0.9898,0.8397,1.0446,0.8885,1.0936,0.9355,1.1349,0.9815,1.1717,1.0203,1.2068,1.0610,1.2323,1.1018,1.2581,1.1419,1.2795,1.1823,1.2964,1.7517,1.5972,2.6691,1.9758,8.1712,5.2810
155,0.3265,0.1989,0.3948,0.2871,0.4460,0.3847,0.4961,0.4779,0.5407,0.5822,0.5874,0.6711,0.6254,0.7362,0.6630,0.7804,0.7016,0.9607,0.7337,0.9854,0.7746,1.0027,0.8442,1.0218,0.8959,1.0808,0.9555,1.1252,1.0072,1.1714,1.0561,1.2129,1.1030,1.2495,1.1491,1.2825,1.1883,1.3132,1.2291,1.3308,1.2700,1.3534,1.3103,1.3720,1.3508,1.3856,1.9203,1.6328,2.8415,2.0091,8.3821,5.4241
156,0.4848,0.3946,0.5664,0.4980,0.6289,0.5867,0.6901,0.6536,0.7416,0.7128,0.7942,0.7691,0.8361,0.8115,0.8771,0.8466,0.9172,0.8762,0.9487,0.9109,0.9889,0.9251,1.0593,0.9618,1.1118,1.0131,1.1720,1.0475,1.2237,1.0887,1.2732,1.1222,1.3206,1.1490,1.3667,1.1751,1.4059,1.2029,1.4462,1.2215,1.4870,1.2420,1.5275,1.2561,1.5680,1.2659,2.1360,1.4887,3.0492,1.9390,8.6813,5.5643
157,0.5216,0.3424,0.6042,0.4180,0.6678,0.4839,0.7294,0.5380,0.7810,0.5839,0.8338,0.6250,0.8756,0.6560,0.9165,0.6796,0.9566,0.7059,0.9881,0.7423,1.0281,0.7639,1.0987,0.8058,1.1514,0.8524,1.2118,0.8852,1.2634,0.9252,1.3130,0.9562,1.3605,0.9793,1.4061,1.0076,1.4451,1.0374,1.4852,1.0589,1.5260,1.0801,1.5666,1.0941,1.6072,1.1037,2.1747,1.3453,3.0867,1.8693,8.8137,5.6779
158,0.4153,0.2942,0.4972,0.3668,0.5602,0.4327,0.6213,0.4852,0.6722,0.5306,0.7247,0.5709,0.7662,0.6029,0.8069,0.6276,0.8470,0.6529,0.8783,0.6883,0.9184,0.7114,0.9890,0.7591,1.0416,0.8080,1.1021,0.8440,1.1535,0.8881,1.2033,0.9184,1.2519,0.9343,1.2978,0.9619,1.3366,0.9946,1.3766,1.0210,1.4172,1.0455,1.4578,1.0626,1.4985,1.0753,2.0670,1.3328,2.9838,1.8499,8.9236,5.4469
159,0.0714,0.0031,0.1065,0.0138,0.1466,0.0188,0.1897,0.0278,0.2260,0.0670,0.2625,0.1645,0.2909,0.2812,0.3192,0.3800,0.3541,0.4117,0.3860,0.3832,0.4259,0.3555,0.4975,0.4238,0.5468,0.4439,0.6046,0.4933,0.6581,0.6012,0.7054,0.6341,0.7473,0.6567,0.7925,0.6844,0.8341,0.7409,0.8758,0.8072,0.9173,0.8704,0.9584,0.9128,0.9990,0.9458,1.5572,1.3823,2.4411,2.0047,7.7799,6.3820
160,0.3412,0.0186,0.4225,0.0304,0.4867,0.0656,0.5501,0.1410,0.6039,0.2428,0.6583,0.3559,0.7011,0.4405,0.7419,0.5110,0.7820,0.5469,0.8159,0.5484,0.8563,0.5293,0.9274,0.5518,0.9787,0.5778,1.0373,0.6187,1.0909,0.6830,1.1391,0.7196,1.1816,0.7554,1.2260,0.7831,1.2683,0.8199,1.3110,0.8545,1.3535,0.8900,1.3951,0.9128,1.4360,0.9305,2.0026,1.2770,2.9093,1.8640,8.4320,6.1483
161,0.0036,0.0015,0.0109,0.0022,0.0180,0.0014,0.0282,0.0065,0.0458,0.0111,0.0770,0.0320,0.1088,0.0452,0.1435,0.0866,0.1799,0.1531,0.2106,0.2150,0.2508,0.3959,0.3221,0.5224,0.3757,0.5792,0.4368,0.6274,0.4887,0.6970,0.5384,0.7314,0.5858,0.7449,0.6297,0.7670,0.6678,0.8147,0.7078,0.8614,0.7488,0.9073,0.7899,0.9387,0.8311,0.9623,1.4010,1.3219,2.3143,1.8822,8.1616,5.7040
162,0.0560,0.0129,0.1146,0.0658,0.1691,0.0929,0.2239,0.1294,0.2728,0.1850,0.3241,0.3044,0.3650,0.3917,0.4053,0.4794,0.4450,0.5354,0.4767,0.5824,0.5174,0.6200,0.5887,0.6792,0.6422,0.7187,0.7031,0.7564,0.7547,0.8178,0.8044,0.8471,0.8520,0.8583,0.8965,0.8911,0.9347,0.9382,0.9745,0.9784,1.0152,1.0152,1.0560,1.0391,1.0969,1.0557,1.6653,1.3626,2.5764,1.9102,8.4030,5.7418
163,0.3094,0.1749,0.3920,0.2340,0.4559,0.2794,0.5182,0.3192,0.5704,0.3622,0.6236,0.4007,0.6653,0.4219,0.7058,0.4368,0.7457,0.4582,0.7779,0.5036,0.8182,0.5490,0.8893,0.6173,0.9423,0.6839,1.0025,0.7393,1.0546,0.7906,1.1039,0.8292,1.1503,0.8653,1.1951,0.9118,1.2346,0.9485,1.2752,0.9749,1.3163,0.9988,1.3572,1.0144,1.3979,1.0257,1.9651,1.3092,2.8745,1.8783,8.5746,5.8715
164,0.0000,0.0000,0.0001,0.0001,0.0005,0.0002,0.0010,0.0002,0.0014,0.0003,0.0067,0.0024,0.0361,0.0147,0.0738,0.0875,0.1146,0.1885,0.1468,0.2472,0.1877,0.3094,0.2584,0.3904,0.3101,0.4596,0.3704,0.5272,0.4211,0.6000,0.4706,0.6727,0.5207,0.7487,0.5674,0.8107,0.6061,0.8505,0.6460,0.8840,0.6864,0.9204,0.7269,0.9483,0.7675,0.9713,1.3485,1.2579,2.2730,1.8082,8.5004,4.8730
165,0.0604,0.0128,0.1216,0.0474,0.1760,0.1245,0.2316,0.2497,0.2779,0.3507,0.3290,0.4262,0.3700,0.5227,0.4103,0.5849,0.4509,0.6249,0.4818,0.6717,0.5218,0.7106,0.5921,0.7778,0.6432,0.8430,0.7034,0.8910,0.7540,0.9474,0.8038,0.9798,0.8533,0.9898,0.9013,0.9999,0.9405,1.0290,0.9803,1.0588,1.0205,1.0906,1.0607,1.1147,1.1010,1.1346,1.6724,1.4047,2.5915,1.9033,8.8483,4.8856
166,0.0019,0.0002,0.0039,0.0007,0.0079,0.0078,0.0174,0.0154,0.0315,0.0267,0.0760,0.0696,0.1150,0.3032,0.1554,0.4411,0.1961,0.5215,0.2267,0.5888,0.2669,0.6520,0.3371,0.7518,0.3878,0.8320,0.4479,0.8921,0.4982,0.9567,0.5479,0.9949,0.5976,1.0091,0.6460,1.0210,0.6853,1.0501,0.7252,1.0798,0.7654,1.1122,0.8057,1.1368,0.8460,1.1570,1.4271,1.3739,2.3488,1.8749,8.6884,4.7187
167,0.2896,0.1032,0.3707,0.2261,0.4328,0.3070,0.4937,0.3753,0.5442,0.4315,0.5959,0.4864,0.6372,0.5240,0.6778,0.5596,0.7181,0.5886,0.7494,0.6266,0.7896,0.6597,0.8601,0.7211,0.9120,0.7799,0.9725,0.8242,1.0237,0.8769,1.0736,0.9074,1.1230,0.9151,1.1703,0.9307,1.2094,0.9624,1.2493,0.9934,1.2898,1.0248,1.3301,1.0486,1.3705,1.0681,1.9389,1.3584,2.8574,1.8689,9.0149,5.0717
168,0.4512,0.2845,0.5323,0.3581,0.5940,0.4293,0.6546,0.4836,0.7049,0.5318,0.7562,0.5845,0.7972,0.6224,0.8376,0.6536,0.8779,0.6794,0.9088,0.7153,0.9488,0.7405,1.0192,0.7913,1.0706,0.8476,1.1310,0.8873,1.1818,0.9349,1.2317,0.9657,1.2810,0.9795,1.3288,0.9924,1.3681,1.0192,1.4080,1.0454,1.4484,1.0726,1.4887,1.0931,1.5290,1.1102,2.0912,1.4169,3.0080,1.9116,9.1767,5.0332
169,0.5088,0.3341,0.5890,0.4205,0.6498,0.4987,0.7098,0.5633,0.7601,0.6244,0.8110,0.6911,0.8517,0.7410,0.8924,0.7790,0.9329,0.8069,0.9635,0.8450,1.0034,0.8704,1.0736,0.9187,1.1248,0.9792,1.1851,1.0206,1.2356,1.0727,1.2856,1.1066,1.3349,1.1251,1.3832,1.1406,1.4224,1.1705,1.4620,1.1986,1.5025,1.2254,1.5431,1.2435,1.5836,1.2589,2.1495,1.5356,3.0636,1.9682,9.0483,5.0559
170,0.3121,0.1265,0.3888,0.2317,0.4469,0.2824,0.5042,0.3184,0.5542,0.4074,0.6044,0.4639,0.6446,0.5118,0.6852,0.5618,0.7260,0.6074,0.7565,0.6434,0.7960,0.6705,0.8660,0.7350,0.9167,0.8133,0.9767,0.8761,1.0265,0.9488,1.0762,0.9988,1.1256,1.0307,1.1741,1.0574,1.2128,1.0993,1.2516,1.1436,1.2920,1.1795,1.3331,1.2012,1.3738,1.2221,1.9490,1.5337,2.8675,1.9458,8.7210,4.9805
171,0.0633,0.0133,0.1193,0.0335,0.1723,0.0557,0.2295,0.0865,0.2789,0.1201,0.3289,0.1664,0.3688,0.2224,0.4093,0.3244,0.4499,0.4288,0.4802,0.4703,0.5195,0.4823,0.5896,0.5606,0.6401,0.6575,0.7000,0.7424,0.7495,0.8262,0.7992,0.8951,0.8485,0.9452,0.8970,0.9901,0.9356,1.0461,0.9740,1.1012,1.0145,1.1442,1.0560,1.1689,1.0970,1.1922,1.6789,1.5124,2.6010,1.9057,8.3914,4.9613
172,0.0013,0.0008,0.0074,0.0008,0.0166,0.0025,0.0310,0.0070,0.0538,0.0097,0.0895,0.0201,0.1235,0.0313,0.1607,0.0669,0.1994,0.1183,0.2292,0.1423,0.2682,0.1501,0.3373,0.2028,0.3867,0.2695,0.4456,0.3628,0.4942,0.4545,0.5441,0.5688,0.5940,0.6676,0.6433,0.7737,0.6821,0.8757,0.7201,0.9570,0.7608,1.0260,0.8029,1.0695,0.8440,1.1042,1.4305,1.4852,2.3556,1.8742,8.0964,4.9175
173,0.0000,0.0000,0.0000,0.0000,0.0000,0.0000,0.0000,0.0000,0.0000,0.0000,0.0000,0.0000,0.0000,0.0000,0.0000,0.0000,0.0000,0.0000,0.0000,0.0000,0.0000,0.0000,0.0000,0.0000,0.0005,0.0001,0.0019,0.0004,0.0042,0.0003,0.0088,0.0006,0.0177,0.0018,0.0309,0.0034,0.0470,0.0044,0.0660,0.0058,0.0887,0.0103,0.1112,0.0148,0.1355,0.0312,0.6032,0.5175,1.4727,1.1347,8.0798,4.1901
174,0.0001,0.0000,0.0012,0.0000,0.0026,0.0000,0.0037,0.0000,0.0046,0.0001,0.0056,0.0001,0.0065,0.0001,0.0072,0.0001,0.0079,0.0002,0.0085,0.0003,0.0090,0.0004,0.0098,0.0007,0.0205,0.0040,0.0478,0.0099,0.0855,0.0072,0.1196,0.0075,0.1562,0.0082,0.1923,0.0120,0.2246,0.0199,0.2564,0.0279,0.2890,0.0578,0.3178,0.0759,0.3452,0.1075,0.8205,0.5293,1.6872,1.3076,8.5415,3.8860
175,0.0000,0.0000,0.0000,0.0000,0.0001,0.0000,0.0008,0.0000,0.0018,0.0000,0.0029,0.0000,0.0038,0.0001,0.0055,0.0006,0.0082,0.0015,0.0115,0.0010,0.0143,0.0011,0.0186,0.0011,0.0229,0.0015,0.0290,0.0033,0.0507,0.0137,0.0824,0.0364,0.1193,0.0551,0.1556,0.0814,0.1881,0.1086,0.2198,0.1311,0.2519,0.1635,0.2802,0.1959,0.3070,0.2330,0.7728,0.7159,1.6453,1.3173,8.1560,4.5697
176,0.0086,0.0000,0.0418,0.0002,0.0731,0.0004,0.0986,0.0007,0.1226,0.0022,0.1552,0.0034,0.1809,0.0038,0.2063,0.0055,0.2299,0.0075,0.2498,0.0107,0.2668,0.0180,0.2939,0.0357,0.3201,0.0526,0.3531,0.0635,0.3915,0.0720,0.4264,0.0812,0.4638,0.0877,0.5008,0.0931,0.5336,0.1027,0.5654,0.1124,0.5981,0.1284,0.6269,0.1500,0.6544,0.1785,1.1295,0.6709,1.9979,1.4118,8.8540,3.9490
177,0.0000,0.0000,0.0000,0.0000,0.0000,0.0000,0.0000,0.0000,0.0015,0.0006,0.0054,0.0009,0.0104,0.0009,0.0177,0.0013,0.0239,0.0010,0.0295,0.0009,0.0355,0.0023,0.0475,0.0024,0.0586,0.0022,0.0706,0.0025,0.0875,0.0037,0.1036,0.0073,0.1232,0.0124,0.1435,0.0204,0.1619,0.0341,0.1811,0.0512,0.2029,0.0817,0.2227,0.0942,0.2443,0.2175,0.7009,0.8957,1.5707,1.6178,8.4881,3.8792
178,0.0000,0.0000,0.0001,0.0000,0.0022,0.0003,0.0045,0.0002,0.0066,0.0002,0.0109,0.0019,0.0179,0.0079,0.0265,0.0022,0.0358,0.0155,0.0499,0.0078,0.0633,0.0070,0.0877,0.0128,0.1103,0.0281,0.1322,0.0658,0.1549,0.1504,0.1850,0.2977,0.2139,0.5369,0.2431,0.6276,0.2717,0.7174,0.2996,0.7888,0.3287,0.8186,0.3548,0.8453,0.3801,0.8708,0.8389,1.2697,1.7107,1.9528,8.4541,4.3547
179,0.0000,0.0000,0.0000,0.0000,0.0001,0.0000,0.0029,0.0004,0.0063,0.0004,0.0100,0.0003,0.0131,0.0003,0.0159,0.0003,0.0185,0.0015,0.0213,0.0005,0.0239,0.0005,0.0287,0.0007,0.0332,0.0012,0.0376,0.0025,0.0421,0.0067,0.0538,0.0913,0.0708,0.1976,0.0887,0.3436,0.1117,0.5390,0.1359,0.5797,0.1635,0.7579,0.1885,0.8239,0.2136,0.8707,0.6760,1.1704,1.5491,1.8594,8.3502,4.1967
180,0.0000,0.0000,0.0007,0.0000,0.0109,0.0001,0.0256,0.0003,0.0424,0.0006,0.0673,0.0027,0.0938,0.0055,0.1210,0.0078,0.1475,0.0110,0.1721,0.0164,0.1933,0.0284,0.2243,0.0582,0.2515,0.0843,0.2865,0.0972,0.3267,0.1104,0.3618,0.1421,0.3986,0.1800,0.4345,0.2364,0.4669,0.2736,0.4984,0.3190,0.5303,0.3631,0.5585,0.4061,0.5851,0.4441,1.0509,0.9230,1.9229,1.5568,8.5310,4.5150
181,0.0000,0.0000,0.0000,0.0000,0.0000,0.0000,0.0000,0.0000,0.0002,0.0001,0.0014,0.0005,0.0036,0.0007,0.0067,0.0008,0.0116,0.0021,0.0202,0.0039,0.0305,0.0104,0.0552,0.0326,0.0786,0.0858,0.1073,0.1173,0.1410,0.1443,0.1726,0.1799,0.2058,0.2742,0.2381,0.3637,0.2682,0.4319,0.2980,0.4857,0.3289,0.5544,0.3564,0.6019,0.3824,0.6533,0.8475,1.1214,1.7202,1.7833,8.3860,4.4555
182,0.0000,0.0000,0.0000,0.0000,0.0005,0.0000,0.0008,0.0000,0.0018,0.0000,0.0029,0.0001,0.0042,0.0001,0.0054,0.0002,0.0073,0.0010,0.0095,0.0010,0.0116,0.0020,0.0275,0.0167,0.0529,0.0094,0.0827,0.0301,0.1187,0.0631,0.1522,0.1038,0.1848,0.1574,0.2154,0.2022,0.2450,0.2452,0.2741,0.2921,0.3048,0.3616,0.3326,0.4585,0.3581,0.5652,0.8206,1.0799,1.6997,1.6130,8.2256,4.5811
183,0.0000,0.0000,0.0000,0.0000,0.0000,0.0000,0.0000,0.0000,0.0000,0.0000,0.0000,0.0000,0.0000,0.0000,0.0000,0.0000,0.0000,0.0000,0.0000,0.0000,0.0000,0.0000,0.0000,0.0000,0.0000,0.0000,0.0000,0.0000,0.0014,0.0017,0.0089,0.0030,0.0206,0.0048,0.0392,0.0152,0.0632,0.0565,0.0885,0.1176,0.1156,0.1756,0.1412,0.2561,0.1667,0.3428,0.6308,0.8298,1.5030,1.3820,7.9600,4.5414
184,0.0000,0.0000,0.0000,0.0000,0.0000,0.0000,0.0000,0.0000,0.0000,0.0000,0.0000,0.0000,0.0000,0.0000,0.0000,0.0000,0.0000,0.0000,0.0000,0.0000,0.0000,0.0000,0.0017,0.0001,0.0062,0.0002,0.0122,0.0005,0.0209,0.0017,0.0297,0.0013,0.0377,0.0013,0.0453,0.0023,0.0544,0.0100,0.0635,0.0212,0.0764,0.0591,0.0882,0.0897,0.1112,0.1674,0.5752,0.8782,1.4536,1.4401,7.9587,4.2596
185,0.0000,0.0000,0.0000,0.0000,0.0000,0.0000,0.0001,0.0001,0.0006,0.0010,0.0015,0.0005,0.0030,0.0013,0.0045,0.0006,0.0069,0.0017,0.0098,0.0040,0.0180,0.0144,0.0393,0.0473,0.0654,0.1073,0.0953,0.1683,0.1311,0.2320,0.1664,0.3147,0.2012,0.4436,0.2318,0.5905,0.2601,0.6869,0.2879,0.7458,0.3168,0.7978,0.3416,0.8517,0.3668,0.9464,0.8057,1.5762,1.7289,1.9083,8.3425,4.4594
186,0.0000,0.0000,0.0000,0.0000,0.0000,0.0000,0.0000,0.0000,0.0000,0.0000,0.0009,0.0015,0.0032,0.0082,0.0082,0.0050,0.0142,0.0076,0.0219,0.0044,0.0365,0.0065,0.0648,0.0292,0.0974,0.0467,0.1287,0.0610,0.1601,0.0869,0.1860,0.1408,0.2096,0.2314,0.2368,0.2692,0.2648,0.4320,0.2902,0.5294,0.3190,0.6292,0.3455,0.7255,0.3708,0.7863,0.8253,1.5996,1.7549,2.0109,8.3337,4.5749
187,0.0000,0.0000,0.0000,0.0000,0.0000,0.0000,0.0000,0.0000,0.0000,0.0000,0.0006,0.0011,0.0015,0.0002,0.0024,0.0002,0.0031,0.0002,0.0039,0.0002,0.0045,0.0002,0.0060,0.0007,0.0076,0.0012,0.0095,0.0022,0.0123,0.0054,0.0163,0.0090,0.0256,0.0348,0.0429,0.0596,0.0643,0.0751,0.0863,0.1148,0.1147,0.2207,0.1391,0.3512,0.1625,0.4799,0.6097,1.4909,1.5440,1.8892,8.1444,4.3862
188,0.0000,0.0000,0.0000,0.0000,0.0000,0.0000,0.0000,0.0000,0.0000,0.0000,0.0000,0.0000,0.0000,0.0000,0.0000,0.0000,0.0000,0.0000,0.0000,0.0000,0.0000,0.0000,0.0000,0.0000,0.0000,0.0000,0.0000,0.0000,0.0000,0.0000,0.0000,0.0000,0.0002,0.0011,0.0007,0.0017,0.0018,0.0003,0.0080,0.0058,0.0227,0.0101,0.0402,0.0194,0.0609,0.0391,0.5115,1.0578,1.4536,1.6271,8.1007,3.9650
189,0.0000,0.0000,0.0000,0.0000,0.0000,0.0000,0.0000,0.0000,0.0001,0.0002,0.0016,0.0013,0.0031,0.0003,0.0044,0.0003,0.0057,0.0003,0.0069,0.0004,0.0098,0.0054,0.0214,0.0370,0.0390,0.0126,0.0660,0.0330,0.0988,0.0538,0.1266,0.0733,0.1533,0.1065,0.1784,0.1741,0.2035,0.2692,0.2269,0.3405,0.2515,0.3824,0.2722,0.3952,0.2913,0.4011,0.6435,1.4299,1.5227,2.1344,7.1102,5.6549
190,0.0000,0.0000,0.0000,0.0000,0.0001,0.0003,0.0003,0.0001,0.0007,0.0003,0.0014,0.0006,0.0021,0.0005,0.0027,0.0006,0.0033,0.0010,0.0038,0.0013,0.0044,0.0024,0.0129,0.0080,0.0242,0.0474,0.0492,0.0932,0.0841,0.1982,0.1150,0.3633,0.1428,0.4857,0.1723,0.6189,0.2004,0.7276,0.2272,0.8313,0.2546,0.9203,0.2792,0.9892,0.3029,1.0460,0.6661,1.7496,1.3878,2.0799,5.6196,5.9318
191,0.0000,0.0000,0.0000,0.0000,0.0000,0.0000,0.0000,0.0000,0.0000,0.0000,0.0000,0.0000,0.0000,0.0000,0.0000,0.0000,0.0000,0.0000,0.0000,0.0000,0.0000,0.0000,0.0000,0.0000,0.0000,0.0000,0.0005,0.0005,0.0148,0.0073,0.0399,0.0202,0.0657,0.0766,0.0940,0.2222,0.1225,0.3227,0.1505,0.4583,0.1791,0.5231,0.2050,0.5758,0.2298,0.6236,0.6038,0.9543,1.3046,0.5944,5.4125,2.7995
192,0.0000,0.0000,0.0000,0.0000,0.0000,0.0000,0.0000,0.0000,0.0000,0.0000,0.0000,0.0000,0.0000,0.0000,0.0000,0.0000,0.0000,0.0000,0.0000,0.0000,0.0000,0.0000,0.0003,0.0000,0.0007,0.0001,0.0015,0.0002,0.0054,0.0012,0.0125,0.0019,0.0237,0.0061,0.0367,0.0086,0.0544,0.0175,0.0738,0.0350,0.0951,0.0445,0.1160,0.0556,0.1344,0.0624,0.5067,0.7883,1.3334,1.4023,6.5581,3.1078
193,0.0000,0.0000,0.0001,0.0001,0.0002,0.0001,0.0003,0.0007,0.0005,0.0003,0.0007,0.0006,0.0009,0.0007,0.0011,0.0008,0.0013,0.0010,0.0015,0.0020,0.0017,0.0024,0.0021,0.0044,0.0024,0.0076,0.0028,0.0102,0.0040,0.0158,0.0146,0.0306,0.0355,0.1124,0.0598,0.2070,0.0852,0.3195,0.1142,0.4510,0.1445,0.5904,0.1712,0.7278,0.1984,0.8380,0.6494,1.6555,1.3816,1.2106,5.5442,4.3106
194,0.0064,0.0005,0.0086,0.0007,0.0105,0.0009,0.0124,0.0012,0.0142,0.0016,0.0162,0.0023,0.0179,0.0032,0.0195,0.0046,0.0210,0.0066,0.0223,0.0096,0.0238,0.0145,0.0265,0.0303,0.0351,0.0523,0.0611,0.0708,0.0951,0.0748,0.1326,0.0843,0.1669,0.1188,0.2012,0.2588,0.2396,0.4116,0.2778,0.5437,0.3166,0.6795,0.3534,0.8085,0.3901,0.9164,0.9223,1.6200,1.6704,1.7571,5.9749,4.7418
195,0.0000,0.0000,0.0000,0.0000,0.0000,0.0000,0.0000,0.0000,0.0000,0.0000,0.0000,0.0000,0.0000,0.0000,0.0000,0.0000,0.0000,0.0000,0.0000,0.0000,0.0000,0.0000,0.0000,0.0000,0.0000,0.0000,0.0000,0.0004,0.0010,0.0004,0.0041,0.0003,0.0072,0.0007,0.0128,0.0147,0.0251,0.0119,0.0398,0.0260,0.0590,0.0538,0.0804,0.1223,0.1084,0.1266,0.6084,1.0117,1.3509,0.6243,5.5724,1.8198
196,0.0000,0.0000,0.0000,0.0000,0.0002,0.0001,0.0007,0.0000,0.0012,0.0000,0.0017,0.0000,0.0020,0.0001,0.0060,0.0030,0.0125,0.0032,0.0185,0.0025,0.0299,0.0143,0.0712,0.0417,0.1215,0.1204,0.1790,0.1795,0.2298,0.2443,0.2776,0.3326,0.3239,0.3982,0.3709,0.4520,0.4092,0.5001,0.4474,0.5503,0.4870,0.6062,0.5277,0.6718,0.5686,0.7329,1.1255,1.4235,1.9611,1.9172,6.5032,4.6252
197,0.0000,0.0000,0.0000,0.0000,0.0000,0.0000,0.0000,0.0000,0.0000,0.0000,0.0000,0.0000,0.0000,0.0000,0.0000,0.0000,0.0000,0.0000,0.0000,0.0000,0.0004,0.0014,0.0049,0.0033,0.0196,0.0126,0.0466,0.0091,0.0832,0.0384,0.1271,0.1027,0.1744,0.1271,0.2211,0.1878,0.2593,0.2567,0.2977,0.3496,0.3366,0.3997,0.3765,0.4457,0.4167,0.5050,0.9745,1.2603,1.8227,1.7076,6.4801,4.1276
198,0.0000,0.0000,0.0000,0.0000,0.0012,0.0004,0.0032,0.0002,0.0048,0.0002,0.0065,0.0003,0.0077,0.0008,0.0099,0.0043,0.0133,0.0067,0.0317,0.0127,0.0527,0.0179,0.0913,0.0431,0.1311,0.2329,0.1951,0.3246,0.2454,0.4425,0.2962,0.5539,0.3428,0.6229,0.3888,0.6678,0.4285,0.6982,0.4692,0.7372,0.5084,0.7777,0.5467,0.8056,0.5852,0.8332,1.1473,1.4255,2.0503,1.8795,7.0994,4.8807
199,0.0000,0.0000,0.0000,0.0000,0.0000,0.0000,0.0000,0.0000,0.0000,0.0000,0.0000,0.0000,0.0000,0.0000,0.0000,0.0000,0.0000,0.0000,0.0000,0.0000,0.0000,0.0000,0.0000,0.0000,0.0000,0.0000,0.0000,0.0000,0.0033,0.0011,0.0204,0.0166,0.0508,0.0124,0.0886,0.0374,0.1246,0.0756,0.1622,0.1070,0.2009,0.1419,0.2419,0.1718,0.2830,0.2296,0.8385,0.9713,1.6524,1.1414,6.0831,2.6625
200,0.0000,0.0000,0.0000,0.0000,0.0000,0.0000,0.0000,0.0000,0.0000,0.0000,0.0000,0.0000,0.0000,0.0000,0.0000,0.0000,0.0000,0.0000,0.0000,0.0000,0.0000,0.0000,0.0000,0.0000,0.0000,0.0000,0.0000,0.0000,0.0000,0.0000,0.0020,0.0013,0.0052,0.0004,0.0084,0.0006,0.0118,0.0029,0.0153,0.0040,0.0265,0.0488,0.0675,0.0663,0.1063,0.0911,0.7047,1.1618,1.6379,1.7344,7.1379,4.8161
201,0.0000,0.0000,0.0000,0.0000,0.0000,0.0000,0.0000,0.0000,0.0000,0.0000,0.0000,0.0000,0.0000,0.0000,0.0000,0.0000,0.0000,0.0000,0.0000,0.0000,0.0000,0.0000,0.0000,0.0000,0.0000,0.0000,0.0000,0.0000,0.0005,0.0001,0.0014,0.0007,0.0030,0.0003,0.0048,0.0006,0.0064,0.0015,0.0266,0.0285,0.0543,0.0145,0.0825,0.0193,0.1145,0.0430,0.6696,0.9518,1.5650,1.4771,6.3925,3.3625
202,0.0000,0.0000,0.0000,0.0000,0.0000,0.0000,0.0042,0.0030,0.0088,0.0002,0.0319,0.0032,0.0528,0.0019,0.0788,0.0111,0.1104,0.0068,0.1346,0.0078,0.1738,0.0112,0.2431,0.0175,0.2923,0.0293,0.3491,0.0480,0.3959,0.0676,0.4430,0.1123,0.4913,0.2218,0.5400,0.4053,0.5780,0.5796,0.6152,0.7020,0.6545,0.8134,0.6960,0.8953,0.7365,0.9540,1.3313,1.4065,2.2600,1.8303,8.0819,4.8119
203,0.0000,0.0000,0.0000,0.0000,0.0000,0.0000,0.0000,0.0000,0.0002,0.0001,0.0005,0.0001,0.0009,0.0005,0.0049,0.0116,0.0169,0.0101,0.0286,0.0097,0.0444,0.0165,0.0865,0.1538,0.1370,0.2455,0.1952,0.3431,0.2462,0.5310,0.2946,0.6460,0.3415,0.7373,0.3875,0.8404,0.4261,0.9154,0.4669,0.9621,0.5078,1.0199,0.5482,1.0564,0.5886,1.0832,1.1615,1.5451,2.0785,1.9409,7.4751,5.0333
204,0.0000,0.0000,0.0000,0.0000,0.0000,0.0000,0.0000,0.0000,0.0000,0.0000,0.0007,0.0001,0.0013,0.0000,0.0022,0.0006,0.0036,0.0002,0.0046,0.0002,0.0062,0.0002,0.0114,0.0066,0.0183,0.0016,0.0311,0.0088,0.0541,0.0514,0.0847,0.0896,0.1193,0.1386,0.1586,0.2111,0.1919,0.2912,0.2273,0.4131,0.2660,0.5832,0.3068,0.7005,0.3481,0.7524,0.9333,1.3978,1.8585,1.8584,7.3123,4.8858
205,0.0000,0.0000,0.0000,0.0000,0.0000,0.0000,0.0000,0.0000,0.0000,0.0000,0.0000,0.0000,0.0000,0.0000,0.0000,0.0000,0.0000,0.0000,0.0000,0.0000,0.0000,0.0000,0.0000,0.0000,0.0000,0.0000,0.0000,0.0000,0.0000,0.0000,0.0000,0.0000,0.0003,0.0001,0.0019,0.0008,0.0060,0.0013,0.0176,0.0056,0.0369,0.0154,0.0645,0.0274,0.1001,0.0464,0.6483,0.6385,1.4546,0.5423,5.8296,0.7651
206,0.0000,0.0000,0.0000,0.0000,0.0000,0.0000,0.0000,0.0000,0.0000,0.0000,0.0000,0.0000,0.0000,0.0000,0.0000,0.0000,0.0000,0.0000,0.0000,0.0000,0.0000,0.0000,0.0000,0.0000,0.0000,0.0000,0.0000,0.0000,0.0000,0.0000,0.0000,0.0000,0.0000,0.0000,0.0000,0.0000,0.0000,0.0000,0.0002,0.0000,0.0004,0.0002,0.0012,0.0001,0.0031,0.0012,0.4088,0.8748,1.3298,1.5363,6.4085,3.8990
207,0.0000,0.0000,0.0000,0.0000,0.0000,0.0000,0.0000,0.0000,0.0000,0.0000,0.0000,0.0000,0.0000,0.0000,0.0000,0.0000,0.0000,0.0000,0.0000,0.0000,0.0000,0.0000,0.0000,0.0000,0.0000,0.0000,0.0000,0.0000,0.0012,0.0000,0.0071,0.0000,0.0151,0.0002,0.0262,0.0008,0.0362,0.0009,0.0479,0.0023,0.0600,0.0027,0.0781,0.0056,0.1027,0.0071,0.6565,0.7317,1.5873,1.3830,6.6299,3.7413
208,0.0000,0.0000,0.0000,0.0000,0.0000,0.0000,0.0000,0.0000,0.0000,0.0000,0.0000,0.0000,0.0000,0.0000,0.0000,0.0000,0.0000,0.0000,0.0000,0.0000,0.0000,0.0000,0.0000,0.0000,0.0000,0.0000,0.0000,0.0000,0.0186,0.0000,0.0646,0.0003,0.1140,0.0012,0.1613,0.0021,0.1995,0.0026,0.2383,0.0043,0.2758,0.0072,0.3132,0.0115,0.3511,0.0163,0.9243,0.9149,1.8533,1.3209,6.9031,3.7432
209,0.0000,0.0000,0.0000,0.0000,0.0000,0.0000,0.0000,0.0000,0.0000,0.0000,0.0000,0.0000,0.0000,0.0000,0.0000,0.0000,0.0000,0.0000,0.0000,0.0000,0.0000,0.0000,0.0000,0.0000,0.0000,0.0000,0.0000,0.0000,0.0004,0.0000,0.0020,0.0000,0.0042,0.0000,0.0069,0.0001,0.0167,0.0003,0.0374,0.0004,0.0601,0.0018,0.0910,0.0038,0.1220,0.0056,0.6801,0.6747,1.5919,0.9047,6.4491,1.7750
210,0.0000,0.0000,0.0000,0.0000,0.0001,0.0000,0.0002,0.0000,0.0002,0.0000,0.0005,0.0001,0.0008,0.0002,0.0025,0.0056,0.0083,0.0099,0.0180,0.0072,0.0280,0.0064,0.0501,0.0097,0.0731,0.0216,0.1000,0.0587,0.1332,0.1281,0.1658,0.1644,0.1974,0.1976,0.2275,0.2324,0.2564,0.2624,0.2846,0.2940,0.3146,0.3242,0.3412,0.3596,0.3670,0.3896,0.8256,0.6736,1.7119,1.4112,8.5565,3.9634
211,0.0000,0.0000,0.0000,0.0000,0.0000,0.0000,0.0000,0.0000,0.0000,0.0000,0.0000,0.0000,0.0000,0.0000,0.0000,0.0000,0.0000,0.0000,0.0000,0.0000,0.0001,0.0000,0.0002,0.0000,0.0003,0.0000,0.0008,0.0006,0.0038,0.0076,0.0112,0.0023,0.0228,0.0052,0.0352,0.0057,0.0499,0.0094,0.0673,0.0172,0.0916,0.0311,0.1144,0.0404,0.1374,0.0455,0.5911,0.2645,1.4767,0.9764,8.3286,3.8956
212,0.0001,0.0000,0.0001,0.0000,0.0001,0.0000,0.0001,0.0000,0.0001,0.0000,0.0002,0.0000,0.0002,0.0000,0.0002,0.0000,0.0002,0.0000,0.0037,0.0064,0.0083,0.0104,0.0250,0.0062,0.0516,0.0516,0.0860,0.1525,0.1250,0.2285,0.1608,0.3461,0.1946,0.4042,0.2258,0.4444,0.2557,0.4871,0.2847,0.5207,0.3147,0.5490,0.3418,0.5709,0.3678,0.5896,0.8426,0.9961,1.7403,1.5292,8.5067,4.1617
213,0.0000,0.0000,0.0000,0.0000,0.0000,0.0000,0.0000,0.0000,0.0000,0.0000,0.0000,0.0000,0.0000,0.0000,0.0000,0.0000,0.0000,0.0000,0.0031,0.0069,0.0069,0.0137,0.0203,0.0103,0.0395,0.0068,0.0594,0.0057,0.0845,0.0081,0.1081,0.0076,0.1312,0.0105,0.1526,0.0127,0.1751,0.0170,0.1967,0.0203,0.2190,0.0244,0.2391,0.0283,0.2585,0.0327,0.7129,0.7511,1.6122,1.2806,8.3765,4.1299
214,0.0000,0.0000,0.0000,0.0000,0.0000,0.0000,0.0000,0.0000,0.0002,0.0009,0.0018,0.0012,0.0034,0.0008,0.0050,0.0006,0.0064,0.0006,0.0092,0.0019,0.0134,0.0043,0.0221,0.0035,0.0345,0.0162,0.0505,0.0465,0.0838,0.1248,0.1171,0.2807,0.1487,0.2416,0.1789,0.1940,0.2081,0.1657,0.2368,0.2025,0.2668,0.2356,0.2939,0.2588,0.3199,0.2757,0.7971,0.9372,1.6992,1.4900,8.4874,4.0845
215,0.0040,0.0012,0.0115,0.0020,0.0185,0.0010,0.0248,0.0007,0.0297,0.0007,0.0345,0.0008,0.0391,0.0009,0.0435,0.0010,0.0474,0.0013,0.0510,0.0017,0.0546,0.0023,0.0611,0.0041,0.0673,0.0084,0.0765,0.0193,0.0872,0.0301,0.1005,0.0625,0.1139,0.0703,0.1283,0.1077,0.1486,0.1398,0.1709,0.1964,0.1951,0.2197,0.2206,0.2825,0.2457,0.2905,0.7040,1.1904,1.6049,1.7822,8.3458,4.3759
216,0.0000,0.0000,0.0000,0.0000,0.0001,0.0001,0.0003,0.0000,0.0004,0.0000,0.0005,0.0000,0.0007,0.0000,0.0008,0.0000,0.0008,0.0000,0.0010,0.0001,0.0012,0.0001,0.0015,0.0001,0.0018,0.0003,0.0026,0.0015,0.0072,0.0039,0.0153,0.0263,0.0251,0.0075,0.0350,0.0108,0.0490,0.0132,0.0641,0.0328,0.0810,0.0245,0.0999,0.0535,0.1186,0.0642,0.5701,0.9033,1.4728,1.5586,8.2549,4.1904
217,0.0000,0.0000,0.0004,0.0000,0.0014,0.0003,0.0027,0.0008,0.0041,0.0010,0.0065,0.0019,0.0113,0.0038,0.0148,0.0029,0.0179,0.0035,0.0237,0.0085,0.0288,0.0068,0.0376,0.0088,0.0562,0.0126,0.0742,0.0120,0.0936,0.0132,0.1110,0.0154,0.1291,0.0192,0.1463,0.0258,0.1638,0.0369,0.1847,0.0606,0.2080,0.0565,0.2294,0.0657,0.2506,0.0750,0.6402,0.5165,1.5206,2.1273,7.7159,5.6334
218,0.0000,0.0000,0.0000,0.0000,0.0001,0.0001,0.0004,0.0001,0.0006,0.0001,0.0008,0.0001,0.0011,0.0001,0.0013,0.0001,0.0014,0.0000,0.0015,0.0001,0.0017,0.0003,0.0020,0.0016,0.0259,0.0337,0.0533,0.0133,0.0823,0.0114,0.1077,0.0120,0.1313,0.0161,0.1530,0.0264,0.1756,0.0593,0.1982,0.0816,0.2218,0.1198,0.2436,0.1613,0.2667,0.2104,0.6485,0.9159,1.4974,2.4308,7.1837,6.5107
219,0.0000,0.0000,0.0000,0.0000,0.0000,0.0000,0.0001,0.0001,0.0003,0.0000,0.0007,0.0004,0.0021,0.0002,0.0047,0.0017,0.0067,0.0016,0.0083,0.0018,0.0101,0.0022,0.0141,0.0095,0.0377,0.0555,0.0654,0.0379,0.0936,0.0355,0.1180,0.0366,0.1398,0.0393,0.1595,0.0426,0.1775,0.0493,0.1935,0.0537,0.2086,0.0629,0.2231,0.0745,0.2376,0.0900,0.6399,1.0478,1.4755,2.3911,7.2610,6.1892
220,0.0000,0.0000,0.0000,0.0000,0.0000,0.0000,0.0000,0.0000,0.0001,0.0001,0.0005,0.0001,0.0008,0.0001,0.0011,0.0001,0.0012,0.0001,0.0023,0.0018,0.0071,0.0100,0.0242,0.0075,0.0571,0.0085,0.0824,0.0091,0.1064,0.0119,0.1261,0.0171,0.1432,0.0253,0.1585,0.0385,0.1725,0.0590,0.1851,0.0889,0.1972,0.1346,0.2092,0.1920,0.2202,0.2568,0.6115,0.8941,1.4349,2.4336,7.2677,6.3572
221,0.0000,0.0000,0.0000,0.0000,0.0000,0.0000,0.0000,0.0000,0.0000,0.0000,0.0000,0.0000,0.0000,0.0000,0.0010,0.0034,0.0081,0.0659,0.0233,0.1051,0.0370,0.0440,0.0735,0.0115,0.1109,0.0176,0.1380,0.0281,0.1663,0.0451,0.1907,0.0658,0.2120,0.0942,0.2333,0.1367,0.2551,0.2005,0.2769,0.2966,0.2996,0.4559,0.3206,0.6746,0.3411,0.9490,0.7921,1.6474,1.6098,2.6807,6.5783,7.4158
222,0.0000,0.0000,0.0000,0.0000,0.0000,0.0000,0.0000,0.0000,0.0003,0.0000,0.0013,0.0001,0.0066,0.0004,0.0125,0.0043,0.0224,0.0041,0.0308,0.0067,0.0426,0.0348,0.0709,0.0667,0.0979,0.0938,0.1165,0.1584,0.1410,0.1855,0.1647,0.2097,0.1878,0.2280,0.2104,0.2466,0.2338,0.2706,0.2588,0.3004,0.2857,0.3437,0.3127,0.4194,0.3419,0.5558,0.8275,1.3220,1.7222,2.2578,7.5531,5.9369
223,0.0000,0.0000,0.0000,0.0000,0.0000,0.0000,0.0000,0.0000,0.0000,0.0000,0.0000,0.0000,0.0000,0.0000,0.0003,0.0011,0.0013,0.0054,0.0027,0.0055,0.0044,0.0046,0.0101,0.0091,0.0172,0.0031,0.0237,0.0272,0.0322,0.0091,0.0394,0.0074,0.0469,0.0089,0.0546,0.0122,0.0642,0.0192,0.0774,0.0332,0.0918,0.0493,0.1061,0.0810,0.1275,0.1510,0.5946,0.6938,1.4811,2.2371,7.1325,6.0712
224,0.0000,0.0000,0.0000,0.0000,0.0000,0.0000,0.0003,0.0001,0.0010,0.0002,0.0015,0.0002,0.0021,0.0003,0.0087,0.0031,0.0256,0.0216,0.0406,0.0931,0.0578,0.1105,0.0908,0.2665,0.1217,0.3978,0.1499,0.4622,0.1806,0.4203,0.2080,0.4448,0.2338,0.4940,0.2586,0.5433,0.2827,0.5863,0.3074,0.6304,0.3339,0.6716,0.3596,0.7022,0.3864,0.7114,0.8682,1.0776,1.7229,2.2697,7.3609,6.5485
225,0.0000,0.0000,0.0000,0.0000,0.0000,0.0000,0.0000,0.0000,0.0001,0.0003,0.0003,0.0001,0.0005,0.0005,0.0006,0.0003,0.0040,0.0013,0.0075,0.0052,0.0158,0.0082,0.0417,0.0218,0.0814,0.1040,0.1154,0.3491,0.1417,0.5494,0.1679,0.6851,0.1923,0.7667,0.2173,0.8229,0.2431,0.8769,0.2703,0.9312,0.2992,0.9816,0.3263,1.0258,0.3530,1.0695,0.8769,1.3269,1.7159,2.4098,7.1736,6.8400
226,0.0000,0.0000,0.0000,0.0000,0.0001,0.0004,0.0002,0.0002,0.0003,0.0001,0.0017,0.0008,0.0028,0.0004,0.0041,0.0007,0.0057,0.0006,0.0079,0.0054,0.0106,0.0022,0.0161,0.0028,0.0278,0.0070,0.0461,0.0245,0.0603,0.0392,0.0914,0.1790,0.1160,0.2973,0.1443,0.4940,0.1772,0.6406,0.2145,0.6406,0.2518,0.6883,0.2855,0.7523,0.3180,0.8076,0.8522,1.3740,1.6718,2.5005,6.1715,8.1868
227,0.0000,0.0000,0.0000,0.0000,0.0000,0.0000,0.0000,0.0000,0.0000,0.0000,0.0000,0.0000,0.0000,0.0000,0.0000,0.0000,0.0000,0.0000,0.0000,0.0000,0.0000,0.0000,0.0001,0.0000,0.0002,0.0000,0.0011,0.0133,0.0029,0.0034,0.0114,0.0216,0.0190,0.0081,0.0248,0.0196,0.0377,0.0158,0.0552,0.0195,0.0753,0.0357,0.0958,0.0496,0.1166,0.0741,0.6342,0.7466,1.4526,2.4072,6.4641,7.3317
228,0.0000,0.0000,0.0000,0.0000,0.0000,0.0000,0.0000,0.0000,0.0000,0.0000,0.0000,0.0000,0.0007,0.0010,0.0149,0.0053,0.0373,0.0209,0.0628,0.0114,0.0920,0.0119,0.1445,0.0124,0.1863,0.0116,0.2320,0.0155,0.2754,0.0388,0.3223,0.1462,0.3659,0.5496,0.3981,0.8608,0.4311,0.9671,0.4642,1.0660,0.5093,1.0926,0.5532,1.1391,0.5914,1.2059,1.1344,1.6947,1.9495,2.5934,5.9318,8.7773
229,0.0000,0.0000,0.0000,0.0000,0.0000,0.0000,0.0000,0.0000,0.0000,0.0000,0.0000,0.0000,0.0000,0.0000,0.0000,0.0000,0.0000,0.0000,0.0000,0.0000,0.0000,0.0000,0.0000,0.0000,0.0000,0.0000,0.0000,0.0000,0.0000,0.0000,0.0007,0.0011,0.0090,0.0043,0.0226,0.0106,0.0454,0.0700,0.0731,0.1316,0.1077,0.2634,0.1434,0.3463,0.1800,0.3841,0.7126,1.0600,1.5481,2.5284,5.9103,7.8279
230,0.0000,0.0000,0.0000,0.0000,0.0000,0.0000,0.0000,0.0000,0.0000,0.0000,0.0000,0.0000,0.0000,0.0000,0.0000,0.0000,0.0000,0.0000,0.0000,0.0000,0.0000,0.0000,0.0000,0.0000,0.0000,0.0000,0.0000,0.0000,0.0000,0.0000,0.0018,0.0119,0.0159,0.0602,0.0410,0.0560,0.0651,0.2944,0.0954,0.5361,0.1335,0.5934,0.1722,0.6396,0.2098,0.7056,0.7438,1.5606,1.5594,2.6035,5.3821,8.7825
231,0.0000,0.0000,0.0000,0.0000,0.0000,0.0000,0.0000,0.0000,0.0000,0.0000,0.0002,0.0000,0.0010,0.0001,0.0034,0.0004,0.0064,0.0011,0.0094,0.0005,0.0127,0.0004,0.0213,0.0009,0.0314,0.0022,0.0445,0.0022,0.0611,0.0072,0.0845,0.0147,0.1153,0.0899,0.1528,0.1501,0.1848,0.3325,0.2169,0.4883,0.2551,0.4509,0.2953,0.4494,0.3354,0.4787,0.8827,1.5328,1.7181,2.4568,5.9912,8.1423
232,0.0000,0.0000,0.0000,0.0000,0.0000,0.0000,0.0000,0.0000,0.0000,0.0000,0.0000,0.0000,0.0000,0.0000,0.0000,0.0000,0.0000,0.0000,0.0000,0.0000,0.0000,0.0000,0.0000,0.0000,0.0000,0.0000,0.0000,0.0000,0.0000,0.0000,0.0001,0.0001,0.0023,0.0002,0.0150,0.0022,0.0437,0.0071,0.0683,0.0174,0.0980,0.0412,0.1290,0.0504,0.1614,0.0547,0.6902,0.3448,1.5517,2.1241,6.4967,6.7001
233,0.0000,0.0000,0.0000,0.0000,0.0000,0.0000,0.0000,0.0000,0.0000,0.0000,0.0000,0.0000,0.0000,0.0000,0.0000,0.0000,0.0000,0.0000,0.0000,0.0000,0.0000,0.0000,0.0000,0.0000,0.0000,0.0000,0.0000,0.0000,0.0000,0.0000,0.0000,0.0000,0.0039,0.0004,0.0125,0.0024,0.0281,0.0113,0.0489,0.0199,0.0748,0.0267,0.1047,0.0367,0.1384,0.0525,0.6823,0.1683,1.6009,1.4489,7.3841,5.0819
234,0.0000,0.0000,0.0000,0.0000,0.0000,0.0000,0.0000,0.0000,0.0000,0.0000,0.0000,0.0000,0.0000,0.0000,0.0079,0.0020,0.0226,0.0028,0.0409,0.0046,0.0666,0.0080,0.1236,0.0219,0.1726,0.0519,0.2242,0.1087,0.2699,0.1643,0.3123,0.2113,0.3591,0.2845,0.4084,0.4616,0.4459,0.5283,0.4784,0.5385,0.5105,0.5275,0.5451,0.5592,0.5836,0.6348,1.1460,1.4058,2.0233,2.1823,7.4465,6.6171
235,0.0000,0.0000,0.0000,0.0000,0.0000,0.0000,0.0000,0.0000,0.0000,0.0000,0.0000,0.0000,0.0000,0.0000,0.0000,0.0000,0.0000,0.0000,0.0001,0.0000,0.0003,0.0000,0.0009,0.0001,0.0016,0.0001,0.0145,0.0005,0.0402,0.0067,0.0758,0.0205,0.1165,0.0578,0.1614,0.1186,0.2024,0.1833,0.2395,0.2017,0.2741,0.1692,0.3093,0.1649,0.3462,0.1831,0.8884,0.7014,1.7999,1.9619,7.4108,5.9630
236,0.0000,0.0000,0.0000,0.0001,0.0002,0.0001,0.0004,0.0000,0.0010,0.0006,0.0028,0.0015,0.0055,0.0007,0.0095,0.0037,0.0191,0.0116,0.0333,0.0146,0.0502,0.0251,0.0895,0.0840,0.1302,0.1926,0.1824,0.3234,0.2307,0.4467,0.2786,0.4946,0.3240,0.5571,0.3708,0.6458,0.4107,0.7145,0.4503,0.7801,0.4895,0.8403,0.5285,0.8883,0.5674,0.9339,1.1192,1.4829,2.0006,2.1614,7.3667,6.6166
237,0.0000,0.0000,0.0000,0.0000,0.0000,0.0000,0.0000,0.0000,0.0000,0.0000,0.0000,0.0000,0.0000,0.0000,0.0000,0.0000,0.0000,0.0000,0.0000,0.0000,0.0001,0.0000,0.0022,0.0024,0.0100,0.0096,0.0415,0.0497,0.0838,0.1232,0.1317,0.2098,0.1770,0.3157,0.2227,0.4233,0.2625,0.4868,0.3006,0.5096,0.3373,0.5210,0.3740,0.5482,0.4114,0.6021,0.9572,1.3362,1.8496,2.1278,7.3248,6.4551
238,0.0000,0.0000,0.0000,0.0000,0.0000,0.0000,0.0000,0.0000,0.0000,0.0000,0.0000,0.0000,0.0000,0.0000,0.0000,0.0000,0.0000,0.0000,0.0000,0.0000,0.0000,0.0000,0.0000,0.0000,0.0000,0.0000,0.0008,0.0000,0.0082,0.0003,0.0223,0.0009,0.0371,0.0012,0.0580,0.0029,0.0767,0.0029,0.0978,0.0062,0.1215,0.0165,0.1485,0.0410,0.1784,0.0806,0.7412,0.5614,1.6571,1.4896,7.5471,4.9882
239,0.0000,0.0000,0.0000,0.0000,0.0000,0.0000,0.0000,0.0000,0.0000,0.0000,0.0000,0.0000,0.0000,0.0000,0.0000,0.0000,0.0004,0.0000,0.0012,0.0002,0.0029,0.0001,0.0059,0.0002,0.0089,0.0008,0.0206,0.0024,0.0403,0.0051,0.0645,0.0147,0.1053,0.0587,0.1468,0.1880,0.1841,0.2249,0.2229,0.2627,0.2633,0.2990,0.3042,0.3436,0.3450,0.4045,0.9116,0.9665,1.8208,1.8485,7.6098,5.6226
240,0.0000,0.0000,0.0000,0.0000,0.0000,0.0000,0.0000,0.0000,0.0000,0.0000,0.0000,0.0000,0.0000,0.0000,0.0001,0.0000,0.0042,0.0002,0.0073,0.0002,0.0110,0.0002,0.0171,0.0002,0.0215,0.0004,0.0266,0.0009,0.0309,0.0025,0.0370,0.0113,0.0472,0.0325,0.0572,0.0484,0.0872,0.0641,0.1191,0.0600,0.1517,0.0711,0.1841,0.1052,0.2159,0.2159,0.8031,0.8587,1.7363,1.5432,7.9889,4.4440
241,0.0000,0.0000,0.0000,0.0000,0.0000,0.0000,0.0000,0.0000,0.0000,0.0000,0.0000,0.0000,0.0088,0.0004,0.0223,0.0012,0.0528,0.0036,0.0841,0.0177,0.1250,0.0295,0.1954,0.0371,0.2473,0.0508,0.3074,0.0704,0.3579,0.0996,0.4065,0.1621,0.4567,0.3990,0.5010,0.5518,0.5395,0.5985,0.5793,0.6314,0.6197,0.6712,0.6602,0.7052,0.7008,0.7367,1.2821,1.1245,2.2062,1.7689,8.3628,4.9518
242,0.0000,0.0000,0.0000,0.0000,0.0000,0.0000,0.0000,0.0001,0.0001,0.0001,0.0003,0.0006,0.0011,0.0008,0.0025,0.0010,0.0056,0.0045,0.0161,0.0184,0.0536,0.0535,0.1195,0.1599,0.1727,0.2588,0.2343,0.3436,0.2865,0.4074,0.3366,0.4628,0.3835,0.5519,0.4272,0.5661,0.4650,0.6017,0.5047,0.6483,0.5457,0.6996,0.5869,0.7378,0.6284,0.7675,1.1985,1.2358,2.1116,1.8745,7.9449,5.6887
