Example turbidity input file,For sites A and C
For inSTREAM 5.0,Includes water years 1990-2009
Date,Turbidity (NTU)
10/1/1989,0
10/2/1989,0
10/3/1989,0
10/4/1989,0
10/5/1989,0
10/6/1989,0
10/7/1989,0
10/8/1989,0
10/9/1989,0
10/10/1989,0
10/11/1989,0
10/12/1989,0
10/13/1989,0
10/14/1989,0
10/15/1989,0
10/16/1989,0
10/17/1989,0
10/18/1989,0
10/19/1989,0
10/20/1989,0
10/21/1989,0
10/22/1989,0
10/23/1989,2
10/24/1989,0
10/25/1989,0
10/26/1989,0
10/27/1989,0
10/28/1989,0
10/29/1989,0
10/30/1989,0
10/31/1989,0
11/1/1989,0
11/2/1989,0
11/3/1989,0
11/4/1989,0
11/5/1989,0
11/6/1989,0
11/7/1989,0
11/8/1989,0
11/9/1989,0
11/10/1989,0
11/11/1989,0
11/12/1989,0
11/13/1989,0
11/14/1989,0
11/15/1989,0
11/16/1989,0
11/17/1989,0
11/18/1989,0
11/19/1989,0
11/20/1989,0
11/21/1989,0
11/22/1989,0
11/23/1989,0
11/24/1989,0
11/25/1989,0
11/26/1989,0
11/27/1989,0
11/28/1989,0
11/29/1989,0
11/30/1989,0
12/1/1989,0
12/2/1989,0
12/3/1989,0
12/4/1989,0
12/5/1989,0
12/6/1989,0
12/7/1989,0
12/8/1989,0
12/9/1989,0
12/10/1989,0
12/11/1989,0
12/12/1989,0
12/13/1989,0
12/14/1989,0
12/15/1989,0
12/16/1989,0
12/17/1989,0
12/18/1989,0
12/19/1989,0
12/20/1989,0
12/21/1989,0
12/22/1989,0
12/23/1989,0
12/24/1989,0
12/25/1989,0
12/26/1989,0
12/27/1989,0
12/28/1989,0
12/29/1989,0
12/30/1989,0
12/31/1989,0
1/1/1990,0
1/2/1990,0
1/3/1990,0
1/4/1990,0
1/5/1990,0
1/6/1990,0
1/7/1990,1
1/8/1990,2
1/9/1990,0
1/10/1990,0
1/11/1990,0
1/12/1990,0
1/13/1990,6
1/14/1990,5
1/15/1990,3
1/16/1990,1
1/17/1990,1
1/18/1990,0
1/19/1990,0
1/20/1990,0
1/21/1990,0
1/22/1990,0
1/23/1990,0
1/24/1990,0
1/25/1990,0
1/26/1990,0
1/27/1990,0
1/28/1990,0
1/29/1990,0
1/30/1990,0
1/31/1990,0
2/1/1990,0
2/2/1990,0
2/3/1990,0
2/4/1990,0
2/5/1990,0
2/6/1990,0
2/7/1990,0
2/8/1990,0
2/9/1990,0
2/10/1990,0
2/11/1990,0
2/12/1990,0
2/13/1990,0
2/14/1990,0
2/15/1990,0
2/16/1990,0
2/17/1990,0
2/18/1990,0
2/19/1990,0
2/20/1990,0
2/21/1990,0
2/22/1990,0
2/23/1990,0
2/24/1990,0
2/25/1990,0
2/26/1990,0
2/27/1990,0
2/28/1990,0
3/1/1990,0
3/2/1990,0
3/3/1990,0
3/4/1990,0
3/5/1990,0
3/6/1990,0
3/7/1990,0
3/8/1990,0
3/9/1990,0
3/10/1990,0
3/11/1990,0
3/12/1990,0
3/13/1990,0
3/14/1990,0
3/15/1990,0
3/16/1990,0
3/17/1990,0
3/18/1990,0
3/19/1990,0
3/20/1990,0
3/21/1990,0
3/22/1990,0
3/23/1990,0
3/24/1990,0
3/25/1990,0
3/26/1990,0
3/27/1990,0
3/28/1990,0
3/29/1990,0
3/30/1990,0
3/31/1990,0
4/1/1990,0
4/2/1990,0
4/3/1990,0
4/4/1990,0
4/5/1990,0
4/6/1990,0
4/7/1990,0
4/8/1990,0
4/9/1990,0
4/10/1990,0
4/11/1990,0
4/12/1990,0
4/13/1990,0
4/14/1990,0
4/15/1990,0
4/16/1990,0
4/17/1990,0
4/18/1990,0
4/19/1990,0
4/20/1990,0
4/21/1990,0
4/22/1990,0
4/23/1990,0
4/24/1990,0
4/25/1990,0
4/26/1990,0
4/27/1990,0
4/28/1990,0
4/29/1990,0
4/30/1990,0
5/1/1990,0
5/2/1990,0
5/3/1990,0
5/4/1990,0
5/5/1990,0
5/6/1990,0
5/7/1990,0
5/8/1990,0
5/9/1990,0
5/10/1990,0
5/11/1990,0
5/12/1990,0
5/13/1990,0
5/14/1990,0
5/15/1990,0
5/16/1990,0
5/17/1990,0
5/18/1990,0
5/19/1990,0
5/20/1990,0
5/21/1990,0
5/22/1990,4
5/23/1990,6
5/24/1990,0
5/25/1990,0
5/26/1990,0
5/27/1990,15
5/28/1990,12
5/29/1990,3
5/30/1990,2
5/31/1990,1
6/1/1990,0
6/2/1990,0
6/3/1990,0
6/4/1990,0
6/5/1990,0
6/6/1990,0
6/7/1990,0
6/8/1990,0
6/9/1990,0
6/10/1990,0
6/11/1990,0
6/12/1990,0
6/13/1990,0
6/14/1990,0
6/15/1990,0
6/16/1990,0
6/17/1990,0
6/18/1990,0
6/19/1990,0
6/20/1990,0
6/21/1990,0
6/22/1990,0
6/23/1990,0
6/24/1990,0
6/25/1990,0
6/26/1990,0
6/27/1990,0
6/28/1990,0
6/29/1990,0
6/30/1990,0
7/1/1990,0
7/2/1990,0
7/3/1990,0
7/4/1990,0
7/5/1990,0
7/6/1990,0
7/7/1990,0
7/8/1990,0
7/9/1990,0
7/10/1990,0
7/11/1990,0
7/12/1990,0
7/13/1990,0
7/14/1990,0
7/15/1990,0
7/16/1990,0
7/17/1990,0
7/18/1990,0
7/19/1990,0
7/20/1990,0
7/21/1990,0
7/22/1990,0
7/23/1990,0
7/24/1990,0
7/25/1990,0
7/26/1990,0
7/27/1990,0
7/28/1990,0
7/29/1990,0
7/30/1990,0
7/31/1990,0
8/1/1990,0
8/2/1990,0
8/3/1990,0
8/4/1990,0
8/5/1990,0
8/6/1990,0
8/7/1990,0
8/8/1990,0
8/9/1990,0
8/10/1990,0
8/11/1990,0
8/12/1990,0
8/13/1990,0
8/14/1990,0
8/15/1990,0
8/16/1990,0
8/17/1990,0
8/18/1990,0
8/19/1990,0
8/20/1990,0
8/21/1990,0
8/22/1990,0
8/23/1990,0
8/24/1990,0
8/25/1990,0
8/26/1990,0
8/27/1990,0
8/28/1990,0
8/29/1990,0
8/30/1990,0
8/31/1990,0
9/1/1990,0
9/2/1990,0
9/3/1990,0
9/4/1990,0
9/5/1990,0
9/6/1990,0
9/7/1990,0
9/8/1990,0
9/9/1990,0
9/10/1990,0
9/11/1990,0
9/12/1990,0
9/13/1990,0
9/14/1990,0
9/15/1990,0
9/16/1990,0
9/17/1990,0
9/18/1990,0
9/19/1990,0
9/20/1990,0
9/21/1990,0
9/22/1990,0
9/23/1990,0
9/24/1990,0
9/25/1990,0
9/26/1990,0
9/27/1990,0
9/28/1990,0
9/29/1990,0
9/30/1990,0
10/1/1990,0
10/2/1990,0
10/3/1990,0
10/4/1990,0
10/5/1990,0
10/6/1990,0
10/7/1990,0
10/8/1990,0
10/9/1990,0
10/10/1990,0
10/11/1990,0
10/12/1990,0
10/13/1990,0
10/14/1990,0
10/15/1990,0
10/16/1990,0
10/17/1990,0
10/18/1990,0
10/19/1990,0
10/20/1990,0
10/21/1990,0
10/22/1990,0
10/23/1990,0
10/24/1990,0
10/25/1990,0
10/26/1990,0
10/27/1990,0
10/28/1990,0
10/29/1990,0
10/30/1990,0
10/31/1990,0
11/1/1990,0
11/2/1990,0
11/3/1990,0
11/4/1990,0
11/5/1990,0
11/6/1990,0
11/7/1990,0
11/8/1990,0
11/9/1990,0
11/10/1990,0
11/11/1990,0
11/12/1990,0
11/13/1990,0
11/14/1990,0
11/15/1990,0
11/16/1990,0
11/17/1990,0
11/18/1990,0
11/19/1990,0
11/20/1990,0
11/21/1990,0
11/22/1990,0
11/23/1990,0
11/24/1990,0
11/25/1990,0
11/26/1990,0
11/27/1990,0
11/28/1990,0
11/29/1990,0
11/30/1990,0
12/1/1990,0
12/2/1990,0
12/3/1990,0
12/4/1990,0
12/5/1990,0
12/6/1990,0
12/7/1990,0
12/8/1990,0
12/9/1990,0
12/10/1990,0
12/11/1990,0
12/12/1990,0
12/13/1990,0
12/14/1990,0
12/15/1990,0
12/16/1990,0
12/17/1990,0
12/18/1990,0
12/19/1990,0
12/20/1990,0
12/21/1990,0
12/22/1990,0
12/23/1990,0
12/24/1990,0
12/25/1990,0
12/26/1990,0
12/27/1990,0
12/28/1990,0
12/29/1990,0
12/30/1990,0
12/31/1990,0
1/1/1991,0
1/2/1991,0
1/3/1991,0
1/4/1991,0
1/5/1991,0
1/6/1991,0
1/7/1991,0
1/8/1991,0
1/9/1991,0
1/10/1991,0
1/11/1991,0
1/12/1991,0
1/13/1991,0
1/14/1991,0
1/15/1991,0
1/16/1991,0
1/17/1991,0
1/18/1991,0
1/19/1991,0
1/20/1991,0
1/21/1991,0
1/22/1991,0
1/23/1991,0
1/24/1991,0
1/25/1991,0
1/26/1991,0
1/27/1991,0
1/28/1991,0
1/29/1991,0
1/30/1991,0
1/31/1991,0
2/1/1991,0
2/2/1991,0
2/3/1991,0
2/4/1991,0
2/5/1991,0
2/6/1991,0
2/7/1991,0
2/8/1991,0
2/9/1991,0
2/10/1991,0
2/11/1991,0
2/12/1991,0
2/13/1991,0
2/14/1991,0
2/15/1991,0
2/16/1991,0
2/17/1991,0
2/18/1991,0
2/19/1991,0
2/20/1991,0
2/21/1991,0
2/22/1991,0
2/23/1991,0
2/24/1991,0
2/25/1991,0
2/26/1991,0
2/27/1991,0
2/28/1991,0
3/1/1991,0
3/2/1991,0
3/3/1991,8
3/4/1991,8
3/5/1991,0
3/6/1991,0
3/7/1991,0
3/8/1991,0
3/9/1991,0
3/10/1991,0
3/11/1991,0
3/12/1991,2
3/13/1991,0
3/14/1991,0
3/15/1991,0
3/16/1991,0
3/17/1991,0
3/18/1991,1
3/19/1991,0
3/20/1991,3
3/21/1991,1
3/22/1991,0
3/23/1991,9
3/24/1991,3
3/25/1991,1
3/26/1991,4
3/27/1991,2
3/28/1991,1
3/29/1991,0
3/30/1991,0
3/31/1991,0
4/1/1991,0
4/2/1991,0
4/3/1991,0
4/4/1991,0
4/5/1991,0
4/6/1991,0
4/7/1991,0
4/8/1991,0
4/9/1991,0
4/10/1991,0
4/11/1991,0
4/12/1991,0
4/13/1991,0
4/14/1991,0
4/15/1991,0
4/16/1991,0
4/17/1991,0
4/18/1991,0
4/19/1991,0
4/20/1991,0
4/21/1991,0
4/22/1991,0
4/23/1991,0
4/24/1991,0
4/25/1991,0
4/26/1991,0
4/27/1991,0
4/28/1991,0
4/29/1991,0
4/30/1991,0
5/1/1991,0
5/2/1991,0
5/3/1991,0
5/4/1991,0
5/5/1991,0
5/6/1991,0
5/7/1991,0
5/8/1991,0
5/9/1991,0
5/10/1991,0
5/11/1991,0
5/12/1991,0
5/13/1991,0
5/14/1991,0
5/15/1991,0
5/16/1991,0
5/17/1991,0
5/18/1991,0
5/19/1991,0
5/20/1991,0
5/21/1991,0
5/22/1991,0
5/23/1991,0
5/24/1991,0
5/25/1991,0
5/26/1991,0
5/27/1991,0
5/28/1991,0
5/29/1991,0
5/30/1991,0
5/31/1991,0
6/1/1991,0
6/2/1991,0
6/3/1991,0
6/4/1991,0
6/5/1991,0
6/6/1991,0
6/7/1991,0
6/8/1991,0
6/9/1991,0
6/10/1991,0
6/11/1991,0
6/12/1991,0
6/13/1991,0
6/14/1991,0
6/15/1991,0
6/16/1991,0
6/17/1991,0
6/18/1991,0
6/19/1991,0
6/20/1991,0
6/21/1991,0
6/22/1991,0
6/23/1991,0
6/24/1991,0
6/25/1991,0
6/26/1991,0
6/27/1991,0
6/28/1991,0
6/29/1991,0
6/30/1991,0
7/1/1991,0
7/2/1991,0
7/3/1991,0
7/4/1991,0
7/5/1991,0
7/6/1991,0
7/7/1991,0
7/8/1991,0
7/9/1991,0
7/10/1991,0
7/11/1991,0
7/12/1991,0
7/13/1991,0
7/14/1991,0
7/15/1991,0
7/16/1991,0
7/17/1991,0
7/18/1991,0
7/19/1991,0
7/20/1991,0
7/21/1991,0
7/22/1991,0
7/23/1991,0
7/24/1991,0
7/25/1991,0
7/26/1991,0
7/27/1991,0
7/28/1991,0
7/29/1991,0
7/30/1991,0
7/31/1991,0
8/1/1991,0
8/2/1991,0
8/3/1991,0
8/4/1991,0
8/5/1991,0
8/6/1991,0
8/7/1991,0
8/8/1991,0
8/9/1991,0
8/10/1991,0
8/11/1991,0
8/12/1991,0
8/13/1991,0
8/14/1991,0
8/15/1991,0
8/16/1991,0
8/17/1991,0
8/18/1991,0
8/19/1991,0
8/20/1991,0
8/21/1991,0
8/22/1991,0
8/23/1991,0
8/24/1991,0
8/25/1991,0
8/26/1991,0
8/27/1991,0
8/28/1991,0
8/29/1991,0
8/30/1991,0
8/31/1991,0
9/1/1991,0
9/2/1991,0
9/3/1991,0
9/4/1991,0
9/5/1991,0
9/6/1991,0
9/7/1991,0
9/8/1991,0
9/9/1991,0
9/10/1991,0
9/11/1991,0
9/12/1991,0
9/13/1991,0
9/14/1991,0
9/15/1991,0
9/16/1991,0
9/17/1991,0
9/18/1991,0
9/19/1991,0
9/20/1991,0
9/21/1991,0
9/22/1991,0
9/23/1991,0
9/24/1991,0
9/25/1991,0
9/26/1991,0
9/27/1991,0
9/28/1991,0
9/29/1991,0
9/30/1991,0
10/1/1991,0
10/2/1991,0
10/3/1991,0
10/4/1991,0
10/5/1991,0
10/6/1991,0
10/7/1991,0
10/8/1991,0
10/9/1991,0
10/10/1991,0
10/11/1991,0
10/12/1991,0
10/13/1991,0
10/14/1991,0
10/15/1991,0
10/16/1991,0
10/17/1991,0
10/18/1991,0
10/19/1991,0
10/20/1991,0
10/21/1991,0
10/22/1991,0
10/23/1991,0
10/24/1991,0
10/25/1991,0
10/26/1991,0
10/27/1991,0
10/28/1991,0
10/29/1991,0
10/30/1991,0
10/31/1991,0
11/1/1991,0
11/2/1991,0
11/3/1991,0
11/4/1991,0
11/5/1991,0
11/6/1991,0
11/7/1991,0
11/8/1991,0
11/9/1991,0
11/10/1991,0
11/11/1991,0
11/12/1991,0
11/13/1991,0
11/14/1991,0
11/15/1991,0
11/16/1991,0
11/17/1991,0
11/18/1991,0
11/19/1991,0
11/20/1991,0
11/21/1991,0
11/22/1991,0
11/23/1991,0
11/24/1991,0
11/25/1991,0
11/26/1991,0
11/27/1991,0
11/28/1991,0
11/29/1991,0
11/30/1991,0
12/1/1991,0
12/2/1991,0
12/3/1991,0
12/4/1991,0
12/5/1991,0
12/6/1991,0
12/7/1991,0
12/8/1991,0
12/9/1991,0
12/10/1991,0
12/11/1991,0
12/12/1991,0
12/13/1991,0
12/14/1991,0
12/15/1991,0
12/16/1991,0
12/17/1991,0
12/18/1991,0
12/19/1991,0
12/20/1991,0
12/21/1991,0
12/22/1991,0
12/23/1991,0
12/24/1991,0
12/25/1991,0
12/26/1991,0
12/27/1991,0
12/28/1991,0
12/29/1991,1
12/30/1991,0
12/31/1991,0
1/1/1992,0
1/2/1992,0
1/3/1992,0
1/4/1992,0
1/5/1992,0
1/6/1992,0
1/7/1992,0
1/8/1992,0
1/9/1992,0
1/10/1992,0
1/11/1992,0
1/12/1992,0
1/13/1992,0
1/14/1992,0
1/15/1992,0
1/16/1992,0
1/17/1992,0
1/18/1992,0
1/19/1992,0
1/20/1992,0
1/21/1992,0
1/22/1992,0
1/23/1992,0
1/24/1992,0
1/25/1992,0
1/26/1992,0
1/27/1992,0
1/28/1992,0
1/29/1992,0
1/30/1992,0
1/31/1992,0
2/1/1992,0
2/2/1992,0
2/3/1992,0
2/4/1992,0
2/5/1992,0
2/6/1992,0
2/7/1992,0
2/8/1992,0
2/9/1992,0
2/10/1992,1
2/11/1992,8
2/12/1992,18
2/13/1992,9
2/14/1992,10
2/15/1992,7
2/16/1992,5
2/17/1992,3
2/18/1992,5
2/19/1992,16
2/20/1992,10
2/21/1992,10
2/22/1992,5
2/23/1992,2
2/24/1992,1
2/25/1992,0
2/26/1992,0
2/27/1992,0
2/28/1992,0
2/29/1992,0
3/1/1992,0
3/2/1992,0
3/3/1992,0
3/4/1992,2
3/5/1992,2
3/6/1992,3
3/7/1992,2
3/8/1992,1
3/9/1992,0
3/10/1992,0
3/11/1992,0
3/12/1992,0
3/13/1992,0
3/14/1992,1
3/15/1992,8
3/16/1992,8
3/17/1992,4
3/18/1992,2
3/19/1992,1
3/20/1992,1
3/21/1992,0
3/22/1992,0
3/23/1992,0
3/24/1992,0
3/25/1992,0
3/26/1992,0
3/27/1992,0
3/28/1992,0
3/29/1992,0
3/30/1992,0
3/31/1992,0
4/1/1992,0
4/2/1992,0
4/3/1992,0
4/4/1992,0
4/5/1992,0
4/6/1992,0
4/7/1992,0
4/8/1992,0
4/9/1992,0
4/10/1992,0
4/11/1992,0
4/12/1992,4
4/13/1992,3
4/14/1992,1
4/15/1992,0
4/16/1992,0
4/17/1992,2
4/18/1992,1
4/19/1992,0
4/20/1992,0
4/21/1992,0
4/22/1992,0
4/23/1992,0
4/24/1992,0
4/25/1992,0
4/26/1992,0
4/27/1992,0
4/28/1992,0
4/29/1992,0
4/30/1992,0
5/1/1992,0
5/2/1992,0
5/3/1992,0
5/4/1992,0
5/5/1992,0
5/6/1992,0
5/7/1992,0
5/8/1992,0
5/9/1992,0
5/10/1992,0
5/11/1992,0
5/12/1992,0
5/13/1992,0
5/14/1992,0
5/15/1992,0
5/16/1992,0
5/17/1992,0
5/18/1992,0
5/19/1992,0
5/20/1992,0
5/21/1992,0
5/22/1992,0
5/23/1992,0
5/24/1992,0
5/25/1992,0
5/26/1992,0
5/27/1992,0
5/28/1992,0
5/29/1992,0
5/30/1992,0
5/31/1992,0
6/1/1992,0
6/2/1992,0
6/3/1992,0
6/4/1992,0
6/5/1992,0
6/6/1992,0
6/7/1992,0
6/8/1992,0
6/9/1992,0
6/10/1992,0
6/11/1992,0
6/12/1992,0
6/13/1992,0
6/14/1992,0
6/15/1992,0
6/16/1992,0
6/17/1992,0
6/18/1992,0
6/19/1992,0
6/20/1992,0
6/21/1992,0
6/22/1992,0
6/23/1992,0
6/24/1992,0
6/25/1992,0
6/26/1992,0
6/27/1992,0
6/28/1992,0
6/29/1992,0
6/30/1992,2
7/1/1992,1
7/2/1992,0
7/3/1992,0
7/4/1992,0
7/5/1992,0
7/6/1992,0
7/7/1992,0
7/8/1992,0
7/9/1992,0
7/10/1992,0
7/11/1992,0
7/12/1992,0
7/13/1992,0
7/14/1992,0
7/15/1992,0
7/16/1992,0
7/17/1992,0
7/18/1992,0
7/19/1992,0
7/20/1992,0
7/21/1992,0
7/22/1992,0
7/23/1992,0
7/24/1992,0
7/25/1992,0
7/26/1992,0
7/27/1992,0
7/28/1992,0
7/29/1992,0
7/30/1992,0
7/31/1992,0
8/1/1992,0
8/2/1992,0
8/3/1992,0
8/4/1992,0
8/5/1992,0
8/6/1992,0
8/7/1992,0
8/8/1992,0
8/9/1992,0
8/10/1992,0
8/11/1992,0
8/12/1992,0
8/13/1992,0
8/14/1992,0
8/15/1992,0
8/16/1992,0
8/17/1992,0
8/18/1992,0
8/19/1992,0
8/20/1992,0
8/21/1992,0
8/22/1992,0
8/23/1992,0
8/24/1992,0
8/25/1992,0
8/26/1992,0
8/27/1992,0
8/28/1992,0
8/29/1992,0
8/30/1992,0
8/31/1992,0
9/1/1992,0
9/2/1992,0
9/3/1992,0
9/4/1992,0
9/5/1992,0
9/6/1992,0
9/7/1992,0
9/8/1992,0
9/9/1992,0
9/10/1992,0
9/11/1992,0
9/12/1992,0
9/13/1992,0
9/14/1992,0
9/15/1992,0
9/16/1992,0
9/17/1992,0
9/18/1992,0
9/19/1992,0
9/20/1992,0
9/21/1992,0
9/22/1992,0
9/23/1992,0
9/24/1992,0
9/25/1992,0
9/26/1992,0
9/27/1992,0
9/28/1992,0
9/29/1992,0
9/30/1992,0
10/1/1992,0
10/2/1992,0
10/3/1992,0
10/4/1992,0
10/5/1992,0
10/6/1992,0
10/7/1992,5
10/8/1992,10
10/9/1992,0
10/10/1992,0
10/11/1992,0
10/12/1992,0
10/13/1992,0
10/14/1992,0
10/15/1992,0
10/16/1992,4
10/17/1992,7
10/18/1992,7
10/19/1992,7
10/20/1992,7
10/21/1992,7
10/22/1992,7
10/23/1992,7
10/24/1992,7
10/25/1992,7
10/26/1992,7
10/27/1992,7
10/28/1992,7
10/29/1992,8
10/30/1992,8
10/31/1992,8
11/1/1992,8
11/2/1992,6
11/3/1992,3
11/4/1992,3
11/5/1992,3
11/6/1992,3
11/7/1992,3
11/8/1992,3
11/9/1992,3
11/10/1992,3
11/11/1992,3
11/12/1992,3
11/13/1992,2
11/14/1992,2
11/15/1992,2
11/16/1992,2
11/17/1992,2
11/18/1992,2
11/19/1992,2
11/20/1992,2
11/21/1992,2
11/22/1992,2
11/23/1992,2
11/24/1992,2
11/25/1992,2
11/26/1992,2
11/27/1992,2
11/28/1992,2
11/29/1992,2
11/30/1992,2
12/1/1992,2
12/2/1992,2
12/3/1992,2
12/4/1992,2
12/5/1992,2
12/6/1992,3
12/7/1992,2
12/8/1992,6
12/9/1992,4
12/10/1992,9
12/11/1992,5
12/12/1992,3
12/13/1992,2
12/14/1992,2
12/15/1992,2
12/16/1992,2
12/17/1992,2
12/18/1992,2
12/19/1992,2
12/20/1992,2
12/21/1992,2
12/22/1992,2
12/23/1992,2
12/24/1992,2
12/25/1992,2
12/26/1992,2
12/27/1992,2
12/28/1992,2
12/29/1992,3
12/30/1992,2
12/31/1992,13
1/1/1993,7
1/2/1993,4
1/3/1993,3
1/4/1993,3
1/5/1993,2
1/6/1993,3
1/7/1993,5
1/8/1993,4
1/9/1993,3
1/10/1993,3
1/11/1993,2
1/12/1993,2
1/13/1993,3
1/14/1993,5
1/15/1993,5
1/16/1993,4
1/17/1993,4
1/18/1993,3
1/19/1993,6
1/20/1993,57
1/21/1993,12
1/22/1993,8
1/23/1993,5
1/24/1993,4
1/25/1993,3
1/26/1993,2
1/27/1993,1
1/28/1993,1
1/29/1993,1
1/30/1993,1
1/31/1993,1
2/1/1993,1
2/2/1993,1
2/3/1993,0
2/4/1993,0
2/5/1993,2
2/6/1993,2
2/7/1993,2
2/8/1993,4
2/9/1993,3
2/10/1993,3
2/11/1993,3
2/12/1993,2
2/13/1993,2
2/14/1993,2
2/15/1993,1
2/16/1993,1
2/17/1993,1
2/18/1993,1
2/19/1993,6
2/20/1993,8
2/21/1993,4
2/22/1993,3
2/23/1993,3
2/24/1993,2
2/25/1993,2
2/26/1993,2
2/27/1993,1
2/28/1993,1
3/1/1993,1
3/2/1993,1
3/3/1993,1
3/4/1993,1
3/5/1993,1
3/6/1993,1
3/7/1993,0
3/8/1993,0
3/9/1993,1
3/10/1993,1
3/11/1993,0
3/12/1993,0
3/13/1993,0
3/14/1993,1
3/15/1993,1
3/16/1993,2
3/17/1993,29
3/18/1993,10
3/19/1993,5
3/20/1993,3
3/21/1993,3
3/22/1993,2
3/23/1993,11
3/24/1993,18
3/25/1993,7
3/26/1993,4
3/27/1993,4
3/28/1993,3
3/29/1993,2
3/30/1993,2
3/31/1993,2
4/1/1993,1
4/2/1993,1
4/3/1993,0
4/4/1993,1
4/5/1993,0
4/6/1993,0
4/7/1993,0
4/8/1993,0
4/9/1993,0
4/10/1993,0
4/11/1993,0
4/12/1993,0
4/13/1993,0
4/14/1993,0
4/15/1993,0
4/16/1993,0
4/17/1993,2
4/18/1993,1
4/19/1993,0
4/20/1993,0
4/21/1993,0
4/22/1993,0
4/23/1993,0
4/24/1993,0
4/25/1993,0
4/26/1993,0
4/27/1993,0
4/28/1993,0
4/29/1993,0
4/30/1993,0
5/1/1993,0
5/2/1993,0
5/3/1993,0
5/4/1993,0
5/5/1993,0
5/6/1993,0
5/7/1993,0
5/8/1993,0
5/9/1993,0
5/10/1993,0
5/11/1993,0
5/12/1993,0
5/13/1993,0
5/14/1993,0
5/15/1993,0
5/16/1993,0
5/17/1993,0
5/18/1993,0
5/19/1993,0
5/20/1993,0
5/21/1993,0
5/22/1993,0
5/23/1993,0
5/24/1993,0
5/25/1993,0
5/26/1993,0
5/27/1993,0
5/28/1993,0
5/29/1993,0
5/30/1993,0
5/31/1993,8
6/1/1993,9
6/2/1993,3
6/3/1993,6
6/4/1993,20
6/5/1993,21
6/6/1993,20
6/7/1993,11
6/8/1993,0
6/9/1993,0
6/10/1993,0
6/11/1993,0
6/12/1993,0
6/13/1993,0
6/14/1993,0
6/15/1993,0
6/16/1993,0
6/17/1993,0
6/18/1993,0
6/19/1993,0
6/20/1993,0
6/21/1993,0
6/22/1993,0
6/23/1993,0
6/24/1993,0
6/25/1993,0
6/26/1993,0
6/27/1993,0
6/28/1993,0
6/29/1993,0
6/30/1993,0
7/1/1993,0
7/2/1993,0
7/3/1993,0
7/4/1993,0
7/5/1993,0
7/6/1993,0
7/7/1993,0
7/8/1993,0
7/9/1993,0
7/10/1993,0
7/11/1993,0
7/12/1993,0
7/13/1993,0
7/14/1993,0
7/15/1993,0
7/16/1993,0
7/17/1993,0
7/18/1993,0
7/19/1993,0
7/20/1993,0
7/21/1993,0
7/22/1993,0
7/23/1993,0
7/24/1993,0
7/25/1993,0
7/26/1993,0
7/27/1993,0
7/28/1993,0
7/29/1993,0
7/30/1993,0
7/31/1993,0
8/1/1993,0
8/2/1993,0
8/3/1993,0
8/4/1993,0
8/5/1993,0
8/6/1993,0
8/7/1993,0
8/8/1993,0
8/9/1993,0
8/10/1993,0
8/11/1993,0
8/12/1993,0
8/13/1993,0
8/14/1993,0
8/15/1993,0
8/16/1993,0
8/17/1993,0
8/18/1993,0
8/19/1993,0
8/20/1993,0
8/21/1993,0
8/22/1993,0
8/23/1993,0
8/24/1993,0
8/25/1993,0
8/26/1993,0
8/27/1993,0
8/28/1993,0
8/29/1993,0
8/30/1993,0
8/31/1993,0
9/1/1993,0
9/2/1993,0
9/3/1993,0
9/4/1993,0
9/5/1993,0
9/6/1993,0
9/7/1993,0
9/8/1993,0
9/9/1993,0
9/10/1993,0
9/11/1993,0
9/12/1993,0
9/13/1993,0
9/14/1993,0
9/15/1993,0
9/16/1993,0
9/17/1993,0
9/18/1993,0
9/19/1993,0
9/20/1993,0
9/21/1993,0
9/22/1993,0
9/23/1993,0
9/24/1993,0
9/25/1993,0
9/26/1993,0
9/27/1993,0
9/28/1993,0
9/29/1993,0
9/30/1993,0
10/1/1993,0
10/2/1993,0
10/3/1993,0
10/4/1993,0
10/5/1993,0
10/6/1993,0
10/7/1993,0
10/8/1993,0
10/9/1993,0
10/10/1993,0
10/11/1993,0
10/12/1993,0
10/13/1993,0
10/14/1993,0
10/15/1993,0
10/16/1993,0
10/17/1993,0
10/18/1993,0
10/19/1993,0
10/20/1993,0
10/21/1993,0
10/22/1993,0
10/23/1993,0
10/24/1993,0
10/25/1993,0
10/26/1993,0
10/27/1993,0
10/28/1993,0
10/29/1993,0
10/30/1993,0
10/31/1993,0
11/1/1993,0
11/2/1993,0
11/3/1993,0
11/4/1993,0
11/5/1993,0
11/6/1993,0
11/7/1993,0
11/8/1993,0
11/9/1993,0
11/10/1993,0
11/11/1993,0
11/12/1993,0
11/13/1993,0
11/14/1993,0
11/15/1993,0
11/16/1993,0
11/17/1993,0
11/18/1993,0
11/19/1993,0
11/20/1993,0
11/21/1993,0
11/22/1993,0
11/23/1993,0
11/24/1993,0
11/25/1993,0
11/26/1993,0
11/27/1993,0
11/28/1993,0
11/29/1993,0
11/30/1993,0
12/1/1993,0
12/2/1993,0
12/3/1993,0
12/4/1993,0
12/5/1993,0
12/6/1993,0
12/7/1993,0
12/8/1993,5
12/9/1993,0
12/10/1993,0
12/11/1993,0
12/12/1993,0
12/13/1993,0
12/14/1993,2
12/15/1993,0
12/16/1993,0
12/17/1993,0
12/18/1993,0
12/19/1993,0
12/20/1993,0
12/21/1993,0
12/22/1993,0
12/23/1993,0
12/24/1993,0
12/25/1993,0
12/26/1993,0
12/27/1993,0
12/28/1993,0
12/29/1993,0
12/30/1993,0
12/31/1993,0
1/1/1994,0
1/2/1994,0
1/3/1994,0
1/4/1994,0
1/5/1994,0
1/6/1994,0
1/7/1994,0
1/8/1994,0
1/9/1994,0
1/10/1994,0
1/11/1994,0
1/12/1994,0
1/13/1994,0
1/14/1994,0
1/15/1994,0
1/16/1994,0
1/17/1994,0
1/18/1994,0
1/19/1994,0
1/20/1994,0
1/21/1994,0
1/22/1994,0
1/23/1994,0
1/24/1994,1
1/25/1994,4
1/26/1994,1
1/27/1994,0
1/28/1994,0
1/29/1994,0
1/30/1994,0
1/31/1994,0
2/1/1994,0
2/2/1994,0
2/3/1994,0
2/4/1994,0
2/5/1994,0
2/6/1994,0
2/7/1994,0
2/8/1994,0
2/9/1994,0
2/10/1994,0
2/11/1994,0
2/12/1994,0
2/13/1994,0
2/14/1994,0
2/15/1994,0
2/16/1994,0
2/17/1994,1
2/18/1994,0
2/19/1994,0
2/20/1994,1
2/21/1994,1
2/22/1994,1
2/23/1994,0
2/24/1994,0
2/25/1994,0
2/26/1994,0
2/27/1994,0
2/28/1994,0
3/1/1994,0
3/2/1994,0
3/3/1994,0
3/4/1994,0
3/5/1994,0
3/6/1994,0
3/7/1994,0
3/8/1994,0
3/9/1994,0
3/10/1994,0
3/11/1994,0
3/12/1994,0
3/13/1994,0
3/14/1994,0
3/15/1994,0
3/16/1994,0
3/17/1994,0
3/18/1994,0
3/19/1994,0
3/20/1994,0
3/21/1994,0
3/22/1994,0
3/23/1994,0
3/24/1994,0
3/25/1994,0
3/26/1994,0
3/27/1994,0
3/28/1994,0
3/29/1994,0
3/30/1994,0
3/31/1994,0
4/1/1994,0
4/2/1994,0
4/3/1994,0
4/4/1994,0
4/5/1994,0
4/6/1994,0
4/7/1994,0
4/8/1994,0
4/9/1994,0
4/10/1994,0
4/11/1994,0
4/12/1994,0
4/13/1994,0
4/14/1994,0
4/15/1994,0
4/16/1994,0
4/17/1994,0
4/18/1994,0
4/19/1994,0
4/20/1994,0
4/21/1994,0
4/22/1994,0
4/23/1994,0
4/24/1994,0
4/25/1994,3
4/26/1994,1
4/27/1994,0
4/28/1994,0
4/29/1994,0
4/30/1994,0
5/1/1994,0
5/2/1994,0
5/3/1994,0
5/4/1994,0
5/5/1994,0
5/6/1994,0
5/7/1994,0
5/8/1994,0
5/9/1994,0
5/10/1994,0
5/11/1994,0
5/12/1994,0
5/13/1994,0
5/14/1994,0
5/15/1994,0
5/16/1994,0
5/17/1994,0
5/18/1994,0
5/19/1994,0
5/20/1994,0
5/21/1994,0
5/22/1994,0
5/23/1994,0
5/24/1994,0
5/25/1994,0
5/26/1994,0
5/27/1994,0
5/28/1994,0
5/29/1994,0
5/30/1994,0
5/31/1994,0
6/1/1994,0
6/2/1994,0
6/3/1994,0
6/4/1994,0
6/5/1994,0
6/6/1994,0
6/7/1994,0
6/8/1994,0
6/9/1994,0
6/10/1994,0
6/11/1994,0
6/12/1994,0
6/13/1994,0
6/14/1994,0
6/15/1994,0
6/16/1994,0
6/17/1994,0
6/18/1994,0
6/19/1994,0
6/20/1994,0
6/21/1994,0
6/22/1994,0
6/23/1994,0
6/24/1994,0
6/25/1994,0
6/26/1994,0
6/27/1994,0
6/28/1994,0
6/29/1994,0
6/30/1994,0
7/1/1994,0
7/2/1994,0
7/3/1994,0
7/4/1994,0
7/5/1994,0
7/6/1994,0
7/7/1994,0
7/8/1994,0
7/9/1994,0
7/10/1994,0
7/11/1994,0
7/12/1994,0
7/13/1994,0
7/14/1994,0
7/15/1994,0
7/16/1994,0
7/17/1994,0
7/18/1994,0
7/19/1994,0
7/20/1994,0
7/21/1994,0
7/22/1994,0
7/23/1994,0
7/24/1994,0
7/25/1994,0
7/26/1994,0
7/27/1994,0
7/28/1994,0
7/29/1994,0
7/30/1994,0
7/31/1994,0
8/1/1994,0
8/2/1994,0
8/3/1994,0
8/4/1994,0
8/5/1994,0
8/6/1994,0
8/7/1994,0
8/8/1994,0
8/9/1994,0
8/10/1994,0
8/11/1994,0
8/12/1994,0
8/13/1994,0
8/14/1994,0
8/15/1994,0
8/16/1994,0
8/17/1994,0
8/18/1994,0
8/19/1994,0
8/20/1994,0
8/21/1994,0
8/22/1994,0
8/23/1994,0
8/24/1994,0
8/25/1994,0
8/26/1994,0
8/27/1994,0
8/28/1994,0
8/29/1994,0
8/30/1994,0
8/31/1994,0
9/1/1994,0
9/2/1994,0
9/3/1994,0
9/4/1994,0
9/5/1994,0
9/6/1994,0
9/7/1994,0
9/8/1994,0
9/9/1994,0
9/10/1994,0
9/11/1994,0
9/12/1994,0
9/13/1994,0
9/14/1994,0
9/15/1994,0
9/16/1994,0
9/17/1994,0
9/18/1994,0
9/19/1994,0
9/20/1994,0
9/21/1994,0
9/22/1994,0
9/23/1994,0
9/24/1994,0
9/25/1994,0
9/26/1994,0
9/27/1994,0
9/28/1994,0
9/29/1994,0
9/30/1994,0
10/1/1994,0
10/2/1994,0
10/3/1994,0
10/4/1994,0
10/5/1994,0
10/6/1994,0
10/7/1994,0
10/8/1994,0
10/9/1994,0
10/10/1994,0
10/11/1994,0
10/12/1994,0
10/13/1994,0
10/14/1994,0
10/15/1994,0
10/16/1994,0
10/17/1994,0
10/18/1994,0
10/19/1994,0
10/20/1994,0
10/21/1994,0
10/22/1994,0
10/23/1994,0
10/24/1994,0
10/25/1994,0
10/26/1994,0
10/27/1994,0
10/28/1994,0
10/29/1994,0
10/30/1994,0
10/31/1994,0
11/1/1994,0
11/2/1994,0
11/3/1994,0
11/4/1994,0
11/5/1994,0
11/6/1994,0
11/7/1994,0
11/8/1994,0
11/9/1994,0
11/10/1994,0
11/11/1994,0
11/12/1994,0
11/13/1994,0
11/14/1994,0
11/15/1994,0
11/16/1994,0
11/17/1994,0
11/18/1994,0
11/19/1994,0
11/20/1994,0
11/21/1994,0
11/22/1994,0
11/23/1994,0
11/24/1994,0
11/25/1994,0
11/26/1994,0
11/27/1994,0
11/28/1994,0
11/29/1994,0
11/30/1994,0
12/1/1994,0
12/2/1994,0
12/3/1994,0
12/4/1994,0
12/5/1994,0
12/6/1994,0
12/7/1994,0
12/8/1994,0
12/9/1994,0
12/10/1994,0
12/11/1994,0
12/12/1994,0
12/13/1994,0
12/14/1994,0
12/15/1994,0
12/16/1994,0
12/17/1994,0
12/18/1994,0
12/19/1994,0
12/20/1994,0
12/21/1994,0
12/22/1994,0
12/23/1994,0
12/24/1994,0
12/25/1994,0
12/26/1994,0
12/27/1994,0
12/28/1994,0
12/29/1994,0
12/30/1994,0
12/31/1994,0
1/1/1995,0
1/2/1995,0
1/3/1995,0
1/4/1995,1
1/5/1995,0
1/6/1995,1
1/7/1995,6
1/8/1995,32
1/9/1995,46
1/10/1995,92
1/11/1995,58
1/12/1995,69
1/13/1995,74
1/14/1995,75
1/15/1995,31
1/16/1995,7
1/17/1995,3
1/18/1995,2
1/19/1995,2
1/20/1995,1
1/21/1995,1
1/22/1995,6
1/23/1995,17
1/24/1995,19
1/25/1995,14
1/26/1995,9
1/27/1995,8
1/28/1995,7
1/29/1995,6
1/30/1995,11
1/31/1995,12
2/1/1995,12
2/2/1995,8
2/3/1995,5
2/4/1995,4
2/5/1995,3
2/6/1995,2
2/7/1995,2
2/8/1995,2
2/9/1995,2
2/10/1995,1
2/11/1995,1
2/12/1995,1
2/13/1995,1
2/14/1995,1
2/15/1995,1
2/16/1995,1
2/17/1995,1
2/18/1995,0
2/19/1995,0
2/20/1995,0
2/21/1995,0
2/22/1995,0
2/23/1995,0
2/24/1995,0
2/25/1995,0
2/26/1995,0
2/27/1995,0
2/28/1995,0
3/1/1995,0
3/2/1995,0
3/3/1995,0
3/4/1995,0
3/5/1995,0
3/6/1995,0
3/7/1995,0
3/8/1995,6
3/9/1995,37
3/10/1995,36
3/11/1995,18
3/12/1995,12
3/13/1995,30
3/14/1995,43
3/15/1995,33
3/16/1995,59
3/17/1995,50
3/18/1995,12
3/19/1995,7
3/20/1995,16
3/21/1995,10
3/22/1995,11
3/23/1995,7
3/24/1995,5
3/25/1995,4
3/26/1995,3
3/27/1995,2
3/28/1995,2
3/29/1995,1
3/30/1995,1
3/31/1995,1
4/1/1995,1
4/2/1995,1
4/3/1995,0
4/4/1995,0
4/5/1995,0
4/6/1995,1
4/7/1995,6
4/8/1995,3
4/9/1995,2
4/10/1995,1
4/11/1995,1
4/12/1995,1
4/13/1995,1
4/14/1995,1
4/15/1995,0
4/16/1995,0
4/17/1995,0
4/18/1995,0
4/19/1995,0
4/20/1995,0
4/21/1995,0
4/22/1995,0
4/23/1995,0
4/24/1995,0
4/25/1995,0
4/26/1995,0
4/27/1995,0
4/28/1995,0
4/29/1995,3
4/30/1995,1
5/1/1995,6
5/2/1995,3
5/3/1995,2
5/4/1995,1
5/5/1995,1
5/6/1995,1
5/7/1995,0
5/8/1995,0
5/9/1995,0
5/10/1995,0
5/11/1995,0
5/12/1995,0
5/13/1995,0
5/14/1995,0
5/15/1995,0
5/16/1995,0
5/17/1995,0
5/18/1995,0
5/19/1995,0
5/20/1995,0
5/21/1995,0
5/22/1995,0
5/23/1995,0
5/24/1995,0
5/25/1995,0
5/26/1995,0
5/27/1995,0
5/28/1995,0
5/29/1995,0
5/30/1995,0
5/31/1995,0
6/1/1995,0
6/2/1995,0
6/3/1995,0
6/4/1995,0
6/5/1995,0
6/6/1995,0
6/7/1995,0
6/8/1995,0
6/9/1995,0
6/10/1995,0
6/11/1995,0
6/12/1995,0
6/13/1995,0
6/14/1995,0
6/15/1995,1
6/16/1995,0
6/17/1995,0
6/18/1995,0
6/19/1995,0
6/20/1995,0
6/21/1995,0
6/22/1995,0
6/23/1995,0
6/24/1995,0
6/25/1995,0
6/26/1995,0
6/27/1995,0
6/28/1995,0
6/29/1995,0
6/30/1995,0
7/1/1995,0
7/2/1995,0
7/3/1995,0
7/4/1995,0
7/5/1995,0
7/6/1995,0
7/7/1995,0
7/8/1995,0
7/9/1995,0
7/10/1995,0
7/11/1995,0
7/12/1995,0
7/13/1995,0
7/14/1995,0
7/15/1995,0
7/16/1995,0
7/17/1995,0
7/18/1995,0
7/19/1995,0
7/20/1995,0
7/21/1995,0
7/22/1995,0
7/23/1995,0
7/24/1995,0
7/25/1995,0
7/26/1995,0
7/27/1995,0
7/28/1995,0
7/29/1995,0
7/30/1995,0
7/31/1995,0
8/1/1995,0
8/2/1995,0
8/3/1995,0
8/4/1995,0
8/5/1995,0
8/6/1995,0
8/7/1995,0
8/8/1995,0
8/9/1995,0
8/10/1995,0
8/11/1995,0
8/12/1995,0
8/13/1995,0
8/14/1995,0
8/15/1995,0
8/16/1995,0
8/17/1995,0
8/18/1995,0
8/19/1995,0
8/20/1995,0
8/21/1995,0
8/22/1995,0
8/23/1995,0
8/24/1995,0
8/25/1995,0
8/26/1995,0
8/27/1995,0
8/28/1995,0
8/29/1995,0
8/30/1995,0
8/31/1995,0
9/1/1995,0
9/2/1995,0
9/3/1995,0
9/4/1995,0
9/5/1995,0
9/6/1995,0
9/7/1995,0
9/8/1995,0
9/9/1995,0
9/10/1995,0
9/11/1995,0
9/12/1995,0
9/13/1995,0
9/14/1995,0
9/15/1995,0
9/16/1995,0
9/17/1995,0
9/18/1995,0
9/19/1995,0
9/20/1995,0
9/21/1995,0
9/22/1995,0
9/23/1995,0
9/24/1995,0
9/25/1995,0
9/26/1995,0
9/27/1995,0
9/28/1995,0
9/29/1995,0
9/30/1995,0
10/1/1995,0
10/2/1995,0
10/3/1995,0
10/4/1995,0
10/5/1995,0
10/6/1995,0
10/7/1995,0
10/8/1995,0
10/9/1995,0
10/10/1995,0
10/11/1995,0
10/12/1995,0
10/13/1995,0
10/14/1995,0
10/15/1995,0
10/16/1995,0
10/17/1995,0
10/18/1995,0
10/19/1995,0
10/20/1995,0
10/21/1995,0
10/22/1995,0
10/23/1995,0
10/24/1995,0
10/25/1995,0
10/26/1995,0
10/27/1995,0
10/28/1995,0
10/29/1995,0
10/30/1995,0
10/31/1995,0
11/1/1995,0
11/2/1995,0
11/3/1995,0
11/4/1995,0
11/5/1995,0
11/6/1995,0
11/7/1995,0
11/8/1995,0
11/9/1995,0
11/10/1995,0
11/11/1995,0
11/12/1995,0
11/13/1995,0
11/14/1995,0
11/15/1995,0
11/16/1995,1
11/17/1995,1
11/18/1995,1
11/19/1995,1
11/20/1995,1
11/21/1995,1
11/22/1995,1
11/23/1995,1
11/24/1995,1
11/25/1995,1
11/26/1995,1
11/27/1995,1
11/28/1995,1
11/29/1995,1
11/30/1995,1
12/1/1995,1
12/2/1995,1
12/3/1995,1
12/4/1995,1
12/5/1995,1
12/6/1995,1
12/7/1995,1
12/8/1995,1
12/9/1995,1
12/10/1995,1
12/11/1995,4
12/12/1995,25
12/13/1995,3
12/14/1995,3
12/15/1995,12
12/16/1995,3
12/17/1995,2
12/18/1995,1
12/19/1995,1
12/20/1995,1
12/21/1995,1
12/22/1995,1
12/23/1995,1
12/24/1995,1
12/25/1995,1
12/26/1995,1
12/27/1995,1
12/28/1995,1
12/29/1995,2
12/30/1995,3
12/31/1995,2
1/1/1996,1
1/2/1996,1
1/3/1996,1
1/4/1996,1
1/5/1996,1
1/6/1996,1
1/7/1996,1
1/8/1996,1
1/9/1996,1
1/10/1996,1
1/11/1996,1
1/12/1996,1
1/13/1996,1
1/14/1996,1
1/15/1996,1
1/16/1996,8
1/17/1996,3
1/18/1996,4
1/19/1996,5
1/20/1996,8
1/21/1996,7
1/22/1996,3
1/23/1996,3
1/24/1996,4
1/25/1996,4
1/26/1996,3
1/27/1996,7
1/28/1996,5
1/29/1996,4
1/30/1996,4
1/31/1996,3
2/1/1996,3
2/2/1996,2
2/3/1996,2
2/4/1996,7
2/5/1996,12
2/6/1996,6
2/7/1996,4
2/8/1996,3
2/9/1996,3
2/10/1996,2
2/11/1996,2
2/12/1996,2
2/13/1996,2
2/14/1996,2
2/15/1996,2
2/16/1996,2
2/17/1996,6
2/18/1996,8
2/19/1996,11
2/20/1996,8
2/21/1996,8
2/22/1996,6
2/23/1996,4
2/24/1996,4
2/25/1996,3
2/26/1996,3
2/27/1996,3
2/28/1996,5
2/29/1996,17
3/1/1996,9
3/2/1996,6
3/3/1996,5
3/4/1996,6
3/5/1996,6
3/6/1996,5
3/7/1996,4
3/8/1996,3
3/9/1996,3
3/10/1996,3
3/11/1996,4
3/12/1996,3
3/13/1996,3
3/14/1996,3
3/15/1996,2
3/16/1996,2
3/17/1996,2
3/18/1996,2
3/19/1996,2
3/20/1996,2
3/21/1996,2
3/22/1996,2
3/23/1996,2
3/24/1996,1
3/25/1996,1
3/26/1996,1
3/27/1996,1
3/28/1996,1
3/29/1996,1
3/30/1996,1
3/31/1996,1
4/1/1996,2
4/2/1996,2
4/3/1996,1
4/4/1996,1
4/5/1996,1
4/6/1996,1
4/7/1996,1
4/8/1996,1
4/9/1996,1
4/10/1996,1
4/11/1996,1
4/12/1996,1
4/13/1996,1
4/14/1996,1
4/15/1996,1
4/16/1996,1
4/17/1996,1
4/18/1996,1
4/19/1996,1
4/20/1996,1
4/21/1996,1
4/22/1996,1
4/23/1996,1
4/24/1996,1
4/25/1996,1
4/26/1996,1
4/27/1996,1
4/28/1996,1
4/29/1996,0
4/30/1996,0
5/1/1996,0
5/2/1996,0
5/3/1996,0
5/4/1996,0
5/5/1996,0
5/6/1996,0
5/7/1996,0
5/8/1996,0
5/9/1996,0
5/10/1996,0
5/11/1996,0
5/12/1996,0
5/13/1996,0
5/14/1996,0
5/15/1996,0
5/16/1996,3
5/17/1996,5
5/18/1996,2
5/19/1996,0
5/20/1996,0
5/21/1996,0
5/22/1996,0
5/23/1996,0
5/24/1996,0
5/25/1996,0
5/26/1996,0
5/27/1996,0
5/28/1996,0
5/29/1996,0
5/30/1996,0
5/31/1996,0
6/1/1996,0
6/2/1996,0
6/3/1996,0
6/4/1996,0
6/5/1996,0
6/6/1996,0
6/7/1996,0
6/8/1996,0
6/9/1996,0
6/10/1996,0
6/11/1996,0
6/12/1996,0
6/13/1996,0
6/14/1996,0
6/15/1996,0
6/16/1996,0
6/17/1996,0
6/18/1996,0
6/19/1996,0
6/20/1996,0
6/21/1996,0
6/22/1996,0
6/23/1996,0
6/24/1996,0
6/25/1996,0
6/26/1996,0
6/27/1996,0
6/28/1996,0
6/29/1996,0
6/30/1996,0
7/1/1996,0
7/2/1996,0
7/3/1996,0
7/4/1996,0
7/5/1996,0
7/6/1996,0
7/7/1996,0
7/8/1996,0
7/9/1996,0
7/10/1996,0
7/11/1996,0
7/12/1996,0
7/13/1996,0
7/14/1996,0
7/15/1996,0
7/16/1996,0
7/17/1996,0
7/18/1996,0
7/19/1996,0
7/20/1996,0
7/21/1996,0
7/22/1996,0
7/23/1996,0
7/24/1996,0
7/25/1996,0
7/26/1996,0
7/27/1996,0
7/28/1996,0
7/29/1996,0
7/30/1996,0
7/31/1996,0
8/1/1996,0
8/2/1996,0
8/3/1996,0
8/4/1996,0
8/5/1996,0
8/6/1996,0
8/7/1996,0
8/8/1996,0
8/9/1996,0
8/10/1996,0
8/11/1996,0
8/12/1996,0
8/13/1996,0
8/14/1996,0
8/15/1996,0
8/16/1996,0
8/17/1996,0
8/18/1996,0
8/19/1996,0
8/20/1996,0
8/21/1996,0
8/22/1996,0
8/23/1996,0
8/24/1996,0
8/25/1996,0
8/26/1996,0
8/27/1996,0
8/28/1996,0
8/29/1996,0
8/30/1996,0
8/31/1996,0
9/1/1996,0
9/2/1996,0
9/3/1996,0
9/4/1996,0
9/5/1996,0
9/6/1996,0
9/7/1996,0
9/8/1996,0
9/9/1996,0
9/10/1996,0
9/11/1996,0
9/12/1996,0
9/13/1996,0
9/14/1996,0
9/15/1996,0
9/16/1996,0
9/17/1996,0
9/18/1996,0
9/19/1996,0
9/20/1996,0
9/21/1996,0
9/22/1996,0
9/23/1996,0
9/24/1996,0
9/25/1996,0
9/26/1996,0
9/27/1996,0
9/28/1996,0
9/29/1996,0
9/30/1996,0
10/1/1996,0
10/2/1996,1
10/3/1996,1
10/4/1996,1
10/5/1996,1
10/6/1996,1
10/7/1996,1
10/8/1996,1
10/9/1996,1
10/10/1996,1
10/11/1996,1
10/12/1996,1
10/13/1996,1
10/14/1996,1
10/15/1996,1
10/16/1996,1
10/17/1996,1
10/18/1996,1
10/19/1996,1
10/20/1996,1
10/21/1996,1
10/22/1996,1
10/23/1996,1
10/24/1996,1
10/25/1996,1
10/26/1996,1
10/27/1996,1
10/28/1996,1
10/29/1996,1
10/30/1996,1
10/31/1996,1
11/1/1996,1
11/2/1996,1
11/3/1996,1
11/4/1996,1
11/5/1996,1
11/6/1996,1
11/7/1996,1
11/8/1996,1
11/9/1996,1
11/10/1996,1
11/11/1996,1
11/12/1996,1
11/13/1996,1
11/14/1996,1
11/15/1996,1
11/16/1996,1
11/17/1996,1
11/18/1996,4
11/19/1996,7
11/20/1996,4
11/21/1996,1
11/22/1996,2
11/23/1996,1
11/24/1996,1
11/25/1996,1
11/26/1996,1
11/27/1996,1
11/28/1996,1
11/29/1996,1
11/30/1996,1
12/1/1996,1
12/2/1996,1
12/3/1996,1
12/4/1996,2
12/5/1996,2
12/6/1996,1
12/7/1996,8
12/8/1996,8
12/9/1996,23
12/10/1996,14
12/11/1996,6
12/12/1996,4
12/13/1996,3
12/14/1996,2
12/15/1996,2
12/16/1996,2
12/17/1996,1
12/18/1996,1
12/19/1996,1
12/20/1996,1
12/21/1996,1
12/22/1996,1
12/23/1996,1
12/24/1996,1
12/25/1996,1
12/26/1996,2
12/27/1996,2
12/28/1996,6
12/29/1996,26
12/30/1996,29
12/31/1996,54
1/1/1997,166
1/2/1997,159
1/3/1997,94
1/4/1997,29
1/5/1997,7
1/6/1997,5
1/7/1997,4
1/8/1997,4
1/9/1997,3
1/10/1997,3
1/11/1997,3
1/12/1997,2
1/13/1997,2
1/14/1997,2
1/15/1997,2
1/16/1997,2
1/17/1997,2
1/18/1997,2
1/19/1997,2
1/20/1997,2
1/21/1997,2
1/22/1997,3
1/23/1997,3
1/24/1997,3
1/25/1997,10
1/26/1997,27
1/27/1997,12
1/28/1997,9
1/29/1997,7
1/30/1997,5
1/31/1997,5
2/1/1997,4
2/2/1997,3
2/3/1997,3
2/4/1997,3
2/5/1997,3
2/6/1997,2
2/7/1997,2
2/8/1997,2
2/9/1997,2
2/10/1997,2
2/11/1997,2
2/12/1997,2
2/13/1997,2
2/14/1997,2
2/15/1997,2
2/16/1997,2
2/17/1997,2
2/18/1997,1
2/19/1997,2
2/20/1997,1
2/21/1997,1
2/22/1997,1
2/23/1997,1
2/24/1997,1
2/25/1997,1
2/26/1997,1
2/27/1997,1
2/28/1997,1
3/1/1997,1
3/2/1997,2
3/3/1997,1
3/4/1997,1
3/5/1997,1
3/6/1997,1
3/7/1997,1
3/8/1997,1
3/9/1997,1
3/10/1997,1
3/11/1997,1
3/12/1997,1
3/13/1997,1
3/14/1997,1
3/15/1997,1
3/16/1997,2
3/17/1997,2
3/18/1997,1
3/19/1997,1
3/20/1997,1
3/21/1997,1
3/22/1997,1
3/23/1997,1
3/24/1997,1
3/25/1997,1
3/26/1997,1
3/27/1997,1
3/28/1997,1
3/29/1997,1
3/30/1997,1
3/31/1997,1
4/1/1997,1
4/2/1997,1
4/3/1997,1
4/4/1997,1
4/5/1997,1
4/6/1997,1
4/7/1997,1
4/8/1997,1
4/9/1997,1
4/10/1997,1
4/11/1997,1
4/12/1997,1
4/13/1997,1
4/14/1997,1
4/15/1997,1
4/16/1997,1
4/17/1997,1
4/18/1997,1
4/19/1997,1
4/20/1997,2
4/21/1997,1
4/22/1997,2
4/23/1997,2
4/24/1997,1
4/25/1997,1
4/26/1997,1
4/27/1997,1
4/28/1997,1
4/29/1997,1
4/30/1997,1
5/1/1997,1
5/2/1997,1
5/3/1997,1
5/4/1997,1
5/5/1997,0
5/6/1997,0
5/7/1997,0
5/8/1997,0
5/9/1997,0
5/10/1997,0
5/11/1997,0
5/12/1997,0
5/13/1997,0
5/14/1997,0
5/15/1997,0
5/16/1997,0
5/17/1997,0
5/18/1997,0
5/19/1997,0
5/20/1997,0
5/21/1997,0
5/22/1997,0
5/23/1997,0
5/24/1997,0
5/25/1997,0
5/26/1997,0
5/27/1997,0
5/28/1997,0
5/29/1997,0
5/30/1997,0
5/31/1997,0
6/1/1997,0
6/2/1997,0
6/3/1997,0
6/4/1997,0
6/5/1997,0
6/6/1997,0
6/7/1997,0
6/8/1997,0
6/9/1997,0
6/10/1997,0
6/11/1997,0
6/12/1997,0
6/13/1997,0
6/14/1997,0
6/15/1997,0
6/16/1997,0
6/17/1997,0
6/18/1997,0
6/19/1997,0
6/20/1997,0
6/21/1997,0
6/22/1997,0
6/23/1997,0
6/24/1997,0
6/25/1997,0
6/26/1997,0
6/27/1997,0
6/28/1997,0
6/29/1997,0
6/30/1997,0
7/1/1997,0
7/2/1997,0
7/3/1997,0
7/4/1997,0
7/5/1997,0
7/6/1997,0
7/7/1997,0
7/8/1997,0
7/9/1997,0
7/10/1997,0
7/11/1997,0
7/12/1997,0
7/13/1997,0
7/14/1997,0
7/15/1997,0
7/16/1997,0
7/17/1997,0
7/18/1997,0
7/19/1997,0
7/20/1997,0
7/21/1997,0
7/22/1997,0
7/23/1997,0
7/24/1997,0
7/25/1997,0
7/26/1997,0
7/27/1997,0
7/28/1997,0
7/29/1997,0
7/30/1997,0
7/31/1997,0
8/1/1997,0
8/2/1997,0
8/3/1997,0
8/4/1997,0
8/5/1997,0
8/6/1997,0
8/7/1997,0
8/8/1997,0
8/9/1997,0
8/10/1997,0
8/11/1997,0
8/12/1997,0
8/13/1997,0
8/14/1997,0
8/15/1997,0
8/16/1997,0
8/17/1997,0
8/18/1997,0
8/19/1997,0
8/20/1997,0
8/21/1997,0
8/22/1997,0
8/23/1997,0
8/24/1997,0
8/25/1997,0
8/26/1997,0
8/27/1997,0
8/28/1997,0
8/29/1997,0
8/30/1997,0
8/31/1997,0
9/1/1997,0
9/2/1997,0
9/3/1997,0
9/4/1997,0
9/5/1997,0
9/6/1997,0
9/7/1997,0
9/8/1997,0
9/9/1997,0
9/10/1997,0
9/11/1997,0
9/12/1997,0
9/13/1997,0
9/14/1997,0
9/15/1997,0
9/16/1997,0
9/17/1997,0
9/18/1997,0
9/19/1997,0
9/20/1997,0
9/21/1997,0
9/22/1997,0
9/23/1997,0
9/24/1997,0
9/25/1997,0
9/26/1997,0
9/27/1997,0
9/28/1997,0
9/29/1997,0
9/30/1997,0
10/1/1997,0
10/2/1997,0
10/3/1997,0
10/4/1997,0
10/5/1997,0
10/6/1997,0
10/7/1997,0
10/8/1997,0
10/9/1997,0
10/10/1997,0
10/11/1997,0
10/12/1997,0
10/13/1997,0
10/14/1997,0
10/15/1997,0
10/16/1997,0
10/17/1997,0
10/18/1997,0
10/19/1997,0
10/20/1997,0
10/21/1997,0
10/22/1997,0
10/23/1997,0
10/24/1997,0
10/25/1997,0
10/26/1997,0
10/27/1997,0
10/28/1997,0
10/29/1997,0
10/30/1997,0
10/31/1997,0
11/1/1997,0
11/2/1997,0
11/3/1997,0
11/4/1997,0
11/5/1997,0
11/6/1997,1
11/7/1997,1
11/8/1997,1
11/9/1997,1
11/10/1997,1
11/11/1997,1
11/12/1997,1
11/13/1997,1
11/14/1997,1
11/15/1997,1
11/16/1997,2
11/17/1997,1
11/18/1997,1
11/19/1997,4
11/20/1997,1
11/21/1997,1
11/22/1997,1
11/23/1997,1
11/24/1997,1
11/25/1997,1
11/26/1997,7
11/27/1997,3
11/28/1997,2
11/29/1997,2
11/30/1997,3
12/1/1997,2
12/2/1997,1
12/3/1997,1
12/4/1997,1
12/5/1997,1
12/6/1997,1
12/7/1997,5
12/8/1997,2
12/9/1997,2
12/10/1997,1
12/11/1997,1
12/12/1997,1
12/13/1997,1
12/14/1997,2
12/15/1997,2
12/16/1997,2
12/17/1997,1
12/18/1997,1
12/19/1997,1
12/20/1997,1
12/21/1997,1
12/22/1997,1
12/23/1997,1
12/24/1997,1
12/25/1997,1
12/26/1997,1
12/27/1997,1
12/28/1997,1
12/29/1997,1
12/30/1997,1
12/31/1997,1
1/1/1998,1
1/2/1998,2
1/3/1998,3
1/4/1998,3
1/5/1998,2
1/6/1998,2
1/7/1998,2
1/8/1998,2
1/9/1998,2
1/10/1998,2
1/11/1998,4
1/12/1998,11
1/13/1998,6
1/14/1998,29
1/15/1998,15
1/16/1998,9
1/17/1998,11
1/18/1998,10
1/19/1998,8
1/20/1998,6
1/21/1998,5
1/22/1998,4
1/23/1998,3
1/24/1998,3
1/25/1998,3
1/26/1998,8
1/27/1998,8
1/28/1998,6
1/29/1998,8
1/30/1998,7
1/31/1998,6
2/1/1998,16
2/2/1998,13
2/3/1998,34
2/4/1998,25
2/5/1998,27
2/6/1998,36
2/7/1998,142
2/8/1998,157
2/9/1998,68
2/10/1998,29
2/11/1998,14
2/12/1998,18
2/13/1998,17
2/14/1998,18
2/15/1998,12
2/16/1998,12
2/17/1998,14
2/18/1998,11
2/19/1998,32
2/20/1998,16
2/21/1998,34
2/22/1998,16
2/23/1998,15
2/24/1998,13
2/25/1998,10
2/26/1998,7
2/27/1998,6
2/28/1998,5
3/1/1998,5
3/2/1998,4
3/3/1998,4
3/4/1998,4
3/5/1998,3
3/6/1998,3
3/7/1998,3
3/8/1998,3
3/9/1998,3
3/10/1998,3
3/11/1998,3
3/12/1998,3
3/13/1998,4
3/14/1998,3
3/15/1998,3
3/16/1998,3
3/17/1998,3
3/18/1998,3
3/19/1998,3
3/20/1998,3
3/21/1998,4
3/22/1998,24
3/23/1998,36
3/24/1998,18
3/25/1998,12
3/26/1998,9
3/27/1998,7
3/28/1998,6
3/29/1998,6
3/30/1998,5
3/31/1998,6
4/1/1998,6
4/2/1998,6
4/3/1998,10
4/4/1998,8
4/5/1998,7
4/6/1998,6
4/7/1998,6
4/8/1998,5
4/9/1998,6
4/10/1998,6
4/11/1998,5
4/12/1998,5
4/13/1998,4
4/14/1998,4
4/15/1998,4
4/16/1998,3
4/17/1998,3
4/18/1998,3
4/19/1998,3
4/20/1998,3
4/21/1998,3
4/22/1998,3
4/23/1998,3
4/24/1998,3
4/25/1998,3
4/26/1998,2
4/27/1998,2
4/28/1998,1
4/29/1998,2
4/30/1998,2
5/1/1998,2
5/2/1998,3
5/3/1998,2
5/4/1998,2
5/5/1998,2
5/6/1998,2
5/7/1998,2
5/8/1998,2
5/9/1998,2
5/10/1998,2
5/11/1998,2
5/12/1998,5
5/13/1998,3
5/14/1998,3
5/15/1998,3
5/16/1998,3
5/17/1998,3
5/18/1998,3
5/19/1998,3
5/20/1998,3
5/21/1998,2
5/22/1998,2
5/23/1998,2
5/24/1998,2
5/25/1998,2
5/26/1998,2
5/27/1998,3
5/28/1998,8
5/29/1998,22
5/30/1998,12
5/31/1998,7
6/1/1998,5
6/2/1998,4
6/3/1998,4
6/4/1998,3
6/5/1998,2
6/6/1998,1
6/7/1998,1
6/8/1998,1
6/9/1998,1
6/10/1998,0
6/11/1998,1
6/12/1998,0
6/13/1998,0
6/14/1998,0
6/15/1998,0
6/16/1998,0
6/17/1998,0
6/18/1998,0
6/19/1998,0
6/20/1998,0
6/21/1998,0
6/22/1998,0
6/23/1998,0
6/24/1998,0
6/25/1998,0
6/26/1998,0
6/27/1998,0
6/28/1998,0
6/29/1998,0
6/30/1998,0
7/1/1998,0
7/2/1998,0
7/3/1998,0
7/4/1998,0
7/5/1998,0
7/6/1998,0
7/7/1998,0
7/8/1998,0
7/9/1998,0
7/10/1998,0
7/11/1998,0
7/12/1998,0
7/13/1998,0
7/14/1998,0
7/15/1998,0
7/16/1998,0
7/17/1998,0
7/18/1998,0
7/19/1998,0
7/20/1998,0
7/21/1998,0
7/22/1998,0
7/23/1998,0
7/24/1998,0
7/25/1998,0
7/26/1998,0
7/27/1998,0
7/28/1998,0
7/29/1998,0
7/30/1998,0
7/31/1998,0
8/1/1998,0
8/2/1998,0
8/3/1998,0
8/4/1998,0
8/5/1998,0
8/6/1998,0
8/7/1998,2
8/8/1998,3
8/9/1998,3
8/10/1998,3
8/11/1998,2
8/12/1998,2
8/13/1998,2
8/14/1998,2
8/15/1998,2
8/16/1998,1
8/17/1998,1
8/18/1998,1
8/19/1998,0
8/20/1998,0
8/21/1998,0
8/22/1998,0
8/23/1998,0
8/24/1998,0
8/25/1998,0
8/26/1998,0
8/27/1998,0
8/28/1998,0
8/29/1998,0
8/30/1998,0
8/31/1998,0
9/1/1998,0
9/2/1998,0
9/3/1998,0
9/4/1998,0
9/5/1998,0
9/6/1998,0
9/7/1998,0
9/8/1998,0
9/9/1998,0
9/10/1998,0
9/11/1998,0
9/12/1998,0
9/13/1998,0
9/14/1998,0
9/15/1998,0
9/16/1998,0
9/17/1998,0
9/18/1998,0
9/19/1998,0
9/20/1998,0
9/21/1998,0
9/22/1998,0
9/23/1998,0
9/24/1998,0
9/25/1998,0
9/26/1998,0
9/27/1998,0
9/28/1998,0
9/29/1998,0
9/30/1998,0
10/1/1998,0
10/2/1998,0
10/3/1998,0
10/4/1998,0
10/5/1998,0
10/6/1998,2
10/7/1998,2
10/8/1998,2
10/9/1998,2
10/10/1998,2
10/11/1998,2
10/12/1998,2
10/13/1998,2
10/14/1998,2
10/15/1998,2
10/16/1998,2
10/17/1998,2
10/18/1998,2
10/19/1998,2
10/20/1998,2
10/21/1998,2
10/22/1998,2
10/23/1998,2
10/24/1998,2
10/25/1998,2
10/26/1998,2
10/27/1998,2
10/28/1998,2
10/29/1998,2
10/30/1998,2
10/31/1998,2
11/1/1998,2
11/2/1998,2
11/3/1998,2
11/4/1998,2
11/5/1998,2
11/6/1998,2
11/7/1998,3
11/8/1998,2
11/9/1998,2
11/10/1998,2
11/11/1998,2
11/12/1998,2
11/13/1998,2
11/14/1998,2
11/15/1998,2
11/16/1998,2
11/17/1998,2
11/18/1998,2
11/19/1998,2
11/20/1998,2
11/21/1998,2
11/22/1998,2
11/23/1998,14
11/24/1998,4
11/25/1998,3
11/26/1998,3
11/27/1998,2
11/28/1998,2
11/29/1998,7
11/30/1998,12
12/1/1998,7
12/2/1998,7
12/3/1998,9
12/4/1998,5
12/5/1998,4
12/6/1998,3
12/7/1998,3
12/8/1998,3
12/9/1998,2
12/10/1998,2
12/11/1998,2
12/12/1998,2
12/13/1998,2
12/14/1998,2
12/15/1998,2
12/16/1998,2
12/17/1998,2
12/18/1998,2
12/19/1998,2
12/20/1998,2
12/21/1998,2
12/22/1998,2
12/23/1998,2
12/24/1998,2
12/25/1998,2
12/26/1998,2
12/27/1998,2
12/28/1998,2
12/29/1998,2
12/30/1998,2
12/31/1998,2
1/1/1999,2
1/2/1999,2
1/3/1999,2
1/4/1999,2
1/5/1999,2
1/6/1999,2
1/7/1999,2
1/8/1999,2
1/9/1999,2
1/10/1999,2
1/11/1999,2
1/12/1999,2
1/13/1999,2
1/14/1999,2
1/15/1999,2
1/16/1999,2
1/17/1999,3
1/18/1999,5
1/19/1999,3
1/20/1999,3
1/21/1999,3
1/22/1999,10
1/23/1999,10
1/24/1999,5
1/25/1999,4
1/26/1999,3
1/27/1999,3
1/28/1999,3
1/29/1999,3
1/30/1999,3
1/31/1999,3
2/1/1999,2
2/2/1999,2
2/3/1999,2
2/4/1999,2
2/5/1999,2
2/6/1999,17
2/7/1999,27
2/8/1999,9
2/9/1999,7
2/10/1999,5
2/11/1999,4
2/12/1999,4
2/13/1999,4
2/14/1999,4
2/15/1999,3
2/16/1999,7
2/17/1999,9
2/18/1999,7
2/19/1999,6
2/20/1999,6
2/21/1999,8
2/22/1999,7
2/23/1999,7
2/24/1999,6
2/25/1999,8
2/26/1999,6
2/27/1999,5
2/28/1999,6
3/1/1999,5
3/2/1999,5
3/3/1999,4
3/4/1999,4
3/5/1999,4
3/6/1999,4
3/7/1999,3
3/8/1999,5
3/9/1999,6
3/10/1999,5
3/11/1999,4
3/12/1999,4
3/13/1999,4
3/14/1999,4
3/15/1999,4
3/16/1999,4
3/17/1999,3
3/18/1999,3
3/19/1999,3
3/20/1999,4
3/21/1999,4
3/22/1999,4
3/23/1999,5
3/24/1999,16
3/25/1999,15
3/26/1999,9
3/27/1999,7
3/28/1999,5
3/29/1999,5
3/30/1999,4
3/31/1999,4
4/1/1999,4
4/2/1999,4
4/3/1999,3
4/4/1999,3
4/5/1999,4
4/6/1999,4
4/7/1999,3
4/8/1999,4
4/9/1999,4
4/10/1999,5
4/11/1999,8
4/12/1999,6
4/13/1999,5
4/14/1999,5
4/15/1999,4
4/16/1999,4
4/17/1999,4
4/18/1999,4
4/19/1999,3
4/20/1999,3
4/21/1999,3
4/22/1999,3
4/23/1999,3
4/24/1999,3
4/25/1999,3
4/26/1999,3
4/27/1999,3
4/28/1999,3
4/29/1999,3
4/30/1999,3
5/1/1999,3
5/2/1999,3
5/3/1999,3
5/4/1999,3
5/5/1999,3
5/6/1999,2
5/7/1999,2
5/8/1999,2
5/9/1999,2
5/10/1999,2
5/11/1999,2
5/12/1999,2
5/13/1999,2
5/14/1999,2
5/15/1999,2
5/16/1999,2
5/17/1999,2
5/18/1999,2
5/19/1999,2
5/20/1999,2
5/21/1999,2
5/22/1999,2
5/23/1999,2
5/24/1999,2
5/25/1999,2
5/26/1999,2
5/27/1999,2
5/28/1999,2
5/29/1999,2
5/30/1999,2
5/31/1999,2
6/1/1999,1
6/2/1999,1
6/3/1999,1
6/4/1999,1
6/5/1999,1
6/6/1999,1
6/7/1999,1
6/8/1999,1
6/9/1999,1
6/10/1999,1
6/11/1999,1
6/12/1999,1
6/13/1999,1
6/14/1999,1
6/15/1999,1
6/16/1999,1
6/17/1999,1
6/18/1999,1
6/19/1999,1
6/20/1999,1
6/21/1999,1
6/22/1999,1
6/23/1999,1
6/24/1999,1
6/25/1999,1
6/26/1999,1
6/27/1999,1
6/28/1999,1
6/29/1999,1
6/30/1999,0
7/1/1999,1
7/2/1999,1
7/3/1999,1
7/4/1999,1
7/5/1999,1
7/6/1999,1
7/7/1999,0
7/8/1999,0
7/9/1999,0
7/10/1999,0
7/11/1999,0
7/12/1999,0
7/13/1999,0
7/14/1999,0
7/15/1999,0
7/16/1999,0
7/17/1999,0
7/18/1999,0
7/19/1999,0
7/20/1999,0
7/21/1999,0
7/22/1999,0
7/23/1999,0
7/24/1999,0
7/25/1999,0
7/26/1999,0
7/27/1999,0
7/28/1999,0
7/29/1999,0
7/30/1999,0
7/31/1999,0
8/1/1999,0
8/2/1999,0
8/3/1999,0
8/4/1999,0
8/5/1999,0
8/6/1999,0
8/7/1999,0
8/8/1999,0
8/9/1999,0
8/10/1999,1
8/11/1999,1
8/12/1999,1
8/13/1999,1
8/14/1999,1
8/15/1999,1
8/16/1999,1
8/17/1999,1
8/18/1999,1
8/19/1999,1
8/20/1999,1
8/21/1999,1
8/22/1999,1
8/23/1999,1
8/24/1999,1
8/25/1999,1
8/26/1999,1
8/27/1999,1
8/28/1999,1
8/29/1999,1
8/30/1999,1
8/31/1999,1
9/1/1999,1
9/2/1999,1
9/3/1999,1
9/4/1999,1
9/5/1999,1
9/6/1999,1
9/7/1999,1
9/8/1999,1
9/9/1999,1
9/10/1999,2
9/11/1999,2
9/12/1999,2
9/13/1999,2
9/14/1999,2
9/15/1999,2
9/16/1999,2
9/17/1999,2
9/18/1999,2
9/19/1999,2
9/20/1999,2
9/21/1999,2
9/22/1999,2
9/23/1999,2
9/24/1999,2
9/25/1999,2
9/26/1999,2
9/27/1999,2
9/28/1999,2
9/29/1999,2
9/30/1999,2
10/1/1999,2
10/2/1999,1
10/3/1999,1
10/4/1999,1
10/5/1999,1
10/6/1999,2
10/7/1999,1
10/8/1999,1
10/9/1999,1
10/10/1999,1
10/11/1999,1
10/12/1999,1
10/13/1999,1
10/14/1999,1
10/15/1999,1
10/16/1999,1
10/17/1999,1
10/18/1999,1
10/19/1999,1
10/20/1999,2
10/21/1999,1
10/22/1999,1
10/23/1999,1
10/24/1999,1
10/25/1999,1
10/26/1999,1
10/27/1999,2
10/28/1999,2
10/29/1999,2
10/30/1999,1
10/31/1999,1
11/1/1999,1
11/2/1999,1
11/3/1999,1
11/4/1999,1
11/5/1999,1
11/6/1999,1
11/7/1999,1
11/8/1999,2
11/9/1999,1
11/10/1999,2
11/11/1999,2
11/12/1999,2
11/13/1999,2
11/14/1999,2
11/15/1999,2
11/16/1999,2
11/17/1999,2
11/18/1999,2
11/19/1999,3
11/20/1999,2
11/21/1999,2
11/22/1999,2
11/23/1999,2
11/24/1999,2
11/25/1999,2
11/26/1999,2
11/27/1999,2
11/28/1999,2
11/29/1999,2
11/30/1999,3
12/1/1999,2
12/2/1999,2
12/3/1999,2
12/4/1999,2
12/5/1999,2
12/6/1999,2
12/7/1999,2
12/8/1999,2
12/9/1999,2
12/10/1999,2
12/11/1999,2
12/12/1999,2
12/13/1999,2
12/14/1999,2
12/15/1999,2
12/16/1999,2
12/17/1999,2
12/18/1999,2
12/19/1999,2
12/20/1999,2
12/21/1999,2
12/22/1999,2
12/23/1999,2
12/24/1999,2
12/25/1999,2
12/26/1999,2
12/27/1999,2
12/28/1999,2
12/29/1999,2
12/30/1999,2
12/31/1999,2
1/1/2000,2
1/2/2000,2
1/3/2000,2
1/4/2000,2
1/5/2000,2
1/6/2000,2
1/7/2000,2
1/8/2000,2
1/9/2000,2
1/10/2000,2
1/11/2000,3
1/12/2000,2
1/13/2000,2
1/14/2000,3
1/15/2000,5
1/16/2000,5
1/17/2000,3
1/18/2000,3
1/19/2000,4
1/20/2000,5
1/21/2000,3
1/22/2000,3
1/23/2000,3
1/24/2000,6
1/25/2000,6
1/26/2000,4
1/27/2000,3
1/28/2000,3
1/29/2000,2
1/30/2000,3
1/31/2000,3
2/1/2000,4
2/2/2000,3
2/3/2000,3
2/4/2000,3
2/5/2000,7
2/6/2000,7
2/7/2000,4
2/8/2000,3
2/9/2000,3
2/10/2000,6
2/11/2000,16
2/12/2000,19
2/13/2000,29
2/14/2000,24
2/15/2000,10
2/16/2000,7
2/17/2000,5
2/18/2000,4
2/19/2000,4
2/20/2000,4
2/21/2000,5
2/22/2000,14
2/23/2000,14
2/24/2000,8
2/25/2000,7
2/26/2000,25
2/27/2000,18
2/28/2000,11
2/29/2000,22
3/1/2000,12
3/2/2000,9
3/3/2000,7
3/4/2000,7
3/5/2000,9
3/6/2000,8
3/7/2000,8
3/8/2000,12
3/9/2000,11
3/10/2000,9
3/11/2000,10
3/12/2000,8
3/13/2000,6
3/14/2000,5
3/15/2000,4
3/16/2000,4
3/17/2000,4
3/18/2000,3
3/19/2000,3
3/20/2000,3
3/21/2000,3
3/22/2000,3
3/23/2000,3
3/24/2000,3
3/25/2000,3
3/26/2000,3
3/27/2000,3
3/28/2000,3
3/29/2000,3
3/30/2000,3
3/31/2000,3
4/1/2000,3
4/2/2000,3
4/3/2000,3
4/4/2000,2
4/5/2000,2
4/6/2000,2
4/7/2000,2
4/8/2000,2
4/9/2000,2
4/10/2000,2
4/11/2000,2
4/12/2000,2
4/13/2000,3
4/14/2000,3
4/15/2000,3
4/16/2000,3
4/17/2000,9
4/18/2000,6
4/19/2000,4
4/20/2000,4
4/21/2000,3
4/22/2000,3
4/23/2000,3
4/24/2000,3
4/25/2000,3
4/26/2000,3
4/27/2000,3
4/28/2000,3
4/29/2000,3
4/30/2000,2
5/1/2000,2
5/2/2000,2
5/3/2000,2
5/4/2000,2
5/5/2000,2
5/6/2000,2
5/7/2000,2
5/8/2000,2
5/9/2000,2
5/10/2000,2
5/11/2000,2
5/12/2000,2
5/13/2000,2
5/14/2000,2
5/15/2000,4
5/16/2000,3
5/17/2000,3
5/18/2000,2
5/19/2000,2
5/20/2000,1
5/21/2000,1
5/22/2000,0
5/23/2000,0
5/24/2000,0
5/25/2000,0
5/26/2000,0
5/27/2000,0
5/28/2000,0
5/29/2000,0
5/30/2000,0
5/31/2000,0
6/1/2000,0
6/2/2000,0
6/3/2000,0
6/4/2000,0
6/5/2000,0
6/6/2000,0
6/7/2000,0
6/8/2000,0
6/9/2000,0
6/10/2000,0
6/11/2000,0
6/12/2000,0
6/13/2000,0
6/14/2000,0
6/15/2000,0
6/16/2000,0
6/17/2000,0
6/18/2000,0
6/19/2000,0
6/20/2000,0
6/21/2000,0
6/22/2000,0
6/23/2000,0
6/24/2000,0
6/25/2000,0
6/26/2000,0
6/27/2000,0
6/28/2000,0
6/29/2000,0
6/30/2000,0
7/1/2000,0
7/2/2000,0
7/3/2000,0
7/4/2000,0
7/5/2000,0
7/6/2000,0
7/7/2000,0
7/8/2000,0
7/9/2000,0
7/10/2000,0
7/11/2000,0
7/12/2000,0
7/13/2000,0
7/14/2000,0
7/15/2000,0
7/16/2000,0
7/17/2000,0
7/18/2000,0
7/19/2000,0
7/20/2000,0
7/21/2000,0
7/22/2000,0
7/23/2000,0
7/24/2000,0
7/25/2000,0
7/26/2000,0
7/27/2000,0
7/28/2000,0
7/29/2000,0
7/30/2000,0
7/31/2000,0
8/1/2000,0
8/2/2000,0
8/3/2000,0
8/4/2000,0
8/5/2000,0
8/6/2000,0
8/7/2000,0
8/8/2000,0
8/9/2000,0
8/10/2000,0
8/11/2000,0
8/12/2000,0
8/13/2000,0
8/14/2000,0
8/15/2000,0
8/16/2000,0
8/17/2000,0
8/18/2000,0
8/19/2000,0
8/20/2000,0
8/21/2000,0
8/22/2000,0
8/23/2000,0
8/24/2000,0
8/25/2000,0
8/26/2000,0
8/27/2000,0
8/28/2000,0
8/29/2000,0
8/30/2000,0
8/31/2000,0
9/1/2000,0
9/2/2000,0
9/3/2000,0
9/4/2000,0
9/5/2000,0
9/6/2000,0
9/7/2000,0
9/8/2000,0
9/9/2000,0
9/10/2000,0
9/11/2000,0
9/12/2000,0
9/13/2000,0
9/14/2000,0
9/15/2000,0
9/16/2000,0
9/17/2000,0
9/18/2000,0
9/19/2000,0
9/20/2000,0
9/21/2000,0
9/22/2000,0
9/23/2000,0
9/24/2000,0
9/25/2000,0
9/26/2000,0
9/27/2000,0
9/28/2000,0
9/29/2000,0
9/30/2000,0
10/1/2000,0
10/2/2000,0
10/3/2000,0
10/4/2000,0
10/5/2000,0
10/6/2000,0
10/7/2000,0
10/8/2000,0
10/9/2000,0
10/10/2000,0
10/11/2000,0
10/12/2000,0
10/13/2000,0
10/14/2000,0
10/15/2000,0
10/16/2000,0
10/17/2000,0
10/18/2000,0
10/19/2000,0
10/20/2000,0
10/21/2000,0
10/22/2000,0
10/23/2000,0
10/24/2000,0
10/25/2000,0
10/26/2000,0
10/27/2000,0
10/28/2000,0
10/29/2000,0
10/30/2000,0
10/31/2000,0
11/1/2000,0
11/2/2000,0
11/3/2000,0
11/4/2000,0
11/5/2000,0
11/6/2000,0
11/7/2000,0
11/8/2000,0
11/9/2000,0
11/10/2000,0
11/11/2000,0
11/12/2000,0
11/13/2000,0
11/14/2000,0
11/15/2000,0
11/16/2000,0
11/17/2000,0
11/18/2000,0
11/19/2000,0
11/20/2000,0
11/21/2000,0
11/22/2000,1
11/23/2000,1
11/24/2000,1
11/25/2000,1
11/26/2000,1
11/27/2000,1
11/28/2000,1
11/29/2000,1
11/30/2000,1
12/1/2000,1
12/2/2000,1
12/3/2000,1
12/4/2000,1
12/5/2000,1
12/6/2000,1
12/7/2000,1
12/8/2000,1
12/9/2000,1
12/10/2000,1
12/11/2000,1
12/12/2000,1
12/13/2000,2
12/14/2000,2
12/15/2000,1
12/16/2000,1
12/17/2000,1
12/18/2000,1
12/19/2000,1
12/20/2000,1
12/21/2000,1
12/22/2000,1
12/23/2000,1
12/24/2000,1
12/25/2000,1
12/26/2000,1
12/27/2000,1
12/28/2000,1
12/29/2000,1
12/30/2000,1
12/31/2000,1
1/1/2001,1
1/2/2001,1
1/3/2001,1
1/4/2001,1
1/5/2001,1
1/6/2001,1
1/7/2001,1
1/8/2001,1
1/9/2001,1
1/10/2001,3
1/11/2001,2
1/12/2001,1
1/13/2001,1
1/14/2001,1
1/15/2001,1
1/16/2001,1
1/17/2001,1
1/18/2001,1
1/19/2001,1
1/20/2001,1
1/21/2001,1
1/22/2001,1
1/23/2001,1
1/24/2001,5
1/25/2001,4
1/26/2001,3
1/27/2001,2
1/28/2001,1
1/29/2001,1
1/30/2001,1
1/31/2001,1
2/1/2001,1
2/2/2001,1
2/3/2001,1
2/4/2001,1
2/5/2001,1
2/6/2001,1
2/7/2001,1
2/8/2001,1
2/9/2001,1
2/10/2001,3
2/11/2001,5
2/12/2001,4
2/13/2001,3
2/14/2001,2
2/15/2001,1
2/16/2001,1
2/17/2001,1
2/18/2001,3
2/19/2001,5
2/20/2001,12
2/21/2001,15
2/22/2001,8
2/23/2001,5
2/24/2001,5
2/25/2001,12
2/26/2001,6
2/27/2001,4
2/28/2001,3
3/1/2001,2
3/2/2001,3
3/3/2001,2
3/4/2001,10
3/5/2001,12
3/6/2001,7
3/7/2001,4
3/8/2001,3
3/9/2001,3
3/10/2001,2
3/11/2001,1
3/12/2001,0
3/13/2001,0
3/14/2001,0
3/15/2001,0
3/16/2001,1
3/17/2001,1
3/18/2001,1
3/19/2001,1
3/20/2001,1
3/21/2001,1
3/22/2001,1
3/23/2001,1
3/24/2001,1
3/25/2001,1
3/26/2001,1
3/27/2001,1
3/28/2001,1
3/29/2001,1
3/30/2001,1
3/31/2001,1
4/1/2001,1
4/2/2001,1
4/3/2001,1
4/4/2001,1
4/5/2001,1
4/6/2001,1
4/7/2001,1
4/8/2001,1
4/9/2001,1
4/10/2001,1
4/11/2001,1
4/12/2001,1
4/13/2001,1
4/14/2001,1
4/15/2001,1
4/16/2001,1
4/17/2001,1
4/18/2001,1
4/19/2001,1
4/20/2001,1
4/21/2001,1
4/22/2001,1
4/23/2001,1
4/24/2001,1
4/25/2001,1
4/26/2001,1
4/27/2001,1
4/28/2001,1
4/29/2001,1
4/30/2001,1
5/1/2001,1
5/2/2001,1
5/3/2001,1
5/4/2001,1
5/5/2001,1
5/6/2001,0
5/7/2001,0
5/8/2001,0
5/9/2001,0
5/10/2001,0
5/11/2001,0
5/12/2001,0
5/13/2001,0
5/14/2001,0
5/15/2001,0
5/16/2001,0
5/17/2001,0
5/18/2001,0
5/19/2001,0
5/20/2001,0
5/21/2001,0
5/22/2001,0
5/23/2001,0
5/24/2001,0
5/25/2001,0
5/26/2001,0
5/27/2001,0
5/28/2001,0
5/29/2001,0
5/30/2001,0
5/31/2001,0
6/1/2001,0
6/2/2001,0
6/3/2001,0
6/4/2001,0
6/5/2001,0
6/6/2001,0
6/7/2001,0
6/8/2001,0
6/9/2001,0
6/10/2001,0
6/11/2001,0
6/12/2001,0
6/13/2001,0
6/14/2001,0
6/15/2001,0
6/16/2001,0
6/17/2001,0
6/18/2001,0
6/19/2001,0
6/20/2001,0
6/21/2001,0
6/22/2001,0
6/23/2001,0
6/24/2001,0
6/25/2001,0
6/26/2001,0
6/27/2001,1
6/28/2001,0
6/29/2001,0
6/30/2001,0
7/1/2001,0
7/2/2001,0
7/3/2001,0
7/4/2001,0
7/5/2001,0
7/6/2001,0
7/7/2001,0
7/8/2001,0
7/9/2001,0
7/10/2001,0
7/11/2001,0
7/12/2001,0
7/13/2001,0
7/14/2001,0
7/15/2001,0
7/16/2001,0
7/17/2001,0
7/18/2001,0
7/19/2001,0
7/20/2001,0
7/21/2001,0
7/22/2001,0
7/23/2001,0
7/24/2001,0
7/25/2001,0
7/26/2001,0
7/27/2001,0
7/28/2001,0
7/29/2001,0
7/30/2001,0
7/31/2001,0
8/1/2001,0
8/2/2001,0
8/3/2001,0
8/4/2001,0
8/5/2001,0
8/6/2001,0
8/7/2001,0
8/8/2001,0
8/9/2001,0
8/10/2001,0
8/11/2001,0
8/12/2001,0
8/13/2001,0
8/14/2001,0
8/15/2001,0
8/16/2001,0
8/17/2001,0
8/18/2001,0
8/19/2001,0
8/20/2001,0
8/21/2001,0
8/22/2001,0
8/23/2001,0
8/24/2001,0
8/25/2001,0
8/26/2001,0
8/27/2001,0
8/28/2001,0
8/29/2001,0
8/30/2001,0
8/31/2001,0
9/1/2001,0
9/2/2001,0
9/3/2001,0
9/4/2001,0
9/5/2001,0
9/6/2001,0
9/7/2001,0
9/8/2001,0
9/9/2001,0
9/10/2001,0
9/11/2001,0
9/12/2001,0
9/13/2001,0
9/14/2001,0
9/15/2001,0
9/16/2001,0
9/17/2001,0
9/18/2001,0
9/19/2001,0
9/20/2001,0
9/21/2001,0
9/22/2001,0
9/23/2001,0
9/24/2001,0
9/25/2001,0
9/26/2001,0
9/27/2001,0
9/28/2001,0
9/29/2001,0
9/30/2001,0
10/1/2001,0
10/2/2001,0
10/3/2001,0
10/4/2001,0
10/5/2001,0
10/6/2001,0
10/7/2001,1
10/8/2001,1
10/9/2001,1
10/10/2001,1
10/11/2001,1
10/12/2001,1
10/13/2001,1
10/14/2001,1
10/15/2001,1
10/16/2001,1
10/17/2001,1
10/18/2001,1
10/19/2001,1
10/20/2001,1
10/21/2001,1
10/22/2001,1
10/23/2001,1
10/24/2001,1
10/25/2001,1
10/26/2001,1
10/27/2001,1
10/28/2001,1
10/29/2001,1
10/30/2001,2
10/31/2001,2
11/1/2001,1
11/2/2001,1
11/3/2001,1
11/4/2001,1
11/5/2001,1
11/6/2001,1
11/7/2001,1
11/8/2001,1
11/9/2001,1
11/10/2001,1
11/11/2001,1
11/12/2001,2
11/13/2001,3
11/14/2001,3
11/15/2001,2
11/16/2001,2
11/17/2001,2
11/18/2001,2
11/19/2001,2
11/20/2001,2
11/21/2001,6
11/22/2001,4
11/23/2001,2
11/24/2001,5
11/25/2001,3
11/26/2001,2
11/27/2001,2
11/28/2001,4
11/29/2001,9
11/30/2001,4
12/1/2001,16
12/2/2001,14
12/3/2001,8
12/4/2001,5
12/5/2001,7
12/6/2001,7
12/7/2001,5
12/8/2001,4
12/9/2001,4
12/10/2001,3
12/11/2001,3
12/12/2001,3
12/13/2001,4
12/14/2001,7
12/15/2001,4
12/16/2001,4
12/17/2001,4
12/18/2001,4
12/19/2001,6
12/20/2001,14
12/21/2001,9
12/22/2001,16
12/23/2001,12
12/24/2001,7
12/25/2001,5
12/26/2001,4
12/27/2001,4
12/28/2001,4
12/29/2001,7
12/30/2001,7
12/31/2001,9
1/1/2002,10
1/2/2002,34
1/3/2002,13
1/4/2002,8
1/5/2002,8
1/6/2002,9
1/7/2002,8
1/8/2002,7
1/9/2002,6
1/10/2002,5
1/11/2002,5
1/12/2002,4
1/13/2002,4
1/14/2002,4
1/15/2002,4
1/16/2002,3
1/17/2002,3
1/18/2002,3
1/19/2002,3
1/20/2002,3
1/21/2002,3
1/22/2002,3
1/23/2002,3
1/24/2002,3
1/25/2002,3
1/26/2002,3
1/27/2002,3
1/28/2002,3
1/29/2002,3
1/30/2002,3
1/31/2002,2
2/1/2002,2
2/2/2002,2
2/3/2002,2
2/4/2002,2
2/5/2002,2
2/6/2002,2
2/7/2002,3
2/8/2002,3
2/9/2002,3
2/10/2002,3
2/11/2002,3
2/12/2002,3
2/13/2002,3
2/14/2002,2
2/15/2002,2
2/16/2002,2
2/17/2002,2
2/18/2002,2
2/19/2002,7
2/20/2002,9
2/21/2002,5
2/22/2002,4
2/23/2002,3
2/24/2002,3
2/25/2002,3
2/26/2002,2
2/27/2002,2
2/28/2002,2
3/1/2002,2
3/2/2002,2
3/3/2002,2
3/4/2002,2
3/5/2002,2
3/6/2002,2
3/7/2002,2
3/8/2002,2
3/9/2002,2
3/10/2002,4
3/11/2002,3
3/12/2002,3
3/13/2002,2
3/14/2002,2
3/15/2002,2
3/16/2002,2
3/17/2002,2
3/18/2002,2
3/19/2002,2
3/20/2002,1
3/21/2002,1
3/22/2002,2
3/23/2002,4
3/24/2002,4
3/25/2002,3
3/26/2002,3
3/27/2002,2
3/28/2002,2
3/29/2002,2
3/30/2002,2
3/31/2002,2
4/1/2002,2
4/2/2002,2
4/3/2002,2
4/4/2002,2
4/5/2002,2
4/6/2002,2
4/7/2002,1
4/8/2002,1
4/9/2002,2
4/10/2002,2
4/11/2002,1
4/12/2002,1
4/13/2002,1
4/14/2002,1
4/15/2002,1
4/16/2002,1
4/17/2002,1
4/18/2002,1
4/19/2002,1
4/20/2002,1
4/21/2002,1
4/22/2002,1
4/23/2002,1
4/24/2002,1
4/25/2002,1
4/26/2002,1
4/27/2002,1
4/28/2002,1
4/29/2002,1
4/30/2002,1
5/1/2002,1
5/2/2002,1
5/3/2002,1
5/4/2002,1
5/5/2002,1
5/6/2002,1
5/7/2002,1
5/8/2002,1
5/9/2002,1
5/10/2002,1
5/11/2002,1
5/12/2002,1
5/13/2002,1
5/14/2002,1
5/15/2002,1
5/16/2002,1
5/17/2002,1
5/18/2002,1
5/19/2002,1
5/20/2002,1
5/21/2002,1
5/22/2002,1
5/23/2002,1
5/24/2002,1
5/25/2002,1
5/26/2002,1
5/27/2002,1
5/28/2002,1
5/29/2002,1
5/30/2002,1
5/31/2002,1
6/1/2002,1
6/2/2002,1
6/3/2002,1
6/4/2002,1
6/5/2002,1
6/6/2002,1
6/7/2002,1
6/8/2002,1
6/9/2002,1
6/10/2002,1
6/11/2002,1
6/12/2002,1
6/13/2002,1
6/14/2002,1
6/15/2002,1
6/16/2002,1
6/17/2002,1
6/18/2002,1
6/19/2002,1
6/20/2002,1
6/21/2002,1
6/22/2002,1
6/23/2002,1
6/24/2002,1
6/25/2002,1
6/26/2002,1
6/27/2002,1
6/28/2002,1
6/29/2002,1
6/30/2002,1
7/1/2002,0
7/2/2002,0
7/3/2002,0
7/4/2002,0
7/5/2002,0
7/6/2002,0
7/7/2002,0
7/8/2002,0
7/9/2002,0
7/10/2002,0
7/11/2002,0
7/12/2002,0
7/13/2002,0
7/14/2002,0
7/15/2002,0
7/16/2002,0
7/17/2002,0
7/18/2002,0
7/19/2002,0
7/20/2002,0
7/21/2002,0
7/22/2002,0
7/23/2002,0
7/24/2002,0
7/25/2002,0
7/26/2002,0
7/27/2002,0
7/28/2002,0
7/29/2002,0
7/30/2002,0
7/31/2002,0
8/1/2002,0
8/2/2002,0
8/3/2002,0
8/4/2002,0
8/5/2002,0
8/6/2002,0
8/7/2002,0
8/8/2002,0
8/9/2002,0
8/10/2002,0
8/11/2002,0
8/12/2002,0
8/13/2002,0
8/14/2002,0
8/15/2002,0
8/16/2002,0
8/17/2002,0
8/18/2002,0
8/19/2002,0
8/20/2002,0
8/21/2002,0
8/22/2002,0
8/23/2002,0
8/24/2002,0
8/25/2002,0
8/26/2002,0
8/27/2002,0
8/28/2002,0
8/29/2002,0
8/30/2002,0
8/31/2002,0
9/1/2002,0
9/2/2002,0
9/3/2002,0
9/4/2002,0
9/5/2002,0
9/6/2002,0
9/7/2002,0
9/8/2002,0
9/9/2002,0
9/10/2002,0
9/11/2002,0
9/12/2002,0
9/13/2002,0
9/14/2002,2
9/15/2002,2
9/16/2002,2
9/17/2002,2
9/18/2002,2
9/19/2002,2
9/20/2002,2
9/21/2002,2
9/22/2002,2
9/23/2002,2
9/24/2002,2
9/25/2002,2
9/26/2002,2
9/27/2002,2
9/28/2002,2
9/29/2002,2
9/30/2002,2
10/1/2002,2
10/2/2002,2
10/3/2002,2
10/4/2002,2
10/5/2002,2
10/6/2002,2
10/7/2002,2
10/8/2002,2
10/9/2002,2
10/10/2002,2
10/11/2002,2
10/12/2002,2
10/13/2002,2
10/14/2002,2
10/15/2002,2
10/16/2002,2
10/17/2002,2
10/18/2002,2
10/19/2002,2
10/20/2002,2
10/21/2002,2
10/22/2002,2
10/23/2002,2
10/24/2002,2
10/25/2002,2
10/26/2002,2
10/27/2002,2
10/28/2002,2
10/29/2002,2
10/30/2002,2
10/31/2002,2
11/1/2002,2
11/2/2002,2
11/3/2002,2
11/4/2002,2
11/5/2002,2
11/6/2002,2
11/7/2002,2
11/8/2002,2
11/9/2002,2
11/10/2002,2
11/11/2002,2
11/12/2002,2
11/13/2002,2
11/14/2002,2
11/15/2002,2
11/16/2002,2
11/17/2002,2
11/18/2002,2
11/19/2002,2
11/20/2002,2
11/21/2002,2
11/22/2002,2
11/23/2002,2
11/24/2002,2
11/25/2002,2
11/26/2002,2
11/27/2002,2
11/28/2002,2
11/29/2002,2
11/30/2002,2
12/1/2002,2
12/2/2002,2
12/3/2002,2
12/4/2002,2
12/5/2002,2
12/6/2002,2
12/7/2002,2
12/8/2002,2
12/9/2002,2
12/10/2002,2
12/11/2002,2
12/12/2002,2
12/13/2002,4
12/14/2002,12
12/15/2002,12
12/16/2002,22
12/17/2002,5
12/18/2002,3
12/19/2002,4
12/20/2002,28
12/21/2002,14
12/22/2002,5
12/23/2002,4
12/24/2002,3
12/25/2002,3
12/26/2002,3
12/27/2002,19
12/28/2002,20
12/29/2002,13
12/30/2002,34
12/31/2002,40
1/1/2003,11
1/2/2003,7
1/3/2003,6
1/4/2003,5
1/5/2003,4
1/6/2003,4
1/7/2003,4
1/8/2003,4
1/9/2003,3
1/10/2003,4
1/11/2003,5
1/12/2003,18
1/13/2003,22
1/14/2003,12
1/15/2003,9
1/16/2003,7
1/17/2003,6
1/18/2003,5
1/19/2003,4
1/20/2003,4
1/21/2003,4
1/22/2003,4
1/23/2003,5
1/24/2003,4
1/25/2003,4
1/26/2003,4
1/27/2003,12
1/28/2003,20
1/29/2003,6
1/30/2003,3
1/31/2003,3
2/1/2003,3
2/2/2003,3
2/3/2003,3
2/4/2003,1
2/5/2003,1
2/6/2003,1
2/7/2003,1
2/8/2003,2
2/9/2003,2
2/10/2003,1
2/11/2003,1
2/12/2003,3
2/13/2003,2
2/14/2003,2
2/15/2003,2
2/16/2003,7
2/17/2003,2
2/18/2003,0
2/19/2003,1
2/20/2003,2
2/21/2003,3
2/22/2003,3
2/23/2003,3
2/24/2003,4
2/25/2003,4
2/26/2003,3
2/27/2003,5
2/28/2003,2
3/1/2003,2
3/2/2003,2
3/3/2003,2
3/4/2003,2
3/5/2003,2
3/6/2003,2
3/7/2003,2
3/8/2003,2
3/9/2003,2
3/10/2003,2
3/11/2003,2
3/12/2003,2
3/13/2003,30
3/14/2003,22
3/15/2003,36
3/16/2003,17
3/17/2003,13
3/18/2003,10
3/19/2003,9
3/20/2003,7
3/21/2003,6
3/22/2003,5
3/23/2003,5
3/24/2003,3
3/25/2003,2
3/26/2003,1
3/27/2003,2
3/28/2003,1
3/29/2003,2
3/30/2003,1
3/31/2003,1
4/1/2003,1
4/2/2003,1
4/3/2003,1
4/4/2003,1
4/5/2003,1
4/6/2003,1
4/7/2003,3
4/8/2003,3
4/9/2003,1
4/10/2003,1
4/11/2003,1
4/12/2003,5
4/13/2003,13
4/14/2003,6
4/15/2003,3
4/16/2003,3
4/17/2003,3
4/18/2003,4
4/19/2003,4
4/20/2003,1
4/21/2003,4
4/22/2003,3
4/23/2003,3
4/24/2003,7
4/25/2003,2
4/26/2003,1
4/27/2003,2
4/28/2003,3
4/29/2003,56
4/30/2003,62
5/1/2003,47
5/2/2003,35
5/3/2003,30
5/4/2003,24
5/5/2003,19
5/6/2003,8
5/7/2003,5
5/8/2003,4
5/9/2003,3
5/10/2003,5
5/11/2003,3
5/12/2003,3
5/13/2003,3
5/14/2003,3
5/15/2003,3
5/16/2003,3
5/17/2003,3
5/18/2003,3
5/19/2003,3
5/20/2003,3
5/21/2003,3
5/22/2003,3
5/23/2003,3
5/24/2003,3
5/25/2003,3
5/26/2003,3
5/27/2003,3
5/28/2003,2
5/29/2003,2
5/30/2003,2
5/31/2003,2
6/1/2003,1
6/2/2003,1
6/3/2003,1
6/4/2003,1
6/5/2003,1
6/6/2003,1
6/7/2003,1
6/8/2003,1
6/9/2003,1
6/10/2003,1
6/11/2003,1
6/12/2003,1
6/13/2003,1
6/14/2003,1
6/15/2003,1
6/16/2003,1
6/17/2003,1
6/18/2003,1
6/19/2003,1
6/20/2003,1
6/21/2003,1
6/22/2003,1
6/23/2003,1
6/24/2003,1
6/25/2003,1
6/26/2003,1
6/27/2003,1
6/28/2003,0
6/29/2003,0
6/30/2003,0
7/1/2003,0
7/2/2003,0
7/3/2003,0
7/4/2003,0
7/5/2003,0
7/6/2003,0
7/7/2003,0
7/8/2003,0
7/9/2003,0
7/10/2003,0
7/11/2003,0
7/12/2003,0
7/13/2003,0
7/14/2003,0
7/15/2003,0
7/16/2003,0
7/17/2003,0
7/18/2003,0
7/19/2003,0
7/20/2003,0
7/21/2003,0
7/22/2003,0
7/23/2003,0
7/24/2003,0
7/25/2003,0
7/26/2003,0
7/27/2003,0
7/28/2003,0
7/29/2003,0
7/30/2003,0
7/31/2003,0
8/1/2003,0
8/2/2003,0
8/3/2003,0
8/4/2003,0
8/5/2003,0
8/6/2003,0
8/7/2003,0
8/8/2003,0
8/9/2003,0
8/10/2003,0
8/11/2003,0
8/12/2003,0
8/13/2003,0
8/14/2003,0
8/15/2003,0
8/16/2003,0
8/17/2003,0
8/18/2003,0
8/19/2003,0
8/20/2003,0
8/21/2003,0
8/22/2003,0
8/23/2003,0
8/24/2003,0
8/25/2003,0
8/26/2003,0
8/27/2003,0
8/28/2003,0
8/29/2003,0
8/30/2003,0
8/31/2003,0
9/1/2003,0
9/2/2003,0
9/3/2003,0
9/4/2003,0
9/5/2003,0
9/6/2003,0
9/7/2003,0
9/8/2003,0
9/9/2003,1
9/10/2003,1
9/11/2003,1
9/12/2003,1
9/13/2003,2
9/14/2003,2
9/15/2003,2
9/16/2003,2
9/17/2003,1
9/18/2003,1
9/19/2003,1
9/20/2003,1
9/21/2003,1
9/22/2003,1
9/23/2003,1
9/24/2003,1
9/25/2003,1
9/26/2003,1
9/27/2003,1
9/28/2003,1
9/29/2003,1
9/30/2003,1
10/1/2003,2
10/2/2003,2
10/3/2003,2
10/4/2003,2
10/5/2003,2
10/6/2003,2
10/7/2003,2
10/8/2003,2
10/9/2003,2
10/10/2003,2
10/11/2003,2
10/12/2003,2
10/13/2003,2
10/14/2003,2
10/15/2003,2
10/16/2003,2
10/17/2003,2
10/18/2003,2
10/19/2003,2
10/20/2003,2
10/21/2003,2
10/22/2003,2
10/23/2003,2
10/24/2003,2
10/25/2003,2
10/26/2003,2
10/27/2003,2
10/28/2003,2
10/29/2003,2
10/30/2003,2
10/31/2003,2
11/1/2003,2
11/2/2003,2
11/3/2003,2
11/4/2003,2
11/5/2003,2
11/6/2003,2
11/7/2003,2
11/8/2003,2
11/9/2003,2
11/10/2003,2
11/11/2003,2
11/12/2003,2
11/13/2003,2
11/14/2003,2
11/15/2003,2
11/16/2003,2
11/17/2003,2
11/18/2003,2
11/19/2003,2
11/20/2003,2
11/21/2003,2
11/22/2003,2
11/23/2003,2
11/24/2003,2
11/25/2003,2
11/26/2003,2
11/27/2003,2
11/28/2003,2
11/29/2003,2
11/30/2003,2
12/1/2003,2
12/2/2003,2
12/3/2003,2
12/4/2003,2
12/5/2003,2
12/6/2003,18
12/7/2003,4
12/8/2003,3
12/9/2003,2
12/10/2003,4
12/11/2003,3
12/12/2003,3
12/13/2003,5
12/14/2003,9
12/15/2003,4
12/16/2003,3
12/17/2003,2
12/18/2003,2
12/19/2003,2
12/20/2003,3
12/21/2003,3
12/22/2003,2
12/23/2003,3
12/24/2003,14
12/25/2003,5
12/26/2003,4
12/27/2003,3
12/28/2003,3
12/29/2003,5
12/30/2003,5
12/31/2003,5
1/1/2004,20
1/2/2004,8
1/3/2004,5
1/4/2004,4
1/5/2004,3
1/6/2004,3
1/7/2004,2
1/8/2004,2
1/9/2004,3
1/10/2004,3
1/11/2004,2
1/12/2004,2
1/13/2004,1
1/14/2004,1
1/15/2004,1
1/16/2004,1
1/17/2004,1
1/18/2004,1
1/19/2004,1
1/20/2004,1
1/21/2004,1
1/22/2004,1
1/23/2004,1
1/24/2004,1
1/25/2004,1
1/26/2004,1
1/27/2004,2
1/28/2004,1
1/29/2004,1
1/30/2004,1
1/31/2004,1
2/1/2004,1
2/2/2004,12
2/3/2004,6
2/4/2004,3
2/5/2004,1
2/6/2004,1
2/7/2004,1
2/8/2004,1
2/9/2004,1
2/10/2004,1
2/11/2004,1
2/12/2004,1
2/13/2004,0
2/14/2004,1
2/15/2004,1
2/16/2004,46
2/17/2004,43
2/18/2004,20
2/19/2004,7
2/20/2004,4
2/21/2004,4
2/22/2004,4
2/23/2004,5
2/24/2004,4
2/25/2004,21
2/26/2004,25
2/27/2004,14
2/28/2004,6
2/29/2004,4
3/1/2004,11
3/2/2004,6
3/3/2004,4
3/4/2004,3
3/5/2004,3
3/6/2004,2
3/7/2004,2
3/8/2004,2
3/9/2004,2
3/10/2004,2
3/11/2004,2
3/12/2004,3
3/13/2004,3
3/14/2004,3
3/15/2004,3
3/16/2004,3
3/17/2004,3
3/18/2004,3
3/19/2004,3
3/20/2004,3
3/21/2004,3
3/22/2004,3
3/23/2004,3
3/24/2004,3
3/25/2004,3
3/26/2004,3
3/27/2004,2
3/28/2004,2
3/29/2004,2
3/30/2004,2
3/31/2004,2
4/1/2004,2
4/2/2004,3
4/3/2004,2
4/4/2004,3
4/5/2004,2
4/6/2004,2
4/7/2004,2
4/8/2004,2
4/9/2004,2
4/10/2004,1
4/11/2004,1
4/12/2004,1
4/13/2004,1
4/14/2004,1
4/15/2004,1
4/16/2004,1
4/17/2004,1
4/18/2004,2
4/19/2004,4
4/20/2004,5
4/21/2004,3
4/22/2004,3
4/23/2004,3
4/24/2004,3
4/25/2004,3
4/26/2004,2
4/27/2004,2
4/28/2004,2
4/29/2004,2
4/30/2004,2
5/1/2004,2
5/2/2004,2
5/3/2004,2
5/4/2004,2
5/5/2004,2
5/6/2004,2
5/7/2004,2
5/8/2004,2
5/9/2004,2
5/10/2004,2
5/11/2004,2
5/12/2004,2
5/13/2004,2
5/14/2004,2
5/15/2004,2
5/16/2004,2
5/17/2004,2
5/18/2004,2
5/19/2004,2
5/20/2004,2
5/21/2004,2
5/22/2004,2
5/23/2004,2
5/24/2004,2
5/25/2004,2
5/26/2004,2
5/27/2004,0
5/28/2004,1
5/29/2004,1
5/30/2004,1
5/31/2004,1
6/1/2004,1
6/2/2004,0
6/3/2004,0
6/4/2004,0
6/5/2004,0
6/6/2004,0
6/7/2004,0
6/8/2004,0
6/9/2004,0
6/10/2004,0
6/11/2004,0
6/12/2004,0
6/13/2004,0
6/14/2004,0
6/15/2004,0
6/16/2004,0
6/17/2004,0
6/18/2004,0
6/19/2004,0
6/20/2004,0
6/21/2004,0
6/22/2004,0
6/23/2004,1
6/24/2004,1
6/25/2004,1
6/26/2004,1
6/27/2004,1
6/28/2004,1
6/29/2004,1
6/30/2004,0
7/1/2004,0
7/2/2004,0
7/3/2004,0
7/4/2004,0
7/5/2004,0
7/6/2004,0
7/7/2004,0
7/8/2004,0
7/9/2004,0
7/10/2004,0
7/11/2004,0
7/12/2004,0
7/13/2004,0
7/14/2004,0
7/15/2004,0
7/16/2004,0
7/17/2004,0
7/18/2004,0
7/19/2004,0
7/20/2004,0
7/21/2004,0
7/22/2004,0
7/23/2004,1
7/24/2004,1
7/25/2004,1
7/26/2004,1
7/27/2004,0
7/28/2004,0
7/29/2004,0
7/30/2004,0
7/31/2004,0
8/1/2004,0
8/2/2004,0
8/3/2004,0
8/4/2004,0
8/5/2004,1
8/6/2004,0
8/7/2004,0
8/8/2004,0
8/9/2004,0
8/10/2004,0
8/11/2004,0
8/12/2004,0
8/13/2004,0
8/14/2004,0
8/15/2004,0
8/16/2004,0
8/17/2004,0
8/18/2004,0
8/19/2004,0
8/20/2004,0
8/21/2004,2
8/22/2004,0
8/23/2004,0
8/24/2004,0
8/25/2004,0
8/26/2004,0
8/27/2004,0
8/28/2004,0
8/29/2004,0
8/30/2004,0
8/31/2004,0
9/1/2004,0
9/2/2004,0
9/3/2004,0
9/4/2004,0
9/5/2004,0
9/6/2004,0
9/7/2004,0
9/8/2004,0
9/9/2004,0
9/10/2004,0
9/11/2004,0
9/12/2004,0
9/13/2004,0
9/14/2004,0
9/15/2004,0
9/16/2004,0
9/17/2004,0
9/18/2004,0
9/19/2004,0
9/20/2004,1
9/21/2004,1
9/22/2004,1
9/23/2004,2
9/24/2004,2
9/25/2004,2
9/26/2004,2
9/27/2004,2
9/28/2004,2
9/29/2004,2
9/30/2004,2
10/1/2004,2
10/2/2004,2
10/3/2004,2
10/4/2004,2
10/5/2004,2
10/6/2004,2
10/7/2004,2
10/8/2004,2
10/9/2004,2
10/10/2004,2
10/11/2004,2
10/12/2004,2
10/13/2004,2
10/14/2004,2
10/15/2004,1
10/16/2004,2
10/17/2004,2
10/18/2004,3
10/19/2004,2
10/20/2004,2
10/21/2004,2
10/22/2004,2
10/23/2004,3
10/24/2004,2
10/25/2004,2
10/26/2004,3
10/27/2004,3
10/28/2004,3
10/29/2004,4
10/30/2004,3
10/31/2004,3
11/1/2004,4
11/2/2004,4
11/3/2004,5
11/4/2004,2
11/5/2004,1
11/6/2004,1
11/7/2004,1
11/8/2004,1
11/9/2004,2
11/10/2004,2
11/11/2004,2
11/12/2004,3
11/13/2004,4
11/14/2004,3
11/15/2004,3
11/16/2004,0
11/17/2004,0
11/18/2004,0
11/19/2004,1
11/20/2004,1
11/21/2004,0
11/22/2004,1
11/23/2004,1
11/24/2004,1
11/25/2004,1
11/26/2004,2
11/27/2004,2
11/28/2004,2
11/29/2004,2
11/30/2004,2
12/1/2004,2
12/2/2004,2
12/3/2004,2
12/4/2004,2
12/5/2004,2
12/6/2004,10
12/7/2004,28
12/8/2004,35
12/9/2004,5
12/10/2004,3
12/11/2004,3
12/12/2004,3
12/13/2004,4
12/14/2004,5
12/15/2004,3
12/16/2004,3
12/17/2004,2
12/18/2004,2
12/19/2004,2
12/20/2004,2
12/21/2004,2
12/22/2004,2
12/23/2004,1
12/24/2004,2
12/25/2004,2
12/26/2004,3
12/27/2004,39
12/28/2004,15
12/29/2004,9
12/30/2004,8
12/31/2004,6
1/1/2005,6
1/2/2005,4
1/3/2005,4
1/4/2005,4
1/5/2005,4
1/6/2005,5
1/7/2005,9
1/8/2005,6
1/9/2005,4
1/10/2005,4
1/11/2005,7
1/12/2005,0
1/13/2005,0
1/14/2005,0
1/15/2005,0
1/16/2005,0
1/17/2005,0
1/18/2005,0
1/19/2005,0
1/20/2005,0
1/21/2005,0
1/22/2005,2
1/23/2005,2
1/24/2005,2
1/25/2005,2
1/26/2005,4
1/27/2005,3
1/28/2005,7
1/29/2005,5
1/30/2005,4
1/31/2005,3
2/1/2005,3
2/2/2005,3
2/3/2005,3
2/4/2005,3
2/5/2005,3
2/6/2005,2
2/7/2005,2
2/8/2005,2
2/9/2005,2
2/10/2005,2
2/11/2005,2
2/12/2005,2
2/13/2005,3
2/14/2005,3
2/15/2005,2
2/16/2005,2
2/17/2005,2
2/18/2005,2
2/19/2005,3
2/20/2005,5
2/21/2005,5
2/22/2005,4
2/23/2005,3
2/24/2005,3
2/25/2005,3
2/26/2005,3
2/27/2005,4
2/28/2005,5
3/1/2005,5
3/2/2005,5
3/3/2005,4
3/4/2005,4
3/5/2005,4
3/6/2005,3
3/7/2005,3
3/8/2005,3
3/9/2005,3
3/10/2005,3
3/11/2005,3
3/12/2005,3
3/13/2005,2
3/14/2005,2
3/15/2005,2
3/16/2005,2
3/17/2005,2
3/18/2005,2
3/19/2005,5
3/20/2005,4
3/21/2005,5
3/22/2005,27
3/23/2005,19
3/24/2005,9
3/25/2005,6
3/26/2005,5
3/27/2005,6
3/28/2005,7
3/29/2005,5
3/30/2005,5
3/31/2005,4
4/1/2005,4
4/2/2005,4
4/3/2005,4
4/4/2005,4
4/5/2005,4
4/6/2005,3
4/7/2005,4
4/8/2005,5
4/9/2005,5
4/10/2005,4
4/11/2005,4
4/12/2005,4
4/13/2005,4
4/14/2005,3
4/15/2005,3
4/16/2005,3
4/17/2005,3
4/18/2005,3
4/19/2005,3
4/20/2005,3
4/21/2005,3
4/22/2005,3
4/23/2005,3
4/24/2005,3
4/25/2005,3
4/26/2005,3
4/27/2005,3
4/28/2005,3
4/29/2005,3
4/30/2005,3
5/1/2005,3
5/2/2005,2
5/3/2005,2
5/4/2005,3
5/5/2005,4
5/6/2005,3
5/7/2005,3
5/8/2005,12
5/9/2005,12
5/10/2005,7
5/11/2005,5
5/12/2005,4
5/13/2005,4
5/14/2005,4
5/15/2005,4
5/16/2005,3
5/17/2005,4
5/18/2005,23
5/19/2005,13
5/20/2005,8
5/21/2005,6
5/22/2005,5
5/23/2005,4
5/24/2005,4
5/25/2005,3
5/26/2005,3
5/27/2005,3
5/28/2005,3
5/29/2005,3
5/30/2005,3
5/31/2005,3
6/1/2005,3
6/2/2005,3
6/3/2005,3
6/4/2005,3
6/5/2005,2
6/6/2005,2
6/7/2005,2
6/8/2005,2
6/9/2005,2
6/10/2005,2
6/11/2005,2
6/12/2005,2
6/13/2005,1
6/14/2005,1
6/15/2005,1
6/16/2005,2
6/17/2005,2
6/18/2005,2
6/19/2005,2
6/20/2005,2
6/21/2005,2
6/22/2005,1
6/23/2005,1
6/24/2005,1
6/25/2005,1
6/26/2005,1
6/27/2005,1
6/28/2005,1
6/29/2005,1
6/30/2005,1
7/1/2005,1
7/2/2005,0
7/3/2005,0
7/4/2005,0
7/5/2005,0
7/6/2005,0
7/7/2005,0
7/8/2005,0
7/9/2005,0
7/10/2005,0
7/11/2005,0
7/12/2005,0
7/13/2005,0
7/14/2005,1
7/15/2005,1
7/16/2005,1
7/17/2005,1
7/18/2005,1
7/19/2005,1
7/20/2005,1
7/21/2005,1
7/22/2005,1
7/23/2005,1
7/24/2005,1
7/25/2005,1
7/26/2005,1
7/27/2005,1
7/28/2005,1
7/29/2005,1
7/30/2005,0
7/31/2005,0
8/1/2005,0
8/2/2005,0
8/3/2005,0
8/4/2005,0
8/5/2005,0
8/6/2005,0
8/7/2005,0
8/8/2005,0
8/9/2005,0
8/10/2005,0
8/11/2005,0
8/12/2005,0
8/13/2005,0
8/14/2005,0
8/15/2005,0
8/16/2005,0
8/17/2005,0
8/18/2005,0
8/19/2005,0
8/20/2005,0
8/21/2005,0
8/22/2005,0
8/23/2005,0
8/24/2005,0
8/25/2005,0
8/26/2005,0
8/27/2005,0
8/28/2005,0
8/29/2005,0
8/30/2005,0
8/31/2005,0
9/1/2005,0
9/2/2005,0
9/3/2005,0
9/4/2005,0
9/5/2005,0
9/6/2005,0
9/7/2005,0
9/8/2005,0
9/9/2005,0
9/10/2005,0
9/11/2005,0
9/12/2005,0
9/13/2005,0
9/14/2005,0
9/15/2005,1
9/16/2005,1
9/17/2005,2
9/18/2005,2
9/19/2005,2
9/20/2005,2
9/21/2005,2
9/22/2005,2
9/23/2005,2
9/24/2005,2
9/25/2005,2
9/26/2005,2
9/27/2005,2
9/28/2005,2
9/29/2005,2
9/30/2005,2
10/1/2005,2
10/2/2005,2
10/3/2005,2
10/4/2005,2
10/5/2005,2
10/6/2005,2
10/7/2005,2
10/8/2005,2
10/9/2005,2
10/10/2005,2
10/11/2005,2
10/12/2005,2
10/13/2005,2
10/14/2005,3
10/15/2005,2
10/16/2005,2
10/17/2005,2
10/18/2005,2
10/19/2005,2
10/20/2005,2
10/21/2005,2
10/22/2005,2
10/23/2005,2
10/24/2005,2
10/25/2005,2
10/26/2005,2
10/27/2005,2
10/28/2005,2
10/29/2005,2
10/30/2005,2
10/31/2005,2
11/1/2005,2
11/2/2005,2
11/3/2005,2
11/4/2005,2
11/5/2005,1
11/6/2005,2
11/7/2005,9
11/8/2005,5
11/9/2005,5
11/10/2005,2
11/11/2005,2
11/12/2005,2
11/13/2005,2
11/14/2005,2
11/15/2005,2
11/16/2005,15
11/17/2005,4
11/18/2005,5
11/19/2005,2
11/20/2005,2
11/21/2005,2
11/22/2005,2
11/23/2005,2
11/24/2005,2
11/25/2005,2
11/26/2005,2
11/27/2005,2
11/28/2005,2
11/29/2005,2
11/30/2005,2
12/1/2005,6
12/2/2005,3
12/3/2005,2
12/4/2005,2
12/5/2005,2
12/6/2005,2
12/7/2005,2
12/8/2005,2
12/9/2005,2
12/10/2005,2
12/11/2005,2
12/12/2005,2
12/13/2005,0
12/14/2005,0
12/15/2005,0
12/16/2005,0
12/17/2005,0
12/18/2005,2
12/19/2005,25
12/20/2005,8
12/21/2005,8
12/22/2005,11
12/23/2005,4
12/24/2005,2
12/25/2005,2
12/26/2005,6
12/27/2005,29
12/28/2005,33
12/29/2005,10
12/30/2005,61
12/31/2005,38
1/1/2006,19
1/2/2006,9
1/3/2006,7
1/4/2006,14
1/5/2006,6
1/6/2006,4
1/7/2006,3
1/8/2006,2
1/9/2006,3
1/10/2006,4
1/11/2006,4
1/12/2006,3
1/13/2006,4
1/14/2006,9
1/15/2006,6
1/16/2006,5
1/17/2006,5
1/18/2006,6
1/19/2006,5
1/20/2006,4
1/21/2006,4
1/22/2006,4
1/23/2006,3
1/24/2006,3
1/25/2006,3
1/26/2006,3
1/27/2006,3
1/28/2006,10
1/29/2006,6
1/30/2006,7
1/31/2006,6
2/1/2006,7
2/2/2006,8
2/3/2006,5
2/4/2006,5
2/5/2006,5
2/6/2006,5
2/7/2006,6
2/8/2006,6
2/9/2006,7
2/10/2006,7
2/11/2006,3
2/12/2006,3
2/13/2006,3
2/14/2006,3
2/15/2006,3
2/16/2006,3
2/17/2006,3
2/18/2006,3
2/19/2006,3
2/20/2006,3
2/21/2006,3
2/22/2006,3
2/23/2006,3
2/24/2006,3
2/25/2006,2
2/26/2006,3
2/27/2006,10
2/28/2006,9
3/1/2006,6
3/2/2006,5
3/3/2006,5
3/4/2006,5
3/5/2006,15
3/6/2006,19
3/7/2006,14
3/8/2006,8
3/9/2006,6
3/10/2006,5
3/11/2006,5
3/12/2006,5
3/13/2006,4
3/14/2006,8
3/15/2006,7
3/16/2006,9
3/17/2006,3
3/18/2006,2
3/19/2006,2
3/20/2006,2
3/21/2006,2
3/22/2006,2
3/23/2006,2
3/24/2006,3
3/25/2006,3
3/26/2006,2
3/27/2006,2
3/28/2006,2
3/29/2006,4
3/30/2006,3
3/31/2006,4
4/1/2006,7
4/2/2006,5
4/3/2006,8
4/4/2006,6
4/5/2006,5
4/6/2006,6
4/7/2006,6
4/8/2006,7
4/9/2006,11
4/10/2006,8
4/11/2006,13
4/12/2006,47
4/13/2006,35
4/14/2006,15
4/15/2006,12
4/16/2006,6
4/17/2006,6
4/18/2006,5
4/19/2006,4
4/20/2006,5
4/21/2006,8
4/22/2006,10
4/23/2006,4
4/24/2006,4
4/25/2006,4
4/26/2006,4
4/27/2006,4
4/28/2006,4
4/29/2006,4
4/30/2006,4
5/1/2006,3
5/2/2006,3
5/3/2006,3
5/4/2006,3
5/5/2006,3
5/6/2006,3
5/7/2006,3
5/8/2006,3
5/9/2006,3
5/10/2006,3
5/11/2006,3
5/12/2006,3
5/13/2006,3
5/14/2006,3
5/15/2006,3
5/16/2006,3
5/17/2006,3
5/18/2006,3
5/19/2006,3
5/20/2006,3
5/21/2006,3
5/22/2006,3
5/23/2006,3
5/24/2006,3
5/25/2006,3
5/26/2006,3
5/27/2006,3
5/28/2006,3
5/29/2006,3
5/30/2006,2
5/31/2006,2
6/1/2006,2
6/2/2006,1
6/3/2006,1
6/4/2006,1
6/5/2006,1
6/6/2006,1
6/7/2006,1
6/8/2006,1
6/9/2006,1
6/10/2006,1
6/11/2006,1
6/12/2006,1
6/13/2006,0
6/14/2006,0
6/15/2006,0
6/16/2006,0
6/17/2006,0
6/18/2006,0
6/19/2006,0
6/20/2006,0
6/21/2006,0
6/22/2006,0
6/23/2006,0
6/24/2006,0
6/25/2006,0
6/26/2006,0
6/27/2006,0
6/28/2006,0
6/29/2006,0
6/30/2006,0
7/1/2006,0
7/2/2006,0
7/3/2006,0
7/4/2006,0
7/5/2006,0
7/6/2006,0
7/7/2006,0
7/8/2006,0
7/9/2006,0
7/10/2006,0
7/11/2006,0
7/12/2006,0
7/13/2006,0
7/14/2006,0
7/15/2006,0
7/16/2006,0
7/17/2006,0
7/18/2006,0
7/19/2006,0
7/20/2006,0
7/21/2006,0
7/22/2006,0
7/23/2006,0
7/24/2006,0
7/25/2006,0
7/26/2006,0
7/27/2006,0
7/28/2006,0
7/29/2006,0
7/30/2006,0
7/31/2006,0
8/1/2006,0
8/2/2006,0
8/3/2006,0
8/4/2006,0
8/5/2006,0
8/6/2006,0
8/7/2006,0
8/8/2006,0
8/9/2006,0
8/10/2006,0
8/11/2006,0
8/12/2006,0
8/13/2006,0
8/14/2006,0
8/15/2006,0
8/16/2006,0
8/17/2006,0
8/18/2006,0
8/19/2006,0
8/20/2006,0
8/21/2006,0
8/22/2006,0
8/23/2006,0
8/24/2006,0
8/25/2006,0
8/26/2006,0
8/27/2006,0
8/28/2006,0
8/29/2006,0
8/30/2006,0
8/31/2006,0
9/1/2006,0
9/2/2006,0
9/3/2006,0
9/4/2006,0
9/5/2006,0
9/6/2006,0
9/7/2006,0
9/8/2006,0
9/9/2006,0
9/10/2006,0
9/11/2006,0
9/12/2006,0
9/13/2006,0
9/14/2006,0
9/15/2006,0
9/16/2006,0
9/17/2006,0
9/18/2006,0
9/19/2006,0
9/20/2006,0
9/21/2006,0
9/22/2006,0
9/23/2006,0
9/24/2006,0
9/25/2006,0
9/26/2006,0
9/27/2006,0
9/28/2006,0
9/29/2006,0
9/30/2006,0
10/1/2006,1
10/2/2006,2
10/3/2006,1
10/4/2006,1
10/5/2006,1
10/6/2006,1
10/7/2006,1
10/8/2006,1
10/9/2006,1
10/10/2006,1
10/11/2006,1
10/12/2006,1
10/13/2006,1
10/14/2006,1
10/15/2006,1
10/16/2006,1
10/17/2006,1
10/18/2006,1
10/19/2006,1
10/20/2006,1
10/21/2006,1
10/22/2006,1
10/23/2006,1
10/24/2006,1
10/25/2006,1
10/26/2006,1
10/27/2006,1
10/28/2006,1
10/29/2006,1
10/30/2006,1
10/31/2006,1
11/1/2006,1
11/2/2006,1
11/3/2006,1
11/4/2006,1
11/5/2006,1
11/6/2006,1
11/7/2006,1
11/8/2006,1
11/9/2006,1
11/10/2006,2
11/11/2006,2
11/12/2006,2
11/13/2006,2
11/14/2006,7
11/15/2006,5
11/16/2006,2
11/17/2006,2
11/18/2006,2
11/19/2006,2
11/20/2006,2
11/21/2006,2
11/22/2006,2
11/23/2006,2
11/24/2006,2
11/25/2006,2
11/26/2006,15
11/27/2006,4
11/28/2006,1
11/29/2006,1
11/30/2006,1
12/1/2006,1
12/2/2006,1
12/3/2006,2
12/4/2006,1
12/5/2006,2
12/6/2006,2
12/7/2006,3
12/8/2006,3
12/9/2006,4
12/10/2006,4
12/11/2006,4
12/12/2006,4
12/13/2006,5
12/14/2006,2
12/15/2006,1
12/16/2006,1
12/17/2006,1
12/18/2006,1
12/19/2006,1
12/20/2006,1
12/21/2006,1
12/22/2006,1
12/23/2006,2
12/24/2006,2
12/25/2006,1
12/26/2006,17
12/27/2006,6
12/28/2006,1
12/29/2006,1
12/30/2006,1
12/31/2006,1
1/1/2007,0
1/2/2007,0
1/3/2007,1
1/4/2007,1
1/5/2007,1
1/6/2007,1
1/7/2007,1
1/8/2007,1
1/9/2007,1
1/10/2007,1
1/11/2007,1
1/12/2007,1
1/13/2007,1
1/14/2007,1
1/15/2007,1
1/16/2007,1
1/17/2007,1
1/18/2007,1
1/19/2007,1
1/20/2007,1
1/21/2007,1
1/22/2007,1
1/23/2007,2
1/24/2007,2
1/25/2007,2
1/26/2007,2
1/27/2007,2
1/28/2007,2
1/29/2007,2
1/30/2007,2
1/31/2007,2
2/1/2007,2
2/2/2007,2
2/3/2007,2
2/4/2007,2
2/5/2007,2
2/6/2007,2
2/7/2007,2
2/8/2007,2
2/9/2007,3
2/10/2007,10
2/11/2007,6
2/12/2007,3
2/13/2007,3
2/14/2007,3
2/15/2007,2
2/16/2007,2
2/17/2007,2
2/18/2007,2
2/19/2007,2
2/20/2007,2
2/21/2007,4
2/22/2007,6
2/23/2007,4
2/24/2007,5
2/25/2007,7
2/26/2007,4
2/27/2007,4
2/28/2007,4
3/1/2007,3
3/2/2007,3
3/3/2007,3
3/4/2007,3
3/5/2007,3
3/6/2007,3
3/7/2007,3
3/8/2007,2
3/9/2007,2
3/10/2007,2
3/11/2007,2
3/12/2007,2
3/13/2007,2
3/14/2007,2
3/15/2007,2
3/16/2007,2
3/17/2007,2
3/18/2007,2
3/19/2007,2
3/20/2007,2
3/21/2007,2
3/22/2007,2
3/23/2007,2
3/24/2007,2
3/25/2007,2
3/26/2007,2
3/27/2007,2
3/28/2007,2
3/29/2007,2
3/30/2007,2
3/31/2007,2
4/1/2007,2
4/2/2007,2
4/3/2007,2
4/4/2007,2
4/5/2007,2
4/6/2007,2
4/7/2007,2
4/8/2007,2
4/9/2007,2
4/10/2007,2
4/11/2007,2
4/12/2007,2
4/13/2007,2
4/14/2007,2
4/15/2007,2
4/16/2007,2
4/17/2007,2
4/18/2007,2
4/19/2007,2
4/20/2007,2
4/21/2007,3
4/22/2007,4
4/23/2007,3
4/24/2007,2
4/25/2007,2
4/26/2007,2
4/27/2007,2
4/28/2007,2
4/29/2007,2
4/30/2007,2
5/1/2007,2
5/2/2007,2
5/3/2007,2
5/4/2007,2
5/5/2007,2
5/6/2007,2
5/7/2007,2
5/8/2007,2
5/9/2007,2
5/10/2007,2
5/11/2007,2
5/12/2007,2
5/13/2007,2
5/14/2007,2
5/15/2007,2
5/16/2007,2
5/17/2007,2
5/18/2007,2
5/19/2007,2
5/20/2007,2
5/21/2007,2
5/22/2007,2
5/23/2007,2
5/24/2007,2
5/25/2007,2
5/26/2007,2
5/27/2007,2
5/28/2007,2
5/29/2007,2
5/30/2007,2
5/31/2007,2
6/1/2007,2
6/2/2007,2
6/3/2007,1
6/4/2007,1
6/5/2007,1
6/6/2007,1
6/7/2007,1
6/8/2007,1
6/9/2007,1
6/10/2007,1
6/11/2007,1
6/12/2007,1
6/13/2007,1
6/14/2007,1
6/15/2007,1
6/16/2007,1
6/17/2007,1
6/18/2007,1
6/19/2007,1
6/20/2007,1
6/21/2007,1
6/22/2007,1
6/23/2007,1
6/24/2007,1
6/25/2007,1
6/26/2007,1
6/27/2007,1
6/28/2007,1
6/29/2007,1
6/30/2007,1
7/1/2007,1
7/2/2007,1
7/3/2007,0
7/4/2007,0
7/5/2007,0
7/6/2007,0
7/7/2007,0
7/8/2007,0
7/9/2007,0
7/10/2007,0
7/11/2007,0
7/12/2007,0
7/13/2007,0
7/14/2007,0
7/15/2007,0
7/16/2007,0
7/17/2007,0
7/18/2007,0
7/19/2007,0
7/20/2007,0
7/21/2007,0
7/22/2007,0
7/23/2007,0
7/24/2007,0
7/25/2007,0
7/26/2007,0
7/27/2007,0
7/28/2007,0
7/29/2007,0
7/30/2007,0
7/31/2007,0
8/1/2007,0
8/2/2007,0
8/3/2007,0
8/4/2007,0
8/5/2007,0
8/6/2007,0
8/7/2007,0
8/8/2007,0
8/9/2007,0
8/10/2007,0
8/11/2007,0
8/12/2007,0
8/13/2007,0
8/14/2007,0
8/15/2007,0
8/16/2007,0
8/17/2007,0
8/18/2007,0
8/19/2007,0
8/20/2007,0
8/21/2007,0
8/22/2007,0
8/23/2007,0
8/24/2007,0
8/25/2007,0
8/26/2007,0
8/27/2007,0
8/28/2007,0
8/29/2007,0
8/30/2007,0
8/31/2007,0
9/1/2007,0
9/2/2007,0
9/3/2007,0
9/4/2007,0
9/5/2007,0
9/6/2007,0
9/7/2007,0
9/8/2007,0
9/9/2007,0
9/10/2007,0
9/11/2007,0
9/12/2007,0
9/13/2007,0
9/14/2007,0
9/15/2007,0
9/16/2007,0
9/17/2007,0
9/18/2007,1
9/19/2007,1
9/20/2007,1
9/21/2007,1
9/22/2007,1
9/23/2007,1
9/24/2007,1
9/25/2007,1
9/26/2007,1
9/27/2007,1
9/28/2007,1
9/29/2007,1
9/30/2007,1
10/1/2007,1
10/2/2007,1
10/3/2007,2
10/4/2007,2
10/5/2007,2
10/6/2007,2
10/7/2007,2
10/8/2007,2
10/9/2007,2
10/10/2007,2
10/11/2007,2
10/12/2007,2
10/13/2007,2
10/14/2007,2
10/15/2007,2
10/16/2007,2
10/17/2007,2
10/18/2007,2
10/19/2007,2
10/20/2007,2
10/21/2007,2
10/22/2007,2
10/23/2007,2
10/24/2007,2
10/25/2007,2
10/26/2007,2
10/27/2007,2
10/28/2007,2
10/29/2007,2
10/30/2007,2
10/31/2007,2
11/1/2007,2
11/2/2007,2
11/3/2007,2
11/4/2007,2
11/5/2007,2
11/6/2007,2
11/7/2007,2
11/8/2007,2
11/9/2007,2
11/10/2007,2
11/11/2007,2
11/12/2007,2
11/13/2007,2
11/14/2007,2
11/15/2007,2
11/16/2007,2
11/17/2007,2
11/18/2007,2
11/19/2007,2
11/20/2007,2
11/21/2007,2
11/22/2007,2
11/23/2007,2
11/24/2007,2
11/25/2007,2
11/26/2007,2
11/27/2007,2
11/28/2007,2
11/29/2007,2
11/30/2007,2
12/1/2007,2
12/2/2007,2
12/3/2007,2
12/4/2007,2
12/5/2007,2
12/6/2007,2
12/7/2007,2
12/8/2007,2
12/9/2007,2
12/10/2007,2
12/11/2007,2
12/12/2007,2
12/13/2007,2
12/14/2007,2
12/15/2007,2
12/16/2007,2
12/17/2007,2
12/18/2007,4
12/19/2007,4
12/20/2007,5
12/21/2007,2
12/22/2007,2
12/23/2007,2
12/24/2007,2
12/25/2007,2
12/26/2007,2
12/27/2007,2
12/28/2007,2
12/29/2007,2
12/30/2007,2
12/31/2007,2
1/1/2008,2
1/2/2008,2
1/3/2008,4
1/4/2008,16
1/5/2008,6
1/6/2008,4
1/7/2008,3
1/8/2008,5
1/9/2008,4
1/10/2008,5
1/11/2008,4
1/12/2008,3
1/13/2008,3
1/14/2008,2
1/15/2008,2
1/16/2008,2
1/17/2008,2
1/18/2008,2
1/19/2008,2
1/20/2008,2
1/21/2008,2
1/22/2008,2
1/23/2008,2
1/24/2008,2
1/25/2008,3
1/26/2008,9
1/27/2008,6
1/28/2008,5
1/29/2008,4
1/30/2008,3
1/31/2008,11
2/1/2008,7
2/2/2008,8
2/3/2008,11
2/4/2008,5
2/5/2008,4
2/6/2008,4
2/7/2008,3
2/8/2008,3
2/9/2008,3
2/10/2008,3
2/11/2008,3
2/12/2008,3
2/13/2008,3
2/14/2008,3
2/15/2008,2
2/16/2008,2
2/17/2008,2
2/18/2008,2
2/19/2008,2
2/20/2008,2
2/21/2008,3
2/22/2008,5
2/23/2008,6
2/24/2008,23
2/25/2008,11
2/26/2008,6
2/27/2008,5
2/28/2008,4
2/29/2008,4
3/1/2008,3
3/2/2008,3
3/3/2008,3
3/4/2008,3
3/5/2008,3
3/6/2008,3
3/7/2008,3
3/8/2008,3
3/9/2008,2
3/10/2008,2
3/11/2008,2
3/12/2008,2
3/13/2008,2
3/14/2008,2
3/15/2008,2
3/16/2008,2
3/17/2008,2
3/18/2008,2
3/19/2008,2
3/20/2008,2
3/21/2008,2
3/22/2008,2
3/23/2008,2
3/24/2008,2
3/25/2008,2
3/26/2008,2
3/27/2008,2
3/28/2008,2
3/29/2008,2
3/30/2008,2
3/31/2008,2
4/1/2008,2
4/2/2008,2
4/3/2008,2
4/4/2008,2
4/5/2008,2
4/6/2008,2
4/7/2008,2
4/8/2008,2
4/9/2008,2
4/10/2008,2
4/11/2008,2
4/12/2008,2
4/13/2008,2
4/14/2008,2
4/15/2008,2
4/16/2008,2
4/17/2008,2
4/18/2008,2
4/19/2008,2
4/20/2008,2
4/21/2008,2
4/22/2008,2
4/23/2008,2
4/24/2008,2
4/25/2008,2
4/26/2008,2
4/27/2008,2
4/28/2008,2
4/29/2008,2
4/30/2008,2
5/1/2008,2
5/2/2008,2
5/3/2008,2
5/4/2008,2
5/5/2008,2
5/6/2008,2
5/7/2008,2
5/8/2008,2
5/9/2008,2
5/10/2008,2
5/11/2008,2
5/12/2008,2
5/13/2008,2
5/14/2008,2
5/15/2008,2
5/16/2008,2
5/17/2008,2
5/18/2008,2
5/19/2008,2
5/20/2008,2
5/21/2008,2
5/22/2008,2
5/23/2008,2
5/24/2008,2
5/25/2008,2
5/26/2008,2
5/27/2008,2
5/28/2008,2
5/29/2008,2
5/30/2008,2
5/31/2008,2
6/1/2008,2
6/2/2008,2
6/3/2008,2
6/4/2008,2
6/5/2008,2
6/6/2008,2
6/7/2008,2
6/8/2008,2
6/9/2008,2
6/10/2008,2
6/11/2008,2
6/12/2008,2
6/13/2008,2
6/14/2008,2
6/15/2008,2
6/16/2008,2
6/17/2008,2
6/18/2008,2
6/19/2008,2
6/20/2008,1
6/21/2008,1
6/22/2008,1
6/23/2008,1
6/24/2008,1
6/25/2008,1
6/26/2008,1
6/27/2008,1
6/28/2008,1
6/29/2008,1
6/30/2008,1
7/1/2008,1
7/2/2008,1
7/3/2008,1
7/4/2008,1
7/5/2008,1
7/6/2008,1
7/7/2008,1
7/8/2008,2
7/9/2008,1
7/10/2008,1
7/11/2008,0
7/12/2008,0
7/13/2008,0
7/14/2008,0
7/15/2008,0
7/16/2008,0
7/17/2008,0
7/18/2008,0
7/19/2008,0
7/20/2008,0
7/21/2008,0
7/22/2008,0
7/23/2008,0
7/24/2008,0
7/25/2008,0
7/26/2008,0
7/27/2008,0
7/28/2008,0
7/29/2008,0
7/30/2008,0
7/31/2008,0
8/1/2008,0
8/2/2008,0
8/3/2008,0
8/4/2008,0
8/5/2008,0
8/6/2008,0
8/7/2008,0
8/8/2008,0
8/9/2008,0
8/10/2008,0
8/11/2008,0
8/12/2008,0
8/13/2008,0
8/14/2008,0
8/15/2008,0
8/16/2008,0
8/17/2008,0
8/18/2008,0
8/19/2008,0
8/20/2008,0
8/21/2008,0
8/22/2008,0
8/23/2008,0
8/24/2008,0
8/25/2008,0
8/26/2008,0
8/27/2008,0
8/28/2008,0
8/29/2008,0
8/30/2008,0
8/31/2008,0
9/1/2008,0
9/2/2008,0
9/3/2008,0
9/4/2008,0
9/5/2008,0
9/6/2008,0
9/7/2008,0
9/8/2008,0
9/9/2008,0
9/10/2008,0
9/11/2008,0
9/12/2008,0
9/13/2008,0
9/14/2008,0
9/15/2008,0
9/16/2008,1
9/17/2008,1
9/18/2008,1
9/19/2008,1
9/20/2008,1
9/21/2008,1
9/22/2008,1
9/23/2008,1
9/24/2008,1
9/25/2008,1
9/26/2008,1
9/27/2008,1
9/28/2008,1
9/29/2008,1
9/30/2008,1
10/1/2008,1
10/2/2008,1
10/3/2008,2
10/4/2008,3
10/5/2008,2
10/6/2008,2
10/7/2008,2
10/8/2008,2
10/9/2008,2
10/10/2008,2
10/11/2008,2
10/12/2008,2
10/13/2008,1
10/14/2008,1
10/15/2008,1
10/16/2008,1
10/17/2008,1
10/18/2008,1
10/19/2008,1
10/20/2008,1
10/21/2008,1
10/22/2008,1
10/23/2008,1
10/24/2008,1
10/25/2008,1
10/26/2008,1
10/27/2008,1
10/28/2008,1
10/29/2008,1
10/30/2008,1
10/31/2008,2
11/1/2008,3
11/2/2008,2
11/3/2008,3
11/4/2008,2
11/5/2008,2
11/6/2008,2
11/7/2008,2
11/8/2008,2
11/9/2008,2
11/10/2008,2
11/11/2008,1
11/12/2008,1
11/13/2008,8
11/14/2008,6
11/15/2008,1
11/16/2008,1
11/17/2008,1
11/18/2008,1
11/19/2008,1
11/20/2008,1
11/21/2008,1
11/22/2008,1
11/23/2008,1
11/24/2008,1
11/25/2008,1
11/26/2008,1
11/27/2008,1
11/28/2008,1
11/29/2008,1
11/30/2008,1
12/1/2008,1
12/2/2008,1
12/3/2008,1
12/4/2008,1
12/5/2008,1
12/6/2008,1
12/7/2008,1
12/8/2008,1
12/9/2008,1
12/10/2008,1
12/11/2008,1
12/12/2008,1
12/13/2008,1
12/14/2008,1
12/15/2008,1
12/16/2008,2
12/17/2008,2
12/18/2008,2
12/19/2008,2
12/20/2008,2
12/21/2008,2
12/22/2008,2
12/23/2008,2
12/24/2008,2
12/25/2008,2
12/26/2008,2
12/27/2008,2
12/28/2008,2
12/29/2008,2
12/30/2008,2
12/31/2008,2
1/1/2009,2
1/2/2009,2
1/3/2009,2
1/4/2009,2
1/5/2009,2
1/6/2009,2
1/7/2009,2
1/8/2009,2
1/9/2009,2
1/10/2009,2
1/11/2009,2
1/12/2009,2
1/13/2009,2
1/14/2009,2
1/15/2009,2
1/16/2009,2
1/17/2009,2
1/18/2009,2
1/19/2009,2
1/20/2009,2
1/21/2009,2
1/22/2009,2
1/23/2009,2
1/24/2009,2
1/25/2009,2
1/26/2009,2
1/27/2009,2
1/28/2009,2
1/29/2009,2
1/30/2009,2
1/31/2009,2
2/1/2009,2
2/2/2009,2
2/3/2009,2
2/4/2009,2
2/5/2009,2
2/6/2009,3
2/7/2009,2
2/8/2009,2
2/9/2009,2
2/10/2009,2
2/11/2009,3
2/12/2009,3
2/13/2009,4
2/14/2009,4
2/15/2009,11
2/16/2009,12
2/17/2009,8
2/18/2009,5
2/19/2009,4
2/20/2009,3
2/21/2009,3
2/22/2009,14
2/23/2009,20
2/24/2009,13
2/25/2009,6
2/26/2009,5
2/27/2009,4
2/28/2009,3
3/1/2009,9
3/2/2009,14
3/3/2009,8
3/4/2009,6
3/5/2009,5
3/6/2009,4
3/7/2009,4
3/8/2009,3
3/9/2009,3
3/10/2009,3
3/11/2009,3
3/12/2009,3
3/13/2009,3
3/14/2009,3
3/15/2009,3
3/16/2009,10
3/17/2009,7
3/18/2009,5
3/19/2009,4
3/20/2009,4
3/21/2009,4
3/22/2009,3
3/23/2009,3
3/24/2009,3
3/25/2009,3
3/26/2009,3
3/27/2009,3
3/28/2009,3
3/29/2009,3
3/30/2009,3
3/31/2009,3
4/1/2009,3
4/2/2009,3
4/3/2009,2
4/4/2009,2
4/5/2009,2
4/6/2009,2
4/7/2009,2
4/8/2009,3
4/9/2009,4
4/10/2009,5
4/11/2009,3
4/12/2009,3
4/13/2009,3
4/14/2009,3
4/15/2009,3
4/16/2009,2
4/17/2009,2
4/18/2009,2
4/19/2009,2
4/20/2009,2
4/21/2009,2
4/22/2009,2
4/23/2009,2
4/24/2009,2
4/25/2009,2
4/26/2009,2
4/27/2009,2
4/28/2009,2
4/29/2009,2
4/30/2009,2
5/1/2009,2
5/2/2009,5
5/3/2009,13
5/4/2009,10
5/5/2009,15
5/6/2009,8
5/7/2009,6
5/8/2009,5
5/9/2009,4
5/10/2009,4
5/11/2009,4
5/12/2009,3
5/13/2009,3
5/14/2009,3
5/15/2009,3
5/16/2009,3
5/17/2009,3
5/18/2009,3
5/19/2009,3
5/20/2009,2
5/21/2009,3
5/22/2009,3
5/23/2009,3
5/24/2009,2
5/25/2009,2
5/26/2009,2
5/27/2009,2
5/28/2009,2
5/29/2009,2
5/30/2009,2
5/31/2009,2
6/1/2009,2
6/2/2009,2
6/3/2009,1
6/4/2009,1
6/5/2009,1
6/6/2009,1
6/7/2009,1
6/8/2009,1
6/9/2009,1
6/10/2009,1
6/11/2009,1
6/12/2009,1
6/13/2009,1
6/14/2009,1
6/15/2009,1
6/16/2009,1
6/17/2009,1
6/18/2009,1
6/19/2009,1
6/20/2009,1
6/21/2009,1
6/22/2009,1
6/23/2009,1
6/24/2009,1
6/25/2009,0
6/26/2009,0
6/27/2009,0
6/28/2009,0
6/29/2009,1
6/30/2009,1
7/1/2009,1
7/2/2009,0
7/3/2009,0
7/4/2009,0
7/5/2009,0
7/6/2009,0
7/7/2009,0
7/8/2009,0
7/9/2009,0
7/10/2009,0
7/11/2009,0
7/12/2009,0
7/13/2009,0
7/14/2009,0
7/15/2009,0
7/16/2009,0
7/17/2009,0
7/18/2009,0
7/19/2009,0
7/20/2009,0
7/21/2009,0
7/22/2009,0
7/23/2009,0
7/24/2009,0
7/25/2009,0
7/26/2009,0
7/27/2009,0
7/28/2009,0
7/29/2009,0
7/30/2009,0
7/31/2009,0
8/1/2009,0
8/2/2009,0
8/3/2009,0
8/4/2009,0
8/5/2009,0
8/6/2009,0
8/7/2009,0
8/8/2009,0
8/9/2009,0
8/10/2009,0
8/11/2009,0
8/12/2009,0
8/13/2009,0
8/14/2009,0
8/15/2009,0
8/16/2009,0
8/17/2009,0
8/18/2009,0
8/19/2009,0
8/20/2009,0
8/21/2009,0
8/22/2009,0
8/23/2009,0
8/24/2009,0
8/25/2009,0
8/26/2009,0
8/27/2009,0
8/28/2009,0
8/29/2009,0
8/30/2009,0
8/31/2009,0
9/1/2009,0
9/2/2009,0
9/3/2009,0
9/4/2009,0
9/5/2009,0
9/6/2009,0
9/7/2009,0
9/8/2009,0
9/9/2009,0
9/10/2009,0
9/11/2009,0
9/12/2009,0
9/13/2009,0
9/14/2009,0
9/15/2009,1
9/16/2009,1
9/17/2009,2
9/18/2009,2
9/19/2009,3
9/20/2009,3
9/21/2009,3
9/22/2009,3
9/23/2009,3
9/24/2009,3
9/25/2009,3
9/26/2009,3
9/27/2009,3
9/28/2009,3
9/29/2009,3
9/30/2009,3
10/1/2009,3
10/2/2009,3
10/3/2009,3
10/4/2009,3
10/5/2009,3
10/6/2009,3
10/7/2009,3
10/8/2009,3
10/9/2009,3
10/10/2009,3
10/11/2009,3
10/12/2009,3
10/13/2009,4
10/14/2009,7
10/15/2009,3
10/16/2009,3
10/17/2009,3
10/18/2009,4
10/19/2009,5
10/20/2009,3
10/21/2009,2
10/22/2009,2
10/23/2009,2
10/24/2009,2
10/25/2009,2
10/26/2009,2
10/27/2009,2
10/28/2009,2
10/29/2009,2
10/30/2009,2
10/31/2009,2
11/1/2009,2
11/2/2009,2
11/3/2009,2
11/4/2009,2
11/5/2009,2
11/6/2009,2
11/7/2009,2
11/8/2009,2
11/9/2009,2
11/10/2009,2
11/11/2009,2
11/12/2009,2
11/13/2009,2
11/14/2009,2
11/15/2009,2
11/16/2009,2
11/17/2009,2
11/18/2009,2
11/19/2009,2
11/20/2009,2
11/21/2009,2
11/22/2009,2
11/23/2009,2
11/24/2009,2
11/25/2009,2
11/26/2009,2
11/27/2009,2
11/28/2009,2
11/29/2009,2
11/30/2009,2
12/1/2009,2
12/2/2009,2
12/3/2009,2
12/4/2009,2
12/5/2009,2
12/6/2009,2
12/7/2009,2
12/8/2009,2
12/9/2009,2
12/10/2009,2
12/11/2009,2
12/12/2009,2
12/13/2009,2
12/14/2009,2
12/15/2009,4
12/16/2009,8
12/17/2009,3
12/18/2009,2
12/19/2009,2
12/20/2009,2
12/21/2009,3
12/22/2009,2
